STATION CODE,STATE,TEMPERATURE_Min,TEMPERATURE_Max,pH_Min,PH_Max,CONDUCTIVITY_Min,CONDUCTIVITY_Max,BOD_Min,BOD_Max,NITRATE_NITRATE_Min,NITRATE_NITRATE_Max,FECALCOLIFORM_Min,FECALCOLIFORM_Max,TOTALCOLIFORM_Min,TOTALCOLIFORM_Max,FAECAL_STREPTOCOCCI_Min,FAECAL_STREPTOCOCCI_Max
26,ANDHRA PRADESH,25.0,26.0,3.9,4.8,7.8,7.9,1814,1841,0.8,1.4,0.48,3.43,2,3,39,400
1513,ANDHRA PRADESH,26.0,26.0,3.8,4.5,7.4,7.7,1796,1873,0.8,1.4,0.74,3.81,2,3,64,800
1514,ANDHRA PRADESH,25.0,26.0,4.8,5.1,7.4,7.7,1561,1875,1.2,4.1,0.83,0.85,2,3,21,400
1516,ANDHRA PRADESH,19.0,19.0,3.8,3.9,7.8,8.1,890,1566,1.2,1.2,1.50,1.66,2,3,21,400
1517,ANDHRA PRADESH,22.0,22.0,4.5,4.5,7.5,7.5,5010,5010,0.8,0.8,4.00,4.00,2,2,2,2
1518,ANDHRA PRADESH,21.0,23.0,4.6,5.7,6.8,7.2,6620,7410,0.7,0.8,2.10,3.96,2,2,2,2
1519,ANDHRA PRADESH,29.0,30.0,4.2,4.8,6.6,7.0,1820,2160,0.5,1.0,1.70,2.90,2,2,2,2
1520,ANDHRA PRADESH,29.0,30.0,4.4,5.3,6.7,7.4,789,830,0.5,0.8,1.20,2.14,2,2,2,2
1521,ANDHRA PRADESH,28.0,28.0,4.5,5.6,7.4,8.5,2229,2295,1.2,1.5,10.81,16.35,11,21,150,240
1522,ANDHRA PRADESH,27.0,27.0,4.0,4.5,7.0,8.3,597,2669,1.0,1.4,0.38,10.47,9,11,93,150
1523,ANDHRA PRADESH,29.0,31.0,4.2,5.2,7.4,7.4,289,326,0.8,1.7,0.09,0.28,3,4,28,45
1524,ANDHRA PRADESH,27.0,30.0,5.6,5.8,7.6,7.8,1089,2641,1.1,1.3,1.17,2.27,7,9,93,120
3087,ANDHRA PRADESH,26.0,28.0,4.1,4.5,7.5,7.8,2093,2152,0.8,1.0,2.74,2.80,2,3,75,800
3089,ANDHRA PRADESH,28.0,28.0,4.0,5.0,7.6,8.7,982,2359,2.0,2.0,9.98,10.84,11,15,21,150
3090,ANDHRA PRADESH,27.0,28.0,3.3,5.8,7.1,7.6,3543,4652,0.3,1.6,11.27,23.85,9,15,23,150
3091,ANDHRA PRADESH,27.0,28.0,5.4,5.5,7.4,7.5,1997,2849,1.3,1.9,5.09,5.22,7,9,93,240
3092,ANDHRA PRADESH,26.0,27.0,4.5,4.8,7.3,8.4,1059,1200,0.5,1.3,8.14,10.53,7,15,63,150
3093,ANDHRA PRADESH,28.0,29.0,4.7,5.0,7.8,8.2,1274,1876,0.8,2.6,10.41,20.06,7,11,110,110
4350,ANDHRA PRADESH,26.0,26.0,6.0,6.3,7.0,7.9,967,1291,0.6,1.7,10.50,11.22,7,7,63,63
4353,ANDHRA PRADESH,25.0,25.0,6.1,6.1,7.5,7.5,2457,2457,1.0,1.0,10.96,10.96,4,4,63,63
4354,ANDHRA PRADESH,25.0,25.0,6.8,6.8,7.9,7.9,13150,13150,2.3,2.3,5.30,5.30,9,9,39,39
4355,ANDHRA PRADESH,26.0,26.0,7.2,7.2,7.5,7.5,314,314,1.1,1.1,9.97,9.97,15,15,75,75
4360,ANDHRA PRADESH,25.0,25.0,5.1,5.1,7.1,7.1,1560,1560,1.2,1.2,8.94,8.94,4,4,93,93
4364,ANDHRA PRADESH,27.0,27.0,4.9,4.9,7.3,7.3,892,892,1.5,1.5,7.65,7.65,4,4,69,69
4376,ANDHRA PRADESH,25.0,29.0,4.0,4.2,7.6,7.9,2990,3082,1.2,1.2,3.22,3.84,2,3,400,460
4377,ANDHRA PRADESH,26.0,26.0,3.9,4.2,7.9,8.5,1770,5590,0.8,0.8,2.84,4.02,2,3,23,800
4380,ANDHRA PRADESH,21.0,22.0,4.3,4.5,7.1,7.5,782,972,0.8,0.8,3.60,4.97,2,3,28,220
4382,ANDHRA PRADESH,21.0,21.0,4.4,4.4,7.5,7.5,3800,3800,0.8,0.8,6.00,6.00,3,3,15,15
4384,ANDHRA PRADESH,24.0,30.0,4.2,4.6,7.4,8.2,6320,10000,0.8,1.8,5.40,9.20,2,3,120,380
4392,ANDHRA PRADESH,28.0,36.0,4.8,5.3,6.5,6.9,1230,1280,0.5,0.5,1.13,3.60,2,2,2,2
4393,ANDHRA PRADESH,24.0,26.0,3.6,4.2,7.2,7.4,2870,3230,0.7,2.6,3.60,9.50,2,2,2,2
4394,ANDHRA PRADESH,25.0,26.0,4.2,4.4,6.4,7.0,2370,3470,0.5,1.5,2.10,19.60,2,2,2,2
4395,ANDHRA PRADESH,21.0,25.0,4.2,4.4,6.7,7.2,2240,2820,0.7,0.7,1.90,2.70,2,2,2,2
1533,ASSAM,19.0,26.0,0.0,0.0,6.5,6.8,145,452,1.7,2.6,0.80,0.80,2,2,2,2
1534,ASSAM,21.0,26.0,0.0,0.0,6.6,7.0,60,97,1.6,3.8,1.00,1.10,2,2,2,2
1535,ASSAM,23.0,25.0,0.0,0.0,7.1,7.6,213,290,1.8,2.8,1.00,1.20,2,2,2,2
1536,ASSAM,24.0,30.0,0.0,0.0,7.2,7.9,233,296,1.0,2.0,0.70,1.00,2,2,2,2
1537,ASSAM,25.0,25.0,0.0,0.0,7.0,7.5,130,237,1.1,2.3,1.20,3.20,2,2,2,2
1538,ASSAM,23.0,24.0,0.0,0.0,6.3,6.4,96,116,1.2,2.0,1.00,1.70,2,2,2,2
1539,ASSAM,26.0,27.0,0.0,0.0,7.2,7.5,278,578,1.3,1.6,0.70,0.70,2,2,2,2
1540,ASSAM,26.0,28.0,0.0,0.0,7.2,7.3,104,110,1.4,1.8,1.10,1.20,2,2,2,2
1541,ASSAM,22.0,29.0,0.0,0.0,7.1,7.2,187,445,1.2,1.2,0.50,2.80,2,2,2,2
1542,ASSAM,25.0,26.0,0.0,0.0,7.0,7.1,44,49,1.5,2.6,0.70,1.00,2,2,2,2
2243,ASSAM,18.0,26.0,0.0,0.0,5.4,6.6,214,221,1.8,2.7,0.70,0.90,2,2,2,2
2244,ASSAM,25.0,30.0,0.0,0.0,7.3,7.6,245,283,0.8,2.0,1.00,2.00,2,2,2,2
2245,ASSAM,24.0,27.0,0.0,0.0,5.4,6.6,116,140,1.3,4.2,1.00,1.00,2,2,2,2
2246,ASSAM,18.0,24.0,0.0,0.0,7.0,7.2,109,144,1.1,2.1,0.70,1.00,2,2,2,2
2247,ASSAM,18.0,24.0,0.0,0.0,6.8,6.9,23,191,1.2,1.8,0.80,1.00,2,2,2,2
2248,ASSAM,28.0,30.0,0.0,0.0,7.0,7.1,135,140,1.5,3.4,0.70,0.80,2,2,2,2
2249,ASSAM,26.0,27.0,0.0,0.0,6.7,7.2,137,268,1.0,2.0,0.30,0.70,2,2,2,2
2250,ASSAM,24.0,29.0,0.0,0.0,7.1,7.3,164,364,1.3,1.9,1.00,1.30,2,2,2,2
2251,ASSAM,27.0,29.0,0.0,0.0,6.3,6.3,40,919,1.3,4.0,0.70,1.60,2,2,2,2
2252,ASSAM,25.0,26.0,0.0,0.0,6.9,7.2,162,170,2.0,3.8,0.60,0.90,2,2,2,2
2253,ASSAM,26.0,29.0,0.0,0.0,6.8,7.8,171,301,1.2,4.2,0.60,1.10,2,2,2,2
2254,ASSAM,28.0,28.0,0.0,0.0,7.0,7.6,264,364,1.3,1.4,0.80,0.90,2,2,2,2
2255,ASSAM,23.0,28.0,0.0,0.0,7.2,7.3,96,99,1.1,3.0,0.80,0.90,2,2,2,2
2256,ASSAM,26.0,29.0,0.0,0.0,6.5,7.1,168,268,1.1,1.2,1.00,1.10,2,2,2,2
2257,ASSAM,28.0,30.0,0.0,0.0,7.0,7.0,180,280,1.3,1.7,1.00,1.00,2,2,2,2
2258,ASSAM,25.0,29.0,0.0,0.0,7.0,7.7,201,299,1.3,2.0,1.00,1.20,2,2,2,2
2259,ASSAM,20.0,27.0,0.0,6.5,7.2,8.1,56,739,1.2,4.0,1.10,2.00,2,730,2,2000
2260,ASSAM,23.0,24.0,0.0,0.0,5.8,6.2,90,152,1.0,1.6,0.80,1.60,2,2,2,2
2261,ASSAM,20.0,21.0,0.0,0.0,6.7,7.2,116,126,1.2,1.3,0.80,0.80,2,2,2,2
2262,ASSAM,23.0,23.0,0.0,0.0,6.1,7.2,102,112,1.4,1.9,0.70,0.80,2,2,2,2
2263,ASSAM,23.0,24.0,0.0,0.0,6.4,6.4,186,196,1.2,1.3,0.70,0.90,2,2,2,2
2264,ASSAM,23.0,24.0,0.0,0.0,6.3,6.4,142,148,1.3,4.2,1.00,1.30,2,2,2,2
3761,ASSAM,28.0,32.0,0.0,0.0,7.0,7.3,149,151,1.3,2.4,0.50,0.70,2,2,2,2
3762,ASSAM,26.0,28.0,0.0,0.0,7.1,7.7,42,345,1.2,1.4,0.50,0.70,2,2,2,2
3766,ASSAM,26.0,27.0,0.0,0.0,6.8,7.5,68,503,1.1,1.1,0.80,0.80,2,2,2,2
3770,ASSAM,25.0,28.0,0.0,0.0,7.1,7.5,235,237,1.6,2.4,2.20,2.30,2,2,2,2
3771,ASSAM,24.0,28.0,0.0,0.0,7.3,7.7,276,285,2.0,2.2,1.60,3.20,2,2,2,2
3779,ASSAM,24.0,27.0,0.0,0.0,6.9,7.6,207,210,0.7,1.1,1.90,2.00,2,2,2,2
3790,ASSAM,18.0,18.0,0.0,0.0,8.1,8.1,202,202,2.3,2.3,1.00,1.00,2,2,2,2
3793,ASSAM,26.0,26.0,0.0,0.0,6.7,6.8,150,452,1.4,2.4,0.70,0.80,2,2,2,2
3794,ASSAM,24.0,26.0,0.0,0.0,6.9,7.2,53,149,1.0,2.9,0.50,0.60,2,2,2,2
3795,ASSAM,24.0,26.0,0.0,0.0,7.2,7.4,46,53,1.2,2.9,0.60,0.70,2,2,2,2
3801,ASSAM,23.0,24.0,0.0,0.0,6.4,6.6,322,336,1.5,2.8,1.20,1.30,2,2,2,2
3802,ASSAM,23.0,24.0,0.0,0.0,6.7,6.8,310,316,2.0,2.6,1.00,1.40,2,2,2,2
3805,ASSAM,23.0,23.0,0.0,0.0,6.1,6.5,136,138,2.0,2.6,1.00,1.10,2,2,2,2
3813,ASSAM,22.0,30.0,0.0,0.0,7.1,7.2,241,441,1.3,3.5,1.00,1.00,2,300,2,2
3815,ASSAM,25.0,27.0,0.0,0.0,6.8,7.5,61,534,1.1,1.5,0.80,1.00,2,2,2,2
3816,ASSAM,24.0,26.0,0.0,0.0,6.9,7.5,60,527,1.8,1.9,0.80,1.00,2,2,2,2
3817,ASSAM,24.0,25.0,0.0,0.0,7.1,7.9,195,404,1.2,1.3,0.80,1.00,2,2,2,2
3818,ASSAM,25.0,26.0,0.0,0.0,7.2,7.3,55,289,1.0,1.6,1.20,1.40,2,2,2,2
4001,ASSAM,25.0,27.0,0.0,0.0,7.5,7.9,34,318,1.3,2.8,0.90,1.20,2,2,2,2
4002,ASSAM,25.0,26.0,0.0,0.0,6.8,7.3,35,193,1.6,2.7,0.70,1.10,2,2,2,2
4003,ASSAM,26.0,26.0,0.0,0.0,7.2,7.2,86,86,1.7,1.7,0.80,0.80,2,2,2,2
4007,ASSAM,24.0,24.0,0.0,0.0,7.2,7.2,269,269,0.9,0.9,3.70,3.70,2,2,2,2
4008,ASSAM,24.0,24.0,0.0,0.0,7.5,7.5,203,203,1.7,1.7,1.80,1.80,2,2,2,2
4303,ASSAM,24.0,27.0,0.0,0.0,7.7,7.8,34,317,1.2,2.5,0.80,1.50,2,2,2,2
4327,ASSAM,28.0,28.0,0.0,0.0,6.9,6.9,404,404,2.8,2.8,0.80,0.80,2,2,2,2
4328,ASSAM,27.0,27.0,0.0,0.0,6.5,6.5,207,207,1.5,1.5,0.80,0.80,2,2,2,2
4330,ASSAM,24.0,24.0,0.0,0.0,6.5,6.5,102,102,1.2,1.2,0.60,0.60,2,2,2,2
4333,ASSAM,28.0,28.0,0.0,0.0,7.4,7.4,240,240,1.2,1.2,0.50,0.50,2,2,2,2
4335,ASSAM,27.0,27.0,0.0,0.0,7.0,7.0,144,144,1.6,1.6,0.30,0.30,2,2,2,2
4338,ASSAM,25.0,25.0,0.0,0.0,7.3,7.3,148,148,1.0,1.0,0.40,0.40,2,2,2,2
4339,ASSAM,32.0,32.0,0.0,0.0,7.3,7.3,88,88,1.5,1.5,0.80,0.80,2,2,2,2
4340,ASSAM,30.0,30.0,0.0,0.0,7.3,7.3,306,306,1.2,1.2,0.70,0.70,2,2,2,2
1825,BIHAR,26.0,32.0,,,7.3,7.4,527,694,,,0.01,0.48,2,2,2,2
1826,BIHAR,25.0,30.0,,,7.2,7.4,478,573,,,0.01,0.49,2,1600,2,1600
1827,BIHAR,26.0,27.0,,,7.1,7.4,517,667,,,0.34,0.67,2,2,2,2
1828,BIHAR,26.0,27.0,,,7.1,7.4,544,693,,,0.13,0.64,2,11,2,22
1829,BIHAR,26.0,27.0,,,7.2,7.3,520,528,,,0.03,0.10,2,33,2,33
1830,BIHAR,27.0,27.0,,,7.7,7.7,651,651,,,0.57,0.57,23,23,33,33
1831,BIHAR,27.0,27.0,,,7.6,7.6,641,641,,,0.77,0.77,,,2,2
1832,BIHAR,28.0,28.0,,,7.5,7.5,673,673,,,0.10,0.10,,,,
1833,BIHAR,19.0,19.0,,,7.4,7.4,667,667,,,0.06,0.06,,,,
1834,BIHAR,27.0,27.0,,,7.4,7.4,682,682,,,0.03,0.03,,,,
1835,BIHAR,27.0,27.0,,,7.1,7.1,337,337,,,0.23,0.23,49,49,140,140
1836,BIHAR,15.0,15.0,,,7.4,7.4,882,882,,,0.72,0.72,280,280,1600,1600
1837,BIHAR,15.0,15.0,,,7.2,7.2,370,370,,,0.11,0.11,11,11,11,11
1838,BIHAR,21.0,21.0,,,7.4,7.4,1480,1480,,,0.40,0.40,920,920,1600,1600
1839,BIHAR,18.0,18.0,,,7.3,7.3,1810,1810,,,6.93,6.93,,,,
1840,BIHAR,16.0,16.0,,,7.4,7.4,740,740,,,0.08,0.08,13,13,33,33
2594,BIHAR,30.0,30.0,,,7.1,7.1,314,314,,,0.03,0.03,,,,
2595,BIHAR,32.0,32.0,,,7.9,7.9,1240,1240,,,0.23,0.23,,,,
2596,BIHAR,27.0,27.0,,,8.0,8.0,361,361,,,0.02,0.02,,,,
2598,BIHAR,25.0,25.0,,,7.6,7.6,1560,1560,,,0.27,0.27,79,79,1600,1600
2599,BIHAR,25.0,25.0,,,7.6,7.6,1540,1540,,,0.08,0.08,140,140,1600,1600
2600,BIHAR,26.0,26.0,,,7.2,7.2,1060,1060,,,1.77,1.77,1600,1600,1600,1600
3140,BIHAR,25.0,25.0,,,8.0,8.0,442,442,,,,,1600,1600,1600,1600
3142,BIHAR,24.0,24.0,,,7.9,7.9,696,696,,,0.27,0.27,,,,
3143,BIHAR,27.0,27.0,,,7.6,7.6,584,584,,,0.01,0.01,,,,
3144,BIHAR,22.0,22.0,,,7.2,7.2,1090,1090,,,0.49,0.49,350,350,1600,1600
3147,BIHAR,21.0,21.0,,,7.5,7.5,596,596,,,0.23,0.23,280,280,1600,1600
3148,BIHAR,16.0,16.0,,,7.3,7.3,1120,1120,,,0.50,0.50,540,540,1600,1600
3149,BIHAR,25.0,25.0,,,7.6,7.6,1090,1090,,,0.98,0.98,,,,
3150,BIHAR,21.0,21.0,,,7.5,7.5,1120,1120,,,0.29,0.29,,,,
3151,BIHAR,24.0,24.0,,,7.4,7.4,1940,1940,,,0.44,0.44,1600,1600,1600,1600
3152,BIHAR,27.0,27.0,,,7.8,7.8,303,303,,,0.01,0.01,26,26,33,33
3153,BIHAR,23.0,23.0,,,8.0,8.0,519,519,,,0.55,0.55,,,,
3155,BIHAR,24.0,24.0,,,7.5,7.5,509,509,,,0.00,0.00,,,,
3156,BIHAR,32.0,32.0,,,7.9,7.9,1690,1690,,,,,,,,
3157,BIHAR,16.0,16.0,,,7.1,7.1,1480,1480,,,0.22,0.22,220,220,920,920
3159,BIHAR,24.0,24.0,,,7.3,7.3,2150,2150,,,0.24,0.24,39,39,1600,1600
3160,BIHAR,25.0,25.0,,,8.0,8.0,362,362,,,0.06,0.06,,,,
3162,BIHAR,26.0,26.0,,,7.4,7.4,861,861,,,0.06,0.06,,,,
2039,CHANDIGARH,22.0,24.0,,,7.4,7.4,759,1403,0.9,2.2,3.30,4.30,,,,
2040,CHANDIGARH,21.5,24.5,,,7.2,7.3,639,666,1.8,2.1,1.90,3.50,,,,
2041,CHANDIGARH,22.0,25.0,BDL,BDL,7.2,7.2,913,1009,BDL,1.1,4.30,8.90,2,2,2,2
2042,CHANDIGARH,22.0,24.5,BDL,BDL,7.1,7.2,732,751,BDL,2.0,3.50,4.30,2,2,2,2
2043,CHANDIGARH,22.0,24.0,BDL,BDL,7.4,7.4,1156,1187,1.4,1.8,1.00,1.00,2,2,2,2
2044,CHANDIGARH,22.0,24.0,BDL,BDL,7.2,7.4,635,788,BDL,0.9,2.30,3.90,2,2,2,2
2045,CHANDIGARH,21.5,24.0,BDL,BDL,7.3,7.4,842,865,1.3,1.6,0.50,4.20,2,2,2,2
1621,CHHATTISGARH,23.0,25.0,2.2,2.3,7.7,7.8,256,378,,,,,,,,
1622,CHHATTISGARH,29.0,34.0,0.1,0.2,7.5,7.6,364,448,0.0,0.0,0.15,0.30,,,2,2
1623,CHHATTISGARH,30.0,30.0,0.2,0.2,7.7,7.7,481,481,0.1,0.1,0.15,0.15,,,,
3171,CHHATTISGARH,22.0,28.0,6.2,7.4,7.4,7.5,,,0.8,0.9,,,2,3,2,8
3172,CHHATTISGARH,25.9,26.0,,,7.1,7.1,,,,,,,20,20,20,20
3173,CHHATTISGARH,25.9,26.2,,,7.1,7.1,,,,,,,20,20,20,20
3174,CHHATTISGARH,26.1,26.3,,,7.1,7.2,,,,,,,20,20,20,20
3477,DELHI,,,,,7.1,7.1,3390,3810,,,2.40,71.90,2,210,4,2400
3479,DELHI,,,,,6.9,7.0,1384,3060,,,23.22,362.01,18,26000,220,47000
3480,DELHI,,,,,7.1,7.1,1001,1040,,,11.30,11.30,2,2,2,2
3483,DELHI,,,,,6.9,7.2,1580,1820,,,4.81,4.90,2,230,2,2400
3485,DELHI,,,,,7.1,7.1,1410,2100,,,76.50,338.60,2,49,2,2
3488,DELHI,,,,,7.0,7.0,1750,2158,,,0.13,52.75,2,2,2,2
3489,DELHI,,,,,6.9,7.4,1440,2681,,,0.04,36.70,2,2,2,2
3490,DELHI,,,,,6.9,7.0,748,871,,,41.00,70.90,2,33,2,49
3492,DELHI,,,,,6.8,7.0,1980,2501,,,0.00,2.70,2,5,2,11
3493,DELHI,,,,,6.9,7.1,912,1649,,,0.04,29.13,2,2,2,2
3494,DELHI,,,,,7.4,7.6,810,825,,,9.52,12.50,2,2,2,5
3496,DELHI,,,,,7.0,7.0,939,1100,,,7.10,7.10,2,2,2,2
3498,DELHI,,,,,7.1,7.2,1010,1130,,,46.60,63.80,2,12,5,79
3500,DELHI,,,,,7.1,7.2,1420,1830,,,76.92,82.20,2,2,2,2
3503,DELHI,,,,,6.9,7.1,842,3270,,,19.30,19.30,2,2,2,240
3514,DELHI,,,,,6.8,6.8,4410,9690,,,0.01,229.04,2,7,2,33
3515,DELHI,,,,,6.5,6.5,1261,1261,,,,,18,18,270,270
3516,DELHI,,,,,7.1,7.3,1070,1766,,,0.04,3.92,2,2,2,13
3517,DELHI,,,,,7.1,7.7,294,2720,,,0.00,200.21,2,2,2,2
3518,DELHI,,,,,6.4,6.7,3670,14640,,,6.10,74.65,13,110,13,210
3520,DELHI,,,,,6.9,7.0,1140,1380,,,23.40,78.60,23,46,23,46
3523,DELHI,,,,,6.9,6.9,2830,3150,,,0.00,BDL,2,2,2,13
3524,DELHI,,,,,7.2,7.4,1230,8620,,,4.02,4.02,18,23,33,230
3525,DELHI,,,,,7.1,7.1,1442,1442,,,,,2,2,2,2
3526,DELHI,,,,,6.9,7.3,2470,7010,,,0.00,2.21,2,33,2,110
3527,DELHI,,,,,7.1,7.3,2162,3460,,,0.01,1.40,2,2,2,2
3528,DELHI,,,,,7.4,7.4,992,992,,,,,2,2,2,2
3529,DELHI,,,,,6.9,6.9,1406,1720,,,63.80,100.60,2,2,5,7
3530,DELHI,,,,,7.1,7.2,1327,1760,,,2.40,2.40,2,2,2,2
3531,DELHI,,,,,6.8,7.0,5690,6910,,,25.70,25.70,2,49,2,49
3532,DELHI,,,,,6.7,6.9,927,981,,,54.90,54.90,2,5,2,33
3533,DELHI,,,,,7.1,7.2,704,779,,,6.20,6.20,2,2,5,17
3534,DELHI,,,,,6.9,7.1,1470,1612,,,7.30,41.00,2,5,2,13
3535,DELHI,,,,,7.4,7.6,786,814,,,11.10,19.60,2,2,2,5
3536,DELHI,,,,,6.9,7.2,1180,1221,,,68.01,72.60,13,40,33,1700
3537,DELHI,,,,,7.1,7.1,1390,2659,,,0.00,24.20,2,17,2,17
3538,DELHI,,,,,7.2,7.4,1790,2140,,,14.40,70.50,240,350,240,920
3539,DELHI,,,,,7.4,7.4,870,1960,,,1.80,43.72,2,2,2,2
3540,DELHI,,,,,6.8,7.2,3760,5320,,,158.75,406.77,2,13000,5,49000
3541,DELHI,,,,,6.8,6.9,246,12250,,,21.69,30.90,2,2,2,2
3542,DELHI,,,,,6.8,7.1,1596,3400,,,58.80,58.80,2,2,4,33
3543,DELHI,,,,,7.1,7.5,1248,1660,,,0.00,3.30,2,2,2,2
3544,DELHI,,,,,7.1,7.3,964,5160,,,0.06,74.20,2,22,2,79
3545,DELHI,,,,,7.0,7.0,881,1342,,,5.30,19.50,2,2,5,8
3546,DELHI,,,,,6.9,6.9,760,1417,,,25.70,74.20,2,2,2,8
1440,"DAMAN AND DIU, DADRA
AND NAGAR HAVELI",29.0,32.0,5.3,6.4,7.5,7.8,578,834,BDL,BDL,4.10,7.70,2,2,2,2
2448,"DAMAN AND DIU, DADRA
AND NAGAR HAVELI",28.0,32.0,1.9,6.4,7.3,8.0,1010,1479,BDL,BDL,1.00,5.60,2,2,4,6
2449,"DAMAN AND DIU, DADRA
AND NAGAR HAVELI",29.0,33.0,1.1,2.9,7.3,8.1,866,1940,BDL,BDL,1.90,7.40,2,2,2,2
2450,"DAMAN AND DIU, DADRA
AND NAGAR HAVELI",28.0,32.0,1.3,3.9,7.2,7.9,528,763,BDL,BDL,2.00,3.30,2,2,2,2
2451,"DAMAN AND DIU, DADRA
AND NAGAR HAVELI",28.0,33.0,1.5,6.1,7.0,7.9,575,1050,BDL,BDL,2.80,3.60,2,2,2,2
2452,"DAMAN AND DIU, DADRA
AND NAGAR HAVELI",28.0,32.0,5.5,6.1,7.3,8.1,567,931,BDL,BDL,3.50,5.60,2,11,4,24
2453,"DAMAN AND DIU, DADRA
AND NAGAR HAVELI",29.0,32.0,3.1,5.8,6.4,6.9,388,838,BDL,BDL,2.40,5.90,2,7,2,10
2454,"DAMAN AND DIU, DADRA
AND NAGAR HAVELI",29.0,33.0,4.5,6.7,7.2,7.3,538,655,BDL,BDL,0.30,1.80,2,2,2,2
2455,"DAMAN AND DIU, DADRA
AND NAGAR HAVELI",28.0,32.0,2.2,4.3,7.0,7.1,1410,1775,BDL,BDL,1.10,2.70,2,2,2,4
2456,"DAMAN AND DIU, DADRA
AND NAGAR HAVELI",29.0,32.0,4.7,6.0,7.1,7.5,1860,3270,BDL,BDL,4.00,6.50,2,2,2,4
2457,"DAMAN AND DIU, DADRA
AND NAGAR HAVELI",28.0,33.0,2.7,5.2,7.0,7.5,489,1056,BDL,BDL,1.10,2.60,2,2,2,2
2458,"DAMAN AND DIU, DADRA
AND NAGAR HAVELI",28.0,33.0,2.1,5.7,6.9,7.5,3080,5010,BDL,BDL,1.40,3.50,2,2,2,2
2277,GOA,29.0,29.0,5.6,5.6,7.1,7.1,223,223,BDL,BDL,0.38,0.38,,,5,5
2278,GOA,29.0,29.0,6.4,6.4,7.1,7.1,68,68,BDL,BDL,0.78,0.78,,,2,2
2279,GOA,29.0,29.0,5.2,5.2,6.3,6.3,307,307,BDL,BDL,2.89,2.89,,,2,2
2280,GOA,,,6.5,6.5,6.5,6.5,238,238,BDL,BDL,0.10,0.10,,,8,8
2281,GOA,,,7.0,7.0,6.5,6.5,98,98,BDL,BDL,0.06,0.06,,,2,2
2282,GOA,29.0,29.0,5.2,5.2,7.3,7.3,245,245,BDL,BDL,BDL,BDL,,,2,2
3193,GOA,31.0,31.0,5.0,5.0,7.0,7.0,41,41,BDL,BDL,0.02,0.02,,,2,2
3194,GOA,29.0,29.0,5.7,5.7,6.5,6.5,120,120,BDL,BDL,0.83,0.83,,,2,2
3,GUJARAT,29.0,30.0,4.3,5.1,7.4,7.6,1329,1372,0.6,1.1,0.02,0.44,2,2,2,2
6,GUJARAT,28.0,29.0,1.7,2.1,7.2,7.9,1291,1511,0.4,0.4,0.40,0.46,2,2,2,2
1948,GUJARAT,29.0,29.0,2.4,2.8,8.0,8.1,1380,1410,1.2,1.4,0.10,0.23,2,2,2,2
1949,GUJARAT,28.0,29.0,2.1,2.4,7.9,8.0,1470,1470,1.2,1.8,0.22,0.29,2,2,2,6
1950,GUJARAT,23.0,23.0,,,7.6,7.6,1469,1469,0.8,0.8,1.44,1.44,2,2,2,2
1951,GUJARAT,26.0,26.0,3.7,3.7,7.5,7.5,1240,1240,0.9,0.9,0.91,0.91,,,,
1953,GUJARAT,28.0,30.0,,,7.3,7.7,910,1020,,,0.30,0.31,,,,
1954,GUJARAT,32.0,35.0,3.1,3.2,7.2,7.4,2680,4130,1.1,1.4,0.21,1.80,2,2,2,2
1955,GUJARAT,27.0,30.0,,,7.3,7.6,1332,1516,0.9,1.2,2.03,3.73,,,,
1956,GUJARAT,31.0,31.0,4.1,5.2,7.6,8.0,355,3118,0.8,1.2,0.12,0.19,2,2,2,2
1957,GUJARAT,28.0,29.0,,,7.8,7.8,1751,1858,0.7,1.2,2.71,3.70,,,,
1958,GUJARAT,27.0,27.0,5.7,5.7,7.8,7.8,826,826,1.2,1.2,3.02,3.02,2,2,2,2
1959,GUJARAT,30.0,30.0,,,7.7,7.7,1859,1859,0.4,0.4,0.46,0.46,,,2,2
1960,GUJARAT,31.0,31.0,2.4,2.4,7.7,7.7,832,832,0.3,0.3,0.54,0.54,2,2,2,2
1961,GUJARAT,29.0,29.0,2.1,2.1,7.1,7.1,790,790,0.4,0.4,0.56,0.56,2,2,2,2
1962,GUJARAT,23.0,29.0,1.2,1.3,7.0,7.4,3220,5400,0.7,0.9,0.32,0.77,2,2,2,2
1965,GUJARAT,28.0,29.0,2.1,3.4,7.9,8.0,1227,1252,0.9,0.9,0.13,0.61,9,9,41,41
1966,GUJARAT,28.0,29.0,0.5,6.2,7.7,7.7,1340,1644,0.7,0.9,0.04,0.44,6,6,33,33
1967,GUJARAT,27.0,27.0,3.6,3.8,7.9,8.0,436,498,0.2,2.3,0.25,0.26,2,2,2,2
1968,GUJARAT,27.0,27.0,3.8,4.3,7.8,7.9,444,482,0.2,2.1,0.27,0.35,2,2,2,2
1969,GUJARAT,29.0,29.0,4.2,4.2,8.0,8.0,1354,1354,2.2,2.2,0.33,0.33,2,2,2,2
1970,GUJARAT,27.0,27.0,3.6,4.3,7.8,8.0,498,672,0.2,2.0,0.35,0.41,2,2,2,2
2083,GUJARAT,27.0,32.0,3.6,4.3,7.0,7.9,2206,3008,0.9,1.3,0.47,3.42,,,,
2084,GUJARAT,28.0,29.0,2.2,3.4,7.4,7.6,1394,1594,0.9,1.0,0.08,0.14,6,9,41,63
2085,GUJARAT,28.0,31.0,3.5,5.7,7.4,7.4,1556,1971,0.8,1.1,0.27,0.45,,,,
2087,GUJARAT,28.0,29.0,1.9,3.3,7.6,8.1,545,3522,0.9,1.1,0.03,0.07,6,16,53,53
2088,GUJARAT,28.0,29.0,2.0,3.2,7.3,7.6,8331,8506,1.1,1.1,0.10,0.12,9,9,83,83
2089,GUJARAT,28.0,29.0,2.2,3.7,7.7,7.7,3403,3538,0.9,1.0,0.13,0.22,9,9,73,73
2090,GUJARAT,28.0,29.0,2.3,3.2,7.2,7.3,9574,11570,0.8,0.9,0.19,0.25,9,9,83,83
2091,GUJARAT,29.0,35.0,,,7.5,8.0,2627,2627,0.9,1.0,0.12,0.18,8,9,33,33
2092,GUJARAT,,,,,,,,,,,,,,,,
2093,GUJARAT,28.0,29.0,2.1,4.1,7.5,7.7,1054,2335,0.8,1.0,0.05,0.13,9,11,53,53
2094,GUJARAT,29.0,29.0,5.0,5.0,7.1,7.1,3670,3670,0.3,0.3,0.30,0.30,2,2,2,2
2095,GUJARAT,26.0,28.0,3.1,3.9,7.5,7.5,2348,4195,0.8,0.9,1.01,1.37,,,,
2096,GUJARAT,28.0,28.0,2.5,4.3,7.0,7.2,5308,6269,0.7,1.1,0.64,0.66,2,2,2,2
2097,GUJARAT,28.0,28.0,3.0,3.2,7.3,7.5,4337,4996,0.9,1.2,0.38,0.90,2,2,2,2
2098,GUJARAT,29.0,30.0,4.4,5.6,7.1,7.2,2949,3245,1.0,1.1,0.11,0.12,2,2,2,2
,,,,,,,,,,,,,,,,,
3208,GUJARAT,27.0,27.0,3.6,4.4,7.8,8.0,577,1180,0.3,2.3,0.43,0.50,2,2,2,2
3209,GUJARAT,27.0,27.0,4.2,4.2,8.0,8.0,1450,1450,2.3,2.3,0.18,0.18,2,2,2,2
3210,GUJARAT,28.0,29.0,2.1,4.2,7.2,7.3,3840,4126,0.8,0.9,0.28,0.30,9,9,41,41
3211,GUJARAT,28.0,28.0,2.2,3.6,7.7,7.8,1449,2119,0.9,0.9,0.06,0.16,6,6,63,63
3212,GUJARAT,33.0,33.0,,,7.3,7.4,2408,2701,0.8,1.2,0.54,2.72,,,,
3213,GUJARAT,34.0,34.0,,,7.4,7.4,1399,1535,1.0,1.3,0.54,0.64,,,,
3214,GUJARAT,33.0,33.0,,,7.4,7.4,1763,1860,0.9,1.4,1.51,2.23,,,,
3215,GUJARAT,26.0,30.0,3.8,5.9,4.6,8.1,3183,6174,0.7,1.3,0.51,3.09,2,2,2,2
3216,GUJARAT,33.0,34.0,,,7.3,7.3,2730,2885,1.0,1.5,0.33,0.99,,,,
3217,GUJARAT,34.0,34.0,,,7.4,7.8,1791,2135,0.7,1.4,0.94,2.07,,,,
3218,GUJARAT,27.0,27.0,4.3,4.3,7.0,7.0,1832,1832,1.0,1.0,15.95,15.95,2,2,2,2
3219,GUJARAT,27.0,27.0,5.2,5.2,7.1,7.1,1813,1813,0.7,0.7,16.74,16.74,2,2,2,2
3220,GUJARAT,30.0,30.0,,,7.6,7.6,3170,3170,0.4,0.4,0.46,0.46,,,2,2
3221,GUJARAT,28.0,28.0,,,7.6,7.6,714,714,0.4,0.4,0.25,0.25,2,2,2,2
3222,GUJARAT,32.0,32.0,,,7.3,7.3,3912,3912,0.4,0.4,0.25,0.25,2,2,2,2
3223,GUJARAT,30.0,30.0,3.9,3.9,7.8,7.9,1501,1819,0.8,1.1,1.26,1.38,2,2,2,2
3224,GUJARAT,26.0,30.0,,,7.5,7.7,808,853,0.8,1.2,2.78,3.04,,,,
3225,GUJARAT,30.0,30.0,3.7,4.1,7.4,7.4,1840,1848,0.7,1.3,1.73,1.83,2,2,2,2
3226,GUJARAT,26.0,28.0,,,7.8,7.9,1701,1988,0.8,1.3,3.16,3.51,,,,
3227,GUJARAT,30.0,31.0,3.8,4.6,7.0,7.3,1903,2634,0.7,1.2,0.51,1.70,2,2,2,2
3228,GUJARAT,29.0,29.0,2.2,2.2,7.2,7.2,3090,3090,0.4,0.4,0.50,0.50,2,2,2,2
3229,GUJARAT,29.0,29.0,2.6,2.6,7.0,7.0,1047,1047,0.4,0.4,0.48,0.48,2,2,2,2
3230,GUJARAT,24.0,24.0,,,7.1,7.1,5480,5480,0.7,0.7,1.31,1.31,2,2,2,2
3231,GUJARAT,30.0,30.0,3.2,3.2,8.2,8.2,2490,2490,1.5,1.5,2.60,2.60,,,,
3232,GUJARAT,29.0,34.0,,,7.4,7.7,2477,3106,0.9,1.0,0.09,0.13,6,6,27,53
3233,GUJARAT,29.0,35.0,,,7.7,8.0,2945,3229,0.9,0.9,0.12,0.15,6,6,21,41
3234,GUJARAT,23.0,29.0,BDL,BDL,6.9,7.0,10180,12350,15.0,16.0,0.36,0.79,2,2,2,2
3235,GUJARAT,29.0,31.0,3.2,4.1,7.2,7.6,2355,3492,0.8,1.1,1.43,3.44,,,,
3236,GUJARAT,28.0,28.0,5.0,5.1,7.6,7.7,1960,2261,0.9,1.1,0.10,0.62,2,2,2,2
3237,GUJARAT,28.0,28.0,2.0,4.4,7.0,7.2,5963,6105,0.7,1.0,0.27,0.59,2,2,2,2
3238,GUJARAT,25.0,29.0,2.1,2.6,7.3,7.7,4050,5520,0.3,0.4,0.42,0.50,,,2,2
3239,GUJARAT,25.0,31.0,1.6,1.6,7.5,7.8,2770,3970,0.4,0.5,0.40,0.46,,,2,2
3240,GUJARAT,27.0,27.0,2.2,3.0,7.5,7.9,1810,1977,0.8,1.0,0.95,1.30,,,,
3241,GUJARAT,26.0,28.0,2.3,3.0,7.4,7.8,949,2261,0.8,1.2,1.10,1.49,,,,
3242,GUJARAT,29.0,30.0,2.0,2.4,8.0,8.1,1890,1910,1.6,1.8,0.25,0.34,2,2,2,2
3243,GUJARAT,29.0,30.0,2.1,2.6,7.7,7.9,3080,3200,1.4,1.4,0.06,0.34,2,2,2,2
3244,GUJARAT,29.0,29.0,5.1,5.1,6.8,6.8,4120,4120,0.6,0.6,0.31,0.31,2,2,2,2
3245,GUJARAT,41.0,41.0,3.8,3.8,7.0,7.0,5157,5157,0.8,0.8,1.20,1.20,2,2,2,2
3246,GUJARAT,28.0,28.0,,,7.2,7.7,1920,1950,,,0.30,0.33,,,,
3247,GUJARAT,29.0,29.0,,,7.3,7.4,910,3020,,,0.28,1.49,,,,
4411,GUJARAT,28.0,28.0,,,8.1,8.2,2210,2240,,,0.28,0.30,,,,
4412,GUJARAT,27.0,28.0,,,7.2,7.5,2850,3400,,,0.30,0.33,,,,
4413,GUJARAT,25.0,32.0,1.5,1.7,7.9,8.0,1241,1764,0.5,0.5,0.38,0.44,,,2,2
4416,GUJARAT,29.0,29.0,1.6,1.6,7.4,7.4,1248,1248,,,0.48,0.48,2,2,2,2
4422,GUJARAT,28.0,28.0,,,6.8,6.8,735,735,,,0.44,0.44,2,2,2,2
1555,HIMACHAL PRADESH,,,,,7.4,7.8,644,805,0.2,0.3,0.12,1.26,2,2,2,2
1556,HIMACHAL PRADESH,,,,,7.5,7.9,581,728,0.1,0.1,0.15,1.89,2,2,2,2
1557,HIMACHAL PRADESH,,,,,7.6,7.6,991,991,0.1,0.1,0.08,0.08,,,,
1559,HIMACHAL PRADESH,23.0,26.0,,,7.5,8.3,500,1059,0.1,0.2,0.15,0.15,,,,
1560,HIMACHAL PRADESH,22.5,22.5,,,8.1,8.1,574,574,0.1,0.1,0.11,0.11,,,,
1561,HIMACHAL PRADESH,16.0,22.0,0.0,0.0,7.8,7.9,542,1812,0.1,0.1,0.00,0.21,2,2,2,2
1562,HIMACHAL PRADESH,14.5,19.5,0.0,0.0,7.3,7.4,193,728,0.1,0.1,0.00,0.28,,,,
1872,HIMACHAL PRADESH,8.0,25.0,5.1,8.0,7.1,8.5,434,39630,5.2,42.0,0.14,10.32,5,920,94,1600
1873,HIMACHAL PRADESH,15.0,16.0,0.0,0.0,6.8,7.6,182,344,0.1,0.3,0.06,0.73,2,2,94,94
1874,HIMACHAL PRADESH,22.0,22.0,2.0,9.2,7.0,8.3,267,771,0.1,0.6,0.00,1.39,2,17,2,41
1877,HIMACHAL PRADESH,22.0,25.5,,,7.1,8.1,916,1039,0.1,0.1,0.17,0.17,,,,
1878,HIMACHAL PRADESH,21.5,21.5,,,7.1,7.1,690,690,0.1,0.1,0.11,0.11,,,,
1879,HIMACHAL PRADESH,23.0,23.0,,,6.8,6.8,1278,1278,0.1,0.1,0.11,0.11,,,,
1880,HIMACHAL PRADESH,,,,,7.8,8.1,313,677,0.2,0.2,0.09,1.21,2,2,2,2
1881,HIMACHAL PRADESH,,,,,7.3,7.9,663,847,0.1,0.2,0.17,1.82,2,2,2,2
1882,HIMACHAL PRADESH,20.0,20.0,,,7.8,7.8,76,76,0.1,0.1,0.00,0.00,,,,
1883,HIMACHAL PRADESH,19.5,19.5,,,7.2,7.7,204,5860,0.1,0.1,0.00,0.36,,,,
2628,HIMACHAL PRADESH,15.0,15.0,,,7.2,7.2,372,372,0.1,0.1,,,2,2,2,2
2630,HIMACHAL PRADESH,13.5,13.5,,,7.2,7.2,209,209,0.1,0.1,0.45,0.45,2,2,2,2
2631,HIMACHAL PRADESH,13.5,25.0,0.0,0.0,7.2,7.7,245,7240,0.1,0.1,0.00,0.36,,,,
2632,HIMACHAL PRADESH,18.0,21.0,,,8.1,8.2,849,885,0.0,0.0,0.00,0.00,2,2,2,2
2633,HIMACHAL PRADESH,,,,,7.9,7.9,94,94,0.1,0.1,0.52,0.52,2,2,2,2
2634,HIMACHAL PRADESH,18.0,18.0,,,8.3,8.4,342,25530,0.1,0.2,0.21,1.64,2,2,2,2
2635,HIMACHAL PRADESH,,,,,7.5,8.1,97,2865,0.2,0.4,0.51,0.72,2,2,2,2
2637,HIMACHAL PRADESH,0.0,0.0,0.0,0.0,7.2,7.7,188,1080,0.1,0.1,0.00,0.09,,,,
2638,HIMACHAL PRADESH,0.0,0.0,0.0,0.0,8.2,8.2,482,482,0.1,0.1,0.09,0.09,,,,
2639,HIMACHAL PRADESH,16.0,16.0,,,7.5,7.8,150,152,0.1,0.1,0.00,0.06,,,,
2640,HIMACHAL PRADESH,,,,,7.2,7.2,197,197,0.1,0.1,0.44,0.44,2,2,79,79
2644,HIMACHAL PRADESH,18.0,18.0,3.1,3.1,7.3,7.6,397,863,0.1,0.2,0.00,0.04,21,21,46,46
2645,HIMACHAL PRADESH,,,,,7.0,8.0,593,1155,0.1,0.3,0.10,1.37,2,2,2,2
2646,HIMACHAL PRADESH,,,,,7.4,7.8,726,864,0.2,0.2,0.11,2.41,2,2,2,2
2647,HIMACHAL PRADESH,14.0,21.0,,,6.8,7.2,212,5350,0.1,0.1,0.00,0.42,,,,
2648,HIMACHAL PRADESH,9.0,9.0,,,7.8,7.8,365,365,,,,,2,2,2,2
4434,HIMACHAL PRADESH,19.5,19.5,0.0,0.0,7.9,7.9,377,377,0.1,0.1,0.00,0.00,,,,
4478,HIMACHAL PRADESH,12.0,12.0,11.2,11.2,7.7,7.7,78,78,0.1,0.1,,,13,13,120,120
4483,HIMACHAL PRADESH,18.0,18.0,6.1,6.1,7.6,7.6,760,760,0.1,0.1,0.00,0.00,,,,
2759,JAMMU & KASHMIR,23.0,23.0,,,7.8,7.8,685,685,,,0.04,0.04,,,,
2760,JAMMU & KASHMIR,22.0,22.0,7.9,7.9,7.2,7.2,150,150,2.0,2.0,0.10,0.10,,,,
2762,JAMMU & KASHMIR,20.0,22.0,5.4,7.0,8.6,8.8,790,1000,2.8,7.5,0.23,0.38,,,,
4064,JAMMU & KASHMIR,13.0,23.0,,,7.3,7.5,500,587,,,0.00,0.01,,,,
4065,JAMMU & KASHMIR,23.0,23.0,,,6.8,6.8,494,494,,,0.01,0.01,,,,
4066,JAMMU & KASHMIR,23.0,23.0,,,7.5,7.5,582,582,,,0.00,0.00,,,,
4067,JAMMU & KASHMIR,21.0,21.0,,,6.9,6.9,320,320,,,0.00,0.00,,,,
4068,JAMMU & KASHMIR,22.0,22.0,7.6,7.6,7.9,7.9,98,98,1.5,1.5,0.00,0.00,,,,
4069,JAMMU & KASHMIR,24.0,24.0,,,7.2,7.2,680,680,,,0.01,0.01,,,,
4070,JAMMU & KASHMIR,24.0,24.0,,,7.4,7.4,520,520,,,0.04,0.04,,,,
4072,JAMMU & KASHMIR,13.0,23.0,,,6.8,7.4,708,1122,,,0.00,0.05,,,,
4073,JAMMU & KASHMIR,14.0,23.0,,,6.8,7.5,527,993,,,0.00,0.01,,,,
4074,JAMMU & KASHMIR,22.0,22.0,8.1,8.1,8.3,8.3,163,163,0.0,0.0,0.00,0.00,,,,
4758,JHARKHAND,13.0,28.0,6.0,7.9,6.5,7.6,,,0.0,0.0,,,,,,
3564,KARNATAKA,27.0,28.0,2.7,5.7,6.9,7.2,144,194,3.0,3.0,1.08,1.22,2,2,2,9
4093,KARNATAKA,30.0,30.0,5.0,5.0,7.4,7.4,4363,4363,8.8,8.8,BDL,BDL,,,,
19,KERALA,27.0,28.0,,,5.9,6.2,140,145,0.2,0.2,0.02,0.21,340,700,490,1700
22,KERALA,27.0,27.0,,,6.4,6.8,66,123,0.2,0.5,0.60,2.60,81,630,170,1000
35,KERALA,23.0,23.0,,,5.8,6.9,148,154,1.0,1.0,0.48,0.58,10,26,60,79
1581,KERALA,30.0,36.0,,,4.5,5.7,152,152,0.9,3.4,0.01,0.20,100,200,310,400
1582,KERALA,32.0,33.0,,,5.7,6.2,155,178,1.0,4.1,0.02,0.10,100,100,300,400
1583,KERALA,22.0,23.0,,,6.5,6.7,156,166,1.2,1.2,0.52,0.62,20,48,70,100
1584,KERALA,26.0,28.0,,,6.8,6.9,299,412,1.1,1.7,0.01,0.03,10,280,100,790
1585,KERALA,28.0,29.0,,,7.5,7.7,277,520,0.2,1.4,0.06,0.80,100,1200,240,2300
1586,KERALA,28.0,28.0,,,6.2,6.5,244,352,0.2,1.1,0.03,0.05,270,6300,700,7900
1587,KERALA,28.0,30.0,,,6.2,7.0,268,340,0.2,0.2,0.02,0.03,100,240,540,540
1588,KERALA,22.0,26.0,,,6.0,6.3,160,267,0.9,1.1,0.01,0.50,100,280,310,2000
1589,KERALA,21.0,30.0,,,6.5,7.6,332,730,0.6,1.6,0.25,1.60,10,34,24,84
1590,KERALA,24.0,28.0,,,6.4,6.6,92,103,0.1,0.2,1.58,5.00,120,150,220,260
1591,KERALA,24.0,30.0,,,4.6,6.7,116,119,0.3,1.2,0.25,0.58,20,21,100,150
1592,KERALA,27.0,28.0,,,6.6,6.6,328,359,0.9,2.3,0.43,0.54,17,32,100,150
2308,KERALA,28.0,30.0,,,7.0,7.3,197,247,0.6,1.0,0.03,0.81,280,2000,540,4100
2309,KERALA,29.0,30.0,,,7.1,7.5,76,304,0.1,0.6,0.01,0.13,2,1800,49,3600
2310,KERALA,29.0,31.0,,,6.6,6.8,91,198,0.2,0.3,0.08,0.23,49,1300,140,2400
2311,KERALA,29.0,30.0,,,6.6,6.7,103,160,0.3,0.4,0.02,0.92,280,2400,600,4900
2313,KERALA,26.0,28.0,,,7.5,7.6,268,485,1.2,1.2,0.01,0.02,49,200,100,400
2314,KERALA,22.0,25.0,,,6.8,6.9,176,210,1.1,1.4,0.56,0.92,27,79,84,140
2315,KERALA,22.0,24.0,,,7.5,7.6,220,234,1.0,1.6,0.58,0.89,60,60,110,110
2316,KERALA,26.0,34.0,,,5.1,6.9,54,140,1.8,2.9,0.05,0.51,20,40,100,460
2317,KERALA,26.0,32.0,,,5.5,5.9,280,308,0.9,1.3,0.17,0.26,4,10,20,60
2320,KERALA,21.0,30.0,,,6.3,7.3,236,256,0.5,1.6,0.15,1.25,10,38,18,70
2321,KERALA,22.0,27.0,,,5.9,6.1,180,264,0.4,0.7,0.00,1.89,10,10,100,400
2322,KERALA,24.0,28.0,,,5.0,5.8,130,140,0.8,1.2,0.04,0.84,10,100,200,1000
2323,KERALA,27.0,29.0,,,6.5,6.9,174,218,0.3,0.6,0.02,0.29,480,1000,700,2200
2324,KERALA,28.0,28.0,,,5.6,6.1,66,96,0.3,1.2,0.01,0.56,2,120,10,230
2327,KERALA,27.0,29.0,,,7.2,8.0,768,770,0.5,1.4,0.41,0.83,10,10,29,550
3463,KERALA,26.0,28.0,,,5.2,6.2,80,99,0.3,0.7,2.78,5.50,210,4600,540,8400
3472,KERALA,26.0,28.0,,,7.0,8.0,612,11750,0.9,1.0,0.13,0.85,10,10,60,100
3474,KERALA,27.0,28.0,,,6.9,6.9,148,239,1.1,2.5,0.01,0.07,21,40,100,120
3475,KERALA,26.0,27.0,,,4.6,4.9,67,96,1.6,2.0,0.04,0.34,4,40,49,350
1402,LAKSHADWEEP,27.8,29.7,,,7.0,7.4,851,1099,,,,,,,,
1593,LAKSHADWEEP,27.8,29.7,,,7.0,7.1,1074,1348,,,,,,,,
1594,LAKSHADWEEP,27.9,29.6,,,6.9,7.5,1216,3320,,,,,,,,
1595,LAKSHADWEEP,27.7,30.3,,,7.0,7.1,675,1389,,,,,,,,
1596,LAKSHADWEEP,10.3,27.5,,,7.2,7.5,838,4190,,,,,,,,
1597,LAKSHADWEEP,28.0,30.0,,,7.5,7.6,756,781,,,,,,,,
1598,LAKSHADWEEP,28.3,30.7,,,7.0,7.0,587,7899,,,,,,,,
1599,LAKSHADWEEP,27.5,29.8,,,7.3,7.5,651,1107,,,,,,,,
1600,LAKSHADWEEP,27.8,29.7,,,7.0,7.1,937,1038,,,,,,,,
1601,LAKSHADWEEP,27.8,30.4,,,7.0,7.5,703,2150,,,,,,,,
1602,LAKSHADWEEP,27.0,29.5,,,7.4,7.5,1109,1204,,,,,,,,
1603,LAKSHADWEEP,28.4,30.6,,,7.0,7.5,1926,5140,,,,,,,,
1604,LAKSHADWEEP,28.9,30.1,,,7.0,7.0,3046,9510,,,,,,,,
1605,LAKSHADWEEP,28.5,29.9,,,7.5,7.7,1840,2351,,,,,,,,
1606,LAKSHADWEEP,28.1,30.7,,,7.0,7.5,648,834,,,,,,,,
4548,LAKSHADWEEP,28.5,30.1,,,7.0,7.5,1049,2030,,,,,,,,
4549,LAKSHADWEEP,27.4,30.0,,,7.0,7.7,693,700,,,,,,,,
4550,LAKSHADWEEP,28.3,30.0,,,7.5,7.9,2914,4860,,,,,,,,
4551,LAKSHADWEEP,28.4,29.8,,,7.4,7.5,1067,1697,,,,,,,,
4552,LAKSHADWEEP,27.8,30.5,,,7.0,7.5,1507,1638,,,,,,,,
4553,LAKSHADWEEP,28.2,30.7,,,7.3,7.5,1408,1614,,,,,,,,
4554,LAKSHADWEEP,27.6,29.8,,,7.0,7.5,1199,1295,,,,,,,,
4555,LAKSHADWEEP,27.6,29.7,,,7.0,7.9,1657,3320,,,,,,,,
4556,LAKSHADWEEP,28.7,29.9,,,7.0,7.6,830,945,,,,,,,,
4558,LAKSHADWEEP,29.8,29.8,,,,,1975,2040,,,,,,,,
4559,LAKSHADWEEP,29.6,29.6,,,,,2510,4520,,,,,,,,
4560,LAKSHADWEEP,29.4,29.4,,,,,1102,11480,,,,,,,,
4561,LAKSHADWEEP,29.3,29.3,,,,,2322,3400,,,,,,,,
4562,LAKSHADWEEP,29.6,29.6,,,,,1328,1920,,,,,,,,
4563,LAKSHADWEEP,29.8,29.8,,,,,1607,1742,,,,,,,,
4564,LAKSHADWEEP,30.3,30.3,,,,,3195,3280,,,,,,,,
4565,LAKSHADWEEP,30.5,30.5,,,,,2540,2600,,,,,,,,
4566,LAKSHADWEEP,29.0,29.0,,,,,1615,2110,,,,,,,,
4567,LAKSHADWEEP,30.2,30.2,,,,,1351,1417,,,,,,,,
4569,LAKSHADWEEP,29.7,29.7,,,,,1070,2948,,,,,,,,
4570,LAKSHADWEEP,30.0,30.0,,,,,1057,1325,,,,,,,,
4571,LAKSHADWEEP,29.9,29.9,,,,,8100,8490,,,,,,,,
4572,LAKSHADWEEP,29.9,29.9,,,,,2170,2210,,,,,,,,
4573,LAKSHADWEEP,29.6,29.6,,,,,1827,2510,,,,,,,,
4574,LAKSHADWEEP,30.1,30.1,,,,,1910,2270,,,,,,,,
4575,LAKSHADWEEP,29.3,29.3,,,,,2010,2050,,,,,,,,
4576,LAKSHADWEEP,29.5,29.5,,,,,1799,1885,,,,,,,,
52,MADHYA PRADESH,24.0,24.0,4.5,4.5,7.6,7.6,962,962,1.0,1.0,3.69,3.69,2,2,81,81
1616,MADHYA PRADESH,27.0,27.0,,,7.2,7.2,366,366,0.8,0.8,1.00,1.00,,,40,40
1617,MADHYA PRADESH,28.0,28.0,,,8.0,8.0,264,264,0.8,0.8,1.50,1.50,,,94,94
1618,MADHYA PRADESH,26.0,26.0,,,7.3,7.3,2600,2600,,,0.40,0.40,2,2,14,14
1619,MADHYA PRADESH,26.0,26.0,,,7.3,7.3,2539,2539,,,0.40,0.40,2,2,13,13
1897,MADHYA PRADESH,24.0,27.0,4.2,4.6,7.4,7.8,789,860,0.9,0.9,2.67,3.18,2,2,5,6
2143,MADHYA PRADESH,21.1,21.1,,,7.1,7.5,310,692,0.5,0.5,0.40,1.20,2,2,2,2
2144,MADHYA PRADESH,21.2,21.2,,,7.1,7.2,379,529,0.5,0.5,0.34,1.10,2,2,2,2
2145,MADHYA PRADESH,24.0,24.0,,,7.5,7.6,1210,1620,1.2,2.0,3.69,4.49,2,2,10,10
2146,MADHYA PRADESH,,,,,7.6,7.6,2846,2846,1.0,1.0,8.12,8.12,2,2,8,8
2147,MADHYA PRADESH,23.0,23.0,,,7.9,7.9,2670,2670,2.0,2.0,0.82,0.82,,,,
2148,MADHYA PRADESH,24.0,24.0,,,7.2,7.2,2562,2730,1.0,2.8,4.87,6.32,2,2,10,10
2149,MADHYA PRADESH,,,,,7.6,7.6,,,2.0,2.0,6.69,6.69,,,,
2150,MADHYA PRADESH,24.0,28.0,4.9,5.2,7.1,7.6,1289,1489,0.6,1.1,2.90,4.20,2,2,8,55
2151,MADHYA PRADESH,24.0,28.0,4.2,5.4,7.5,7.8,166,2024,1.0,1.1,4.07,5.11,2,2,2,83
2152,MADHYA PRADESH,24.0,28.0,4.5,5.4,7.0,8.0,1556,1688,0.8,1.0,3.58,4.04,2,2,5,5
2153,MADHYA PRADESH,27.0,27.0,,,7.2,7.2,269,269,9.6,9.6,,,,,,
2154,MADHYA PRADESH,24.0,27.0,,,7.0,8.2,535,2040,,,0.60,0.86,,,,
3332,MADHYA PRADESH,21.0,26.0,,,7.1,8.3,1864,3467,1.0,2.0,4.21,8.82,,,,
3333,MADHYA PRADESH,27.0,27.0,,,8.1,8.1,2148,2148,0.7,0.7,1.50,1.50,2,2,33,33
3334,MADHYA PRADESH,,,,,6.9,6.9,781,781,1.1,1.1,0.46,0.46,2,2,150,150
3335,MADHYA PRADESH,18.5,22.0,,,7.4,8.5,360,592,0.2,0.2,1.00,1.00,2,2,2,2
3336,MADHYA PRADESH,,,,,7.3,7.3,570,570,,,,,3,3,11,11
3337,MADHYA PRADESH,24.8,24.8,,,7.2,7.5,360,821,0.4,0.4,1.20,1.20,2,2,2,2
3338,MADHYA PRADESH,26.0,26.0,,,7.6,7.6,772,772,,,1.20,1.20,2,2,12,12
3339,MADHYA PRADESH,24.0,24.0,4.4,4.4,8.0,8.0,786,786,0.8,0.8,3.14,3.14,2,2,5,5
3340,MADHYA PRADESH,24.0,24.0,4.9,4.9,7.0,7.0,1338,1338,0.8,0.8,3.73,3.73,2,2,12,12
3341,MADHYA PRADESH,24.0,28.0,3.2,3.9,7.7,8.0,1130,1585,0.8,1.1,2.93,3.67,2,2,3,11
3342,MADHYA PRADESH,24.0,28.0,4.4,4.6,6.8,8.5,465,949,0.8,0.9,2.81,3.15,2,2,5,8
3343,MADHYA PRADESH,28.9,28.9,4.6,4.6,6.9,6.9,1425,1425,1.0,1.0,3.83,3.83,2,2,6,6
3822,MADHYA PRADESH,22.0,22.0,,,7.6,8.1,330,1369,1.2,1.2,1.33,1.33,2,2,25,25
3823,MADHYA PRADESH,21.7,21.7,,,7.3,7.4,468,588,0.3,0.3,1.00,1.00,2,2,2,2
3824,MADHYA PRADESH,22.0,22.0,,,7.5,8.3,115,814,0.2,0.2,1.00,1.00,2,2,2,2
3825,MADHYA PRADESH,25.0,25.0,,,7.3,7.5,330,516,0.6,0.6,1.20,1.20,2,2,2,2
3826,MADHYA PRADESH,25.0,25.0,,,7.1,7.5,330,686,0.4,0.4,1.20,1.20,2,2,2,2
3827,MADHYA PRADESH,25.5,25.5,,,7.2,7.3,356,624,0.5,0.5,1.20,1.20,2,2,2,2
3837,MADHYA PRADESH,28.0,28.0,,,7.5,7.6,550,560,,,1.56,1.56,,,,
3838,MADHYA PRADESH,27.5,28.0,,,7.5,7.8,660,670,,,,,,,,
3839,MADHYA PRADESH,27.0,28.0,,,7.5,7.6,710,720,,,0.09,0.13,,,,
3840,MADHYA PRADESH,27.0,28.5,,,7.5,7.5,260,270,,,0.17,0.20,,,,
3841,MADHYA PRADESH,28.0,28.5,,,7.5,7.6,400,410,,,2.62,2.63,,,,
3842,MADHYA PRADESH,27.0,28.0,,,7.5,7.8,410,420,,,0.11,0.16,,,,
3843,MADHYA PRADESH,28.0,28.5,,,7.5,7.6,420,430,,,0.13,0.19,,,,
3844,MADHYA PRADESH,27.0,28.0,,,7.6,7.7,440,450,,,1.57,1.59,,,,
3854,MADHYA PRADESH,28.5,28.5,4.8,4.8,7.1,7.1,739,739,0.9,0.9,1.31,1.31,2,2,6,6
4618,MADHYA PRADESH,,,,,7.2,7.2,338,338,,,,,,,,
1984,MAHARASHTRA,37.0,37.0,4.8,4.8,8.1,8.1,582,582,4.8,4.8,6.11,6.11,33,33,220,220
1985,MAHARASHTRA,39.0,39.0,5.4,5.4,7.4,7.4,1280,1280,5.3,5.3,8.34,8.34,38,38,210,210
1986,MAHARASHTRA,15.0,15.0,6.1,6.1,8.4,8.4,546,546,4.2,4.2,0.60,0.60,17,17,70,70
1987,MAHARASHTRA,38.0,38.0,5.8,5.8,8.2,8.2,540,540,3.8,3.8,8.71,8.71,31,31,150,150
1988,MAHARASHTRA,19.0,19.0,5.3,5.3,8.5,8.5,566,566,5.4,5.4,0.57,0.57,34,34,240,240
1989,MAHARASHTRA,39.0,39.0,3.0,3.0,8.1,8.1,798,798,7.8,7.8,1.65,1.65,33,33,220,220
1990,MAHARASHTRA,24.0,24.0,BDL,BDL,7.3,7.3,652,652,10.5,10.5,3.10,3.10,120,120,1800,1800
1993,MAHARASHTRA,36.0,36.0,6.8,6.8,7.5,7.5,20350,20350,2.6,2.6,3.72,3.72,6,6,48,48
1994,MAHARASHTRA,19.0,19.0,6.4,6.4,7.7,7.7,208,208,3.2,3.2,0.54,0.54,2,2,170,170
1998,MAHARASHTRA,39.0,39.0,5.7,5.7,7.7,7.7,657,657,4.8,4.8,1.51,1.51,2,2,2,2
2001,MAHARASHTRA,20.0,20.0,6.3,6.3,7.8,7.8,257,257,3.4,3.4,0.61,0.61,2,2,140,140
2002,MAHARASHTRA,18.0,18.0,6.2,6.2,7.7,7.7,223,223,3.4,3.4,0.47,0.47,2,2,140,140
2003,MAHARASHTRA,19.0,19.0,6.0,6.0,7.9,7.9,236,236,3.6,3.6,0.49,0.49,2,2,150,150
2004,MAHARASHTRA,29.0,29.0,4.4,4.4,7.8,7.8,59220,59220,12.0,12.0,0.90,0.90,920,920,1600,1600
2005,MAHARASHTRA,33.0,33.0,BDL,BDL,6.8,6.8,807,807,90.0,90.0,17.00,17.00,1600,1600,1600,1600
2006,MAHARASHTRA,33.0,33.0,BDL,BDL,6.9,6.9,709,709,110.0,110.0,1.80,1.80,920,920,1600,1600
2007,MAHARASHTRA,33.0,33.0,BDL,BDL,6.9,6.9,803,803,150.0,150.0,1.90,1.90,1600,1600,1600,1600
2008,MAHARASHTRA,33.0,33.0,4.1,4.1,7.4,7.4,33270,33270,12.0,12.0,4.00,4.00,63,63,280,280
2200,MAHARASHTRA,36.0,36.0,6.5,6.5,7.6,7.6,20240,20240,2.6,2.6,3.45,3.45,5,5,49,49
2201,MAHARASHTRA,,,6.4,6.4,7.5,7.5,2839,2839,2.6,2.6,1.94,1.94,,,,
2202,MAHARASHTRA,33.0,33.0,4.7,4.7,7.4,7.4,33380,33380,10.0,10.0,4.00,4.00,46,46,280,280
2204,MAHARASHTRA,24.0,24.0,BDL,BDL,7.6,7.6,658,658,12.5,12.5,2.90,2.90,275,275,1800,1800
2818,MAHARASHTRA,28.0,28.0,3.6,3.6,8.1,8.1,645,645,7.5,7.5,1.40,1.40,550,550,1800,1800
2824,MAHARASHTRA,,,6.9,6.9,7.8,7.8,1140,1140,2.0,2.0,0.86,0.86,,,,
2825,MAHARASHTRA,36.0,36.0,6.5,6.5,7.6,7.6,21280,21280,2.6,2.6,2.97,2.97,6,6,46,46
2828,MAHARASHTRA,20.0,20.0,6.2,6.2,7.7,7.7,203,203,3.4,3.4,0.58,0.58,2,2,220,220
2829,MAHARASHTRA,33.0,33.0,4.4,4.4,7.5,7.5,35330,35330,11.0,11.0,3.40,3.40,47,47,220,220
2830,MAHARASHTRA,33.0,33.0,4.5,4.5,7.6,7.6,35240,35240,11.0,11.0,3.10,3.10,46,46,220,220
2831,MAHARASHTRA,30.0,30.0,4.0,4.0,8.2,8.2,53940,53940,12.0,12.0,2.10,2.10,49,49,210,210
2832,MAHARASHTRA,30.0,30.0,6.7,6.7,7.5,7.5,241,241,4.0,4.0,0.30,0.30,17,17,40,40
2833,MAHARASHTRA,30.0,30.0,3.9,3.9,8.2,8.2,54090,54090,12.0,12.0,2.10,2.10,79,79,240,240
2834,MAHARASHTRA,30.0,30.0,4.4,4.4,8.1,8.1,54870,54870,10.0,10.0,2.00,2.00,49,49,220,220
2835,MAHARASHTRA,30.0,30.0,3.9,3.9,8.1,8.1,55570,55570,13.0,13.0,1.90,1.90,920,920,920,920
1920,MANIPUR,22.0,22.0,,,7.8,7.8,953,953,55.0,55.0,,,,,,
1921,MANIPUR,23.0,25.0,,,7.1,7.3,785,928,0.0,0.0,35.00,35.00,,,,
1923,MANIPUR,26.0,27.0,,,7.3,7.8,628,754,,,42.00,42.00,,,5,5
1924,MANIPUR,24.0,24.0,,,7.4,7.4,992,992,,,50.00,50.00,,,,
2883,MANIPUR,24.0,24.0,,,7.8,7.8,658,658,,,35.00,35.00,,,,
1634,MEGHALAYA,16.0,17.0,4.1,4.3,5.5,6.0,250,265,1.8,1.9,7.55,11.00,11,22,58,79
1635,MEGHALAYA,16.0,16.0,3.5,3.6,5.2,6.1,185,290,1.6,1.8,12.46,18.30,2,11,22,23
1636,MEGHALAYA,17.0,18.0,3.2,3.5,6.6,6.7,105,185,1.9,2.2,0.38,0.42,2,11,23,47
1637,MEGHALAYA,14.0,23.0,4.0,4.8,6.0,6.6,98,118,1.0,1.0,1.40,5.37,2,2,4,4
1638,MEGHALAYA,13.0,15.0,5.5,5.5,5.9,6.0,118,153,1.0,1.0,0.32,0.70,2,2,2,2
3385,MEGHALAYA,19.0,21.0,6.0,6.7,6.7,6.8,55,66,1.0,1.4,0.42,0.50,2,2,13,17
3386,MEGHALAYA,42.0,46.0,3.5,4.0,9.2,9.3,320,355,1.0,1.0,0.78,0.88,2,2,4,4
4323,MEGHALAYA,15.5,17.0,6.0,6.5,7.1,7.5,142,188,1.1,1.5,0.51,0.57,2,2,2,34
4324,MEGHALAYA,16.0,16.0,3.7,5.4,5.0,5.2,124,135,1.2,1.3,0.19,0.33,2,2,12,49
4325,MEGHALAYA,15.0,17.0,6.0,7.0,4.3,4.8,85,110,1.0,1.3,0.25,0.34,2,2,4,39
2054,MIZORAM,16.0,24.0,4.6,6.6,5.4,7.1,328,328,0.7,2.1,0.00,0.64,,,,
2055,MIZORAM,17.0,26.0,3.1,7.3,6.3,7.8,0,478,0.9,2.1,0.00,0.18,,,,
3725,MIZORAM,18.0,23.0,4.9,7.8,6.4,7.3,291,291,0.9,1.2,0.00,0.20,,,,
3726,MIZORAM,18.0,23.0,4.2,7.2,5.4,7.5,255,255,0.7,1.9,0.01,0.61,,,,
3727,MIZORAM,15.0,28.0,2.6,6.9,5.0,7.1,263,263,0.6,2.2,0.00,0.24,,,,
3728,MIZORAM,15.0,26.0,2.6,7.2,6.6,7.9,247,247,0.7,2.0,0.00,0.04,,,,
3729,MIZORAM,20.0,21.0,1.7,5.5,5.7,5.9,,,1.9,1.9,0.03,0.20,,,,
3730,MIZORAM,19.0,20.0,1.9,2.9,5.7,6.3,,,1.8,1.8,0.03,0.32,,,,
3731,MIZORAM,21.0,22.0,1.8,2.5,6.3,6.5,,,1.7,1.7,0.00,0.17,,,,
3732,MIZORAM,20.0,21.0,0.8,0.9,5.6,8.9,,,1.9,1.9,0.04,0.15,,,,
3733,MIZORAM,18.0,21.0,2.0,2.2,6.2,6.7,,,1.5,1.5,0.07,0.16,,,,
3737,MIZORAM,16.0,25.0,6.7,7.3,6.1,7.3,300,300,0.8,1.9,0.00,0.03,,,,
3738,MIZORAM,11.0,24.0,6.5,7.4,6.7,7.3,755,755,1.1,1.6,0.00,0.15,,,,
3739,MIZORAM,15.0,25.0,1.7,6.4,6.3,8.1,,,1.5,1.5,0.01,0.09,,,,
3741,MIZORAM,15.0,24.0,4.1,7.2,6.7,8.5,250,250,1.5,1.9,0.00,0.15,,,,
3742,MIZORAM,17.0,24.0,2.2,3.4,6.3,7.7,,,1.8,1.8,0.00,0.11,,,,
3745,MIZORAM,15.0,20.0,5.7,12.0,6.3,7.7,198,198,1.5,1.7,0.00,0.16,,,,
3748,MIZORAM,13.0,22.0,6.6,7.7,4.7,7.5,59,59,1.3,1.9,0.00,0.48,,,,
3753,MIZORAM,13.0,23.0,5.1,9.1,6.6,7.2,45,45,1.6,1.9,0.00,0.16,,,,
3758,MIZORAM,13.0,17.0,3.4,4.5,6.9,7.2,,,1.9,1.9,0.03,0.17,,,,
4124,MIZORAM,15.0,25.0,6.3,7.5,6.1,7.5,301,301,1.6,1.8,0.00,0.09,,,,
4126,MIZORAM,9.0,21.0,5.6,6.8,5.7,7.2,170,170,1.1,2.2,0.00,0.16,,,,
4127,MIZORAM,16.0,20.0,4.0,8.7,5.5,7.1,242,242,1.7,1.8,0.00,0.17,,,,
4128,MIZORAM,16.0,21.0,4.5,8.0,5.8,6.6,,,1.9,1.9,0.07,0.20,,,,
4129,MIZORAM,16.0,24.0,5.1,7.9,6.7,7.7,125,125,1.1,1.9,0.00,0.13,,,,
4133,MIZORAM,13.0,25.0,5.2,6.8,5.3,7.8,284,284,1.7,1.9,0.00,0.19,,,,
2896,NAGALAND,17.9,19.7,,,6.0,6.9,286,783,,,9.00,15.00,,,,
2897,NAGALAND,24.5,27.8,,,6.5,6.9,276,291,,,0.80,1.60,,,,
2898,NAGALAND,25.0,27.0,,,5.5,5.9,153,170,,,2.10,3.90,,,,
2899,NAGALAND,25.7,26.0,,,6.8,7.5,251,254,,,0.70,1.40,,,,
2900,NAGALAND,25.1,26.7,,,5.5,6.0,201,254,,,1.10,15.00,,,,
2901,NAGALAND,28.3,29.4,,,6.0,6.7,302,461,,,2.60,16.00,,,,
2902,NAGALAND,24.9,27.1,,,7.3,8.5,358,382,,,0.40,1.20,,,,
2903,NAGALAND,24.5,27.0,,,6.6,7.5,175,1019,,,0.50,17.50,,,,
2904,NAGALAND,24.3,26.7,,,5.0,6.4,773,858,,,12.00,21.00,,,,
2905,NAGALAND,24.4,26.5,,,6.5,7.0,780,959,,,0.50,0.90,,,,
1644,ODISHA,25.0,29.0,,,6.1,7.5,504,539,0.1,0.2,2.19,7.34,2,2,2,2
1645,ODISHA,26.0,28.0,,,6.5,7.9,297,370,0.2,0.4,0.21,0.28,2,2,2,2
1646,ODISHA,25.0,30.0,,,6.5,8.0,160,420,0.2,0.2,0.24,1.67,2,5,2,5
1647,ODISHA,25.0,29.0,,,6.7,8.4,216,393,0.4,0.9,0.86,1.54,2,2,2,2
1648,ODISHA,25.0,30.0,,,6.5,8.2,263,418,0.1,0.4,0.76,9.50,2,2,2,2
1649,ODISHA,27.0,28.0,,,6.2,6.7,133,652,0.3,0.9,0.25,0.36,2,2,2,2
1650,ODISHA,30.0,30.0,,,6.0,6.0,351,351,0.6,0.6,0.34,0.34,2,2,2,2
1651,ODISHA,27.0,30.0,,,6.7,7.8,408,530,0.4,1.0,0.26,0.92,2,23,23,23
1652,ODISHA,27.0,29.0,,,5.9,6.3,261,284,0.2,0.3,0.13,11.39,2,2,2,23
1653,ODISHA,29.0,29.0,,,7.1,7.1,216,216,0.3,0.3,0.14,0.14,2,2,2,2
1654,ODISHA,27.0,29.0,,,6.4,7.4,228,357,0.2,0.7,0.22,5.09,33,130,2,540
1655,ODISHA,27.0,27.0,,,8.2,8.2,600,1175,0.3,0.5,0.14,0.27,2,8,23,79
1656,ODISHA,27.0,28.0,,,7.8,8.1,701,808,0.3,0.4,0.27,0.96,2,2,2,2
1657,ODISHA,27.0,28.0,,,7.9,8.1,504,975,0.2,0.2,0.30,653.01,2,13,2,240
1658,ODISHA,29.0,29.0,,,7.9,8.1,350,442,0.1,0.6,0.12,0.31,2,2,2,11
3964,ODISHA,17.0,24.0,,,7.8,8.2,670,1250,0.2,0.2,0.16,0.51,2,540,23,1600
3965,ODISHA,15.0,24.0,,,7.4,8.0,1283,1397,0.3,0.5,0.21,0.73,2,13,2,79
3966,ODISHA,20.0,24.0,,,6.8,7.6,777,1291,0.6,0.6,4.62,9.94,2,2,2,2
3967,ODISHA,20.0,24.0,,,7.6,7.8,988,1338,0.2,0.3,5.31,5.82,2,2,13,23
3968,ODISHA,28.0,32.0,,,7.5,8.1,422,602,0.1,0.9,0.24,0.30,2,2,2,20
3969,ODISHA,29.0,32.0,,,7.0,7.6,606,1738,0.1,0.6,6.36,6.88,2,2,2,2
3970,ODISHA,28.0,31.0,,,6.6,8.1,282,366,0.5,0.8,1.52,4.26,2,7,2,200
3971,ODISHA,26.0,28.0,,,7.2,7.9,776,1184,0.2,0.4,1.05,8.14,2,2,2,17
3972,ODISHA,26.0,28.0,,,7.6,7.6,551,608,0.1,0.3,0.20,2.04,2,2,2,17
3973,ODISHA,28.0,28.0,,,6.9,7.8,403,412,0.8,1.1,0.22,1.94,2,2,2,2
3974,ODISHA,28.0,28.0,,,7.5,7.9,511,527,0.1,0.4,0.17,0.27,2,2,2,45
3975,ODISHA,28.0,29.0,,,7.6,7.7,614,704,0.4,0.5,0.30,2.57,2,2,2,2
3976,ODISHA,23.0,28.0,,,7.2,8.0,220,878,0.2,1.0,0.37,0.90,2,2,2,2
3977,ODISHA,28.0,28.0,,,7.3,7.9,922,1404,0.5,0.6,0.20,0.34,2,130,2,920
3978,ODISHA,28.0,28.0,,,7.5,7.6,1078,1138,0.3,0.4,0.38,0.77,2,2,2,13
3979,ODISHA,28.0,28.0,,,7.7,8.3,1008,1444,0.4,0.8,0.54,5.32,2,2,2,5
3980,ODISHA,21.0,21.0,,,6.9,6.9,241,241,0.4,0.4,0.19,0.19,2,2,2,2
3981,ODISHA,17.0,22.0,,,7.1,7.4,190,196,0.2,0.2,0.46,4.79,2,17,2,49
3982,ODISHA,18.0,22.0,,,6.8,7.2,106,215,0.4,0.9,0.65,2.97,2,2,2,2
3983,ODISHA,17.0,20.0,,,6.4,6.6,170,187,0.4,0.6,0.50,0.78,2,2,2,2
3984,ODISHA,18.0,19.0,,,5.8,7.3,150,262,0.3,0.9,0.54,7.31,2,2,2,2
3985,ODISHA,16.0,18.0,,,6.6,6.8,241,286,0.1,0.5,0.21,0.38,2,2,13,23
3986,ODISHA,17.0,23.0,,,6.6,6.9,219,315,0.4,0.4,0.18,0.48,2,2,2,2
3987,ODISHA,16.0,21.0,,,6.8,6.9,195,199,0.2,0.3,0.17,0.61,2,2,2,2
3988,ODISHA,22.0,30.0,,,7.3,8.2,913,948,0.8,1.1,9.67,10.83,2,2,2,2
3989,ODISHA,22.0,30.0,,,7.6,8.4,698,2468,0.3,1.5,1.68,1.90,2,2,2,23
3990,ODISHA,22.0,22.0,,,6.8,7.9,196,284,0.3,0.4,0.20,0.26,2,2,2,13
3991,ODISHA,22.0,22.0,,,6.5,6.6,237,245,0.3,0.4,0.13,2.90,2,170,2,1600
3992,ODISHA,22.0,22.0,,,6.7,7.8,343,500,0.1,0.2,0.12,1.49,2,11,33,540
3993,ODISHA,22.0,22.0,,,6.9,7.4,269,387,0.1,0.3,0.17,6.16,2,49,2,2
3994,ODISHA,24.0,26.0,,,6.6,6.6,180,303,0.2,0.7,0.28,6.29,2,2,2,2
3995,ODISHA,24.0,26.0,,,7.6,7.8,217,308,0.2,0.7,0.07,0.14,2,2,2,46
3996,ODISHA,22.0,26.0,,,6.6,7.1,93,198,0.2,0.3,0.35,0.43,2,17,8,70
1397,PUDUCHERRY,29.0,30.0,,,6.1,6.5,400,479,BDL,BDL,9.60,10.22,2,2,2,2
1398,PUDUCHERRY,31.0,32.0,,,6.4,6.6,1375,1598,BDL,BDL,0.02,0.41,2,2,300,300
1453,PUDUCHERRY,30.5,31.0,,,6.6,7.1,576,651,BDL,BDL,4.29,4.65,2,2,350,350
1454,PUDUCHERRY,30.0,30.0,,,6.1,6.8,249,282,BDL,BDL,1.81,2.07,2,2,2,2
1687,PUDUCHERRY,28.0,29.0,,,7.5,8.4,2220,2220,BDL,1.6,0.17,0.99,240,240,500,500
1688,PUDUCHERRY,29.0,31.0,,,7.5,8.2,605,699,BDL,BDL,0.39,0.60,2,2,2,2
2009,PUDUCHERRY,31.0,31.0,,,6.4,6.4,497,552,0.0,BDL,2.91,4.97,2,2,2,2
2010,PUDUCHERRY,31.0,31.5,,,6.4,6.5,694,1198,BDL,BDL,0.73,1.33,2,2,280,280
2011,PUDUCHERRY,31.0,31.5,,,7.4,7.5,1680,5640,BDL,BDL,0.03,0.06,2,2,2,2
2012,PUDUCHERRY,30.0,30.0,,,6.7,6.9,2320,2500,BDL,5.7,0.63,1.38,280,280,350,350
2013,PUDUCHERRY,29.0,30.0,,,8.1,8.6,1784,2260,BDL,BDL,0.69,0.80,2,2,2,2
2014,PUDUCHERRY,28.5,29.0,,,8.1,8.6,1328,1598,BDL,BDL,0.81,1.18,2,2,2,2
2446,PUDUCHERRY,28.0,28.0,,,6.3,6.3,1743,1743,BDL,BDL,0.36,0.36,,,,
2447,PUDUCHERRY,28.5,28.5,,,6.8,6.8,8222,8222,BDL,BDL,0.70,0.70,,,,
3882,PUDUCHERRY,30.0,33.0,,,6.1,6.9,401,444,BDL,BDL,0.00,0.03,2,2,2,2
3883,PUDUCHERRY,32.0,32.0,,,6.5,7.2,326,363,BDL,BDL,0.00,0.04,2,2,2,2
3884,PUDUCHERRY,29.0,31.0,,,6.5,7.0,1040,1267,BDL,BDL,11.80,17.82,2,2,280,280
3885,PUDUCHERRY,30.0,32.0,,,6.7,7.1,1447,2140,BDL,BDL,0.20,2.68,240,240,300,300
3886,PUDUCHERRY,27.0,30.0,,,6.9,8.5,1177,1362,BDL,BDL,4.88,6.64,170,170,350,350
4631,PUDUCHERRY,29.0,29.0,,,8.1,8.1,1103,1103,BDL,BDL,2.45,2.45,,,,
4632,PUDUCHERRY,26.0,26.0,,,7.1,7.1,1610,1610,BDL,BDL,6.50,6.50,,,,
4633,PUDUCHERRY,33.0,33.0,,,6.1,6.1,790,790,BDL,BDL,0.05,0.05,,,,
1898,PUNJAB,,,,,7.0,7.0,1084,1084,BDL,BDL,25.00,25.00,,,,
1900,PUNJAB,,,,,7.7,7.7,693,693,BDL,BDL,5.10,5.10,,,,
1901,PUNJAB,,,,,7.6,7.6,770,770,BDL,BDL,22.00,22.00,,,,
1902,PUNJAB,,,,,7.1,7.1,1316,1316,BDL,BDL,14.00,14.00,,,,
1903,PUNJAB,,,,,7.6,7.6,694,694,BDL,BDL,5.80,5.80,,,,
2916,PUNJAB,,,,,7.3,7.3,1110,1110,BDL,BDL,1.40,1.40,,,,
2917,PUNJAB,,,,,7.1,7.1,985,985,BDL,BDL,8.00,8.00,,,,
2918,PUNJAB,,,,,7.6,7.6,2511,2511,BDL,BDL,27.00,27.00,,,,
2919,PUNJAB,,,,,7.7,7.7,3250,3250,BDL,BDL,28.00,28.00,,,,
2920,PUNJAB,,,,,7.2,7.6,1400,1517,BDL,BDL,9.00,10.00,2,2,2,2
2921,PUNJAB,,,,,7.5,7.6,396,407,BDL,BDL,0.70,0.90,2,2,2,2
2922,PUNJAB,,,,,7.4,7.7,1554,1589,BDL,BDL,14.00,14.50,2,2,2,2
2923,PUNJAB,,,,,7.6,7.9,305,340,BDL,BDL,0.60,0.90,2,2,2,2
2924,PUNJAB,,,,,7.3,7.3,993,993,BDL,BDL,2.40,2.40,,,,
2925,PUNJAB,,,,,6.7,6.7,2222,2222,BDL,BDL,3.60,3.60,,,,
2926,PUNJAB,,,,,7.5,7.5,1428,1428,BDL,BDL,18.00,18.00,,,,
2927,PUNJAB,,,,,7.4,7.4,1166,1166,BDL,BDL,19.00,19.00,,,,
2928,PUNJAB,,,,,7.5,7.5,849,849,BDL,BDL,2.20,2.20,,,,
2929,PUNJAB,,,,,7.8,7.8,402,402,BDL,BDL,0.90,0.90,,,,
2930,PUNJAB,,,,,7.8,7.8,733,733,BDL,BDL,1.20,1.20,,,,
2931,PUNJAB,,,,,8.2,8.2,2000,2000,BDL,BDL,1.00,1.00,,,,
4134,PUNJAB,,,,,7.4,7.8,509,538,BDL,BDL,0.50,0.70,2,2,2,2
4135,PUNJAB,,,,,7.3,7.9,525,553,BDL,BDL,0.50,0.80,2,2,2,2
4136,PUNJAB,,,,,7.6,7.6,554,554,BDL,BDL,0.90,0.90,,,,
4137,PUNJAB,,,,,7.2,7.2,1217,1217,BDL,BDL,2.80,2.80,,,,
4138,PUNJAB,,,,,7.3,7.3,832,832,BDL,BDL,2.20,2.20,,,,
4139,PUNJAB,,,,,7.0,7.0,1100,1100,BDL,BDL,31.00,31.00,,,,
4140,PUNJAB,,,,,7.0,7.0,480,480,BDL,BDL,1.80,1.80,,,,
4141,PUNJAB,,,,,6.5,6.5,335,335,BDL,BDL,4.80,4.80,,,,
4142,PUNJAB,,,,,7.2,7.2,528,528,BDL,BDL,1.20,1.20,,,,
4143,PUNJAB,30.0,30.0,,,7.3,7.7,587,891,BDL,BDL,0.60,0.90,2,2,2,2
4144,PUNJAB,20.0,20.0,,,7.2,7.5,613,993,BDL,BDL,3.00,3.40,2,2,2,2
4145,PUNJAB,20.0,20.0,,,6.9,8.1,531,1064,BDL,BDL,0.50,0.90,2,2,2,2
4147,PUNJAB,,,,,7.3,7.3,2224,2224,BDL,BDL,10.00,10.00,,,,
4148,PUNJAB,,,,,7.2,7.2,5020,5020,BDL,BDL,176.00,176.00,,,,
4149,PUNJAB,,,,,7.3,7.3,1200,1200,BDL,BDL,5.60,5.60,,,,
4150,PUNJAB,,,,,7.3,7.3,1846,1846,BDL,BDL,4.10,4.10,,,,
4151,PUNJAB,,,,,8.0,8.0,2190,2190,BDL,BDL,1.40,1.40,,,,
4153,PUNJAB,,,,,7.8,7.8,533,533,BDL,BDL,21.00,21.00,,,,
4154,PUNJAB,,,,,7.6,7.6,802,802,BDL,BDL,24.00,24.00,,,,
4155,PUNJAB,,,,,7.6,7.6,759,759,BDL,BDL,8.00,8.00,,,,
4156,PUNJAB,,,,,7.2,7.2,1102,1102,BDL,BDL,25.00,25.00,,,,
4157,PUNJAB,,,,,7.7,7.7,743,743,BDL,BDL,18.00,18.00,,,,
1415,RAJASTHAN,20.0,20.0,,,7.9,7.9,3500,3500,,,2.11,2.11,9,9,14,14
1706,RAJASTHAN,27.0,30.0,5.0,5.0,7.0,7.2,940,1020,,,2.20,2.74,3,9,3,14
1707,RAJASTHAN,28.0,34.0,,,7.3,7.5,1880,2000,,,1.77,1.84,3,3,4,7
1708,RAJASTHAN,29.0,31.0,,,7.1,7.1,1340,1490,,,1.76,2.01,3,4,3,7
1709,RAJASTHAN,26.0,26.0,,,8.0,8.0,1360,1360,,,2.20,2.20,3,3,7,7
1710,RAJASTHAN,25.0,26.0,3.9,3.9,7.3,7.9,1600,2800,,,2.10,2.29,3,4,4,7
1711,RAJASTHAN,26.0,26.0,3.7,3.7,7.3,7.8,3000,3400,,,2.20,2.37,3,3,3,7
1712,RAJASTHAN,26.0,27.0,3.9,3.9,7.4,8.1,1730,1820,,,2.06,2.10,3,9,3,14
1713,RAJASTHAN,26.0,27.0,,,7.4,7.9,630,790,,,2.06,2.20,3,4,3,7
1715,RAJASTHAN,24.0,24.0,,,7.4,7.5,1230,1340,,,1.85,2.07,3,4,7,9
1720,RAJASTHAN,28.0,28.0,,,7.6,8.0,1090,2100,,,2.00,2.10,3,7,3,11
,,,,,,,,,,,,,,,,,
1721,RAJASTHAN,27.0,27.0,,,7.8,8.1,590,610,,,1.82,2.11,3,7,3,14
1723,RAJASTHAN,29.0,29.0,,,7.5,7.9,3500,4100,,,1.34,1.40,3,7,3,11
1724,RAJASTHAN,29.0,30.0,,,7.8,7.9,420,490,,,2.36,3.16,3,4,7,9
1725,RAJASTHAN,28.0,29.0,,,6.9,7.2,2200,2800,,,1.67,1.85,3,7,7,14
2015,RAJASTHAN,30.0,33.0,,,6.8,8.1,2900,4100,,,1.67,1.83,3,4,4,7
2017,RAJASTHAN,30.0,30.0,,,6.7,7.6,2600,7100,,,1.84,2.37,3,4,4,7
2018,RAJASTHAN,30.0,30.0,,,6.8,7.8,4300,5700,,,2.37,2.75,3,4,4,9
2019,RAJASTHAN,20.0,22.0,,,7.0,7.1,1630,1690,,,0.02,1.66,4,4,4,7
2020,RAJASTHAN,20.0,22.0,,,7.2,7.4,2000,2800,,,1.76,1.84,3,4,7,11
2021,RAJASTHAN,20.0,22.0,,,0.0,7.0,1760,1800,,,1.76,1.84,3,3,7,7
2022,RAJASTHAN,20.0,22.0,,,7.0,7.4,880,1710,,,1.40,1.60,3,4,3,7
2023,RAJASTHAN,20.0,22.0,,,7.1,7.3,1340,1640,,,1.66,1.70,3,4,7,9
2024,RAJASTHAN,25.0,25.0,,,7.4,7.6,2600,2900,,,2.62,2.80,3,3,3,7
2025,RAJASTHAN,27.0,27.0,,,7.4,8.1,1590,1700,,,2.07,2.11,3,4,3,7
2027,RAJASTHAN,26.0,26.0,,,7.2,7.2,1900,2300,,,2.06,2.28,3,3,3,11
2028,RAJASTHAN,28.0,29.0,,,7.6,7.8,830,850,,,1.20,1.34,3,3,3,4
2029,RAJASTHAN,26.0,26.0,,,7.9,7.9,680,680,,,1.84,1.84,4,4,7,7
2031,RAJASTHAN,26.0,26.0,,,7.7,7.7,1090,1090,,,1.82,1.82,4,4,9,9
2032,RAJASTHAN,26.0,26.0,,,7.9,7.9,370,370,,,1.82,1.82,3,3,7,7
2960,RAJASTHAN,28.0,28.0,,,7.4,7.4,5000,5000,,,2.21,2.21,3,3,7,7
2961,RAJASTHAN,26.0,26.0,,,8.1,8.3,760,860,,,1.82,2.00,3,3,3,4
2962,RAJASTHAN,26.0,26.0,,,7.7,7.8,490,770,,,1.84,2.06,3,4,3,7
2963,RAJASTHAN,27.0,27.0,,,7.6,8.1,1610,2000,,,2.00,2.10,3,4,3,9
2964,RAJASTHAN,27.0,27.0,,,7.7,7.9,2100,2400,,,2.08,2.20,3,4,3,14
2965,RAJASTHAN,19.0,19.0,,,8.2,8.2,5100,5100,,,2.69,2.69,4,4,9,9
2966,RAJASTHAN,19.5,19.5,,,8.5,8.5,4900,4900,,,2.28,2.28,7,7,14,14
2967,RAJASTHAN,18.5,18.5,,,8.3,8.3,1310,1310,,,2.10,2.10,4,4,7,7
2968,RAJASTHAN,20.0,20.0,,,8.6,8.6,4300,4300,,,2.06,2.06,7,7,11,11
2969,RAJASTHAN,29.0,31.0,,,7.0,7.2,880,1070,,,1.66,1.76,3,4,7,9
2970,RAJASTHAN,27.0,33.0,4.8,4.8,7.2,7.6,1390,1580,,,1.76,1.86,3,4,3,7
2971,RAJASTHAN,28.0,32.0,0.2,0.2,7.1,7.2,2100,2400,,,1.76,2.00,3,3,3,7
2972,RAJASTHAN,28.0,34.0,4.0,4.0,6.9,7.0,2500,2700,,,1.82,2.06,4,7,4,14
2973,RAJASTHAN,28.0,32.0,4.4,4.4,6.9,7.2,3100,4100,,,1.83,2.07,3,7,3,11
2974,RAJASTHAN,29.0,30.0,,,7.1,7.3,1560,1630,,,2.06,2.10,3,7,7,11
2975,RAJASTHAN,28.0,31.0,,,7.0,7.2,3200,3500,,,2.00,2.20,3,4,7,9
2976,RAJASTHAN,26.0,27.0,,,7.4,7.9,5900,6000,,,4.56,5.36,75,93,210,240
2977,RAJASTHAN,28.0,30.0,,,7.0,8.1,16500,20000,,,2.10,2.36,3,7,4,11
2982,RAJASTHAN,29.0,30.0,,,7.3,8.2,12700,15800,,,2.01,2.37,3,3,4,7
2985,RAJASTHAN,29.0,30.0,,,6.7,7.7,14000,14100,,,2.80,3.04,3,3,4,11
2986,RAJASTHAN,24.0,24.0,,,7.2,7.7,11500,12800,,,1.66,1.84,3,4,7,9
2987,RAJASTHAN,24.0,24.0,,,7.8,7.8,4600,4600,,,1.84,1.84,3,3,3,3
2988,RAJASTHAN,24.0,24.0,,,7.7,7.9,4300,9700,,,2.06,2.81,3,3,3,7
2989,RAJASTHAN,24.0,24.0,,,7.5,7.5,10800,10800,,,1.76,1.76,3,3,7,7
2990,RAJASTHAN,25.0,25.0,,,7.7,7.7,13700,13700,,,1.84,1.84,3,3,7,7
2991,RAJASTHAN,24.0,25.0,,,7.3,7.4,11100,11400,,,1.78,1.87,4,7,7,7
2993,RAJASTHAN,23.0,25.0,,,7.8,7.9,4200,7000,,,3.11,3.16,3,4,7,7
2999,RAJASTHAN,25.0,26.0,4.2,4.2,7.9,8.0,1170,1490,,,2.07,2.46,3,4,3,7
3000,RAJASTHAN,25.0,27.0,4.0,4.0,7.3,7.7,870,1010,,,2.07,2.20,3,3,3,3
3001,RAJASTHAN,27.0,27.0,,,8.0,8.0,1060,1060,,,2.10,2.10,3,3,4,4
3002,RAJASTHAN,26.0,28.0,4.4,4.4,7.5,8.0,940,1740,,,2.11,2.20,3,7,3,11
3003,RAJASTHAN,26.0,27.0,3.4,3.4,7.4,7.9,1710,1800,,,1.76,2.07,3,3,3,7
3004,RAJASTHAN,25.0,29.0,4.8,4.8,8.0,8.1,1290,1340,,,2.29,2.62,3,4,7,11
3005,RAJASTHAN,26.0,27.0,4.8,4.8,7.9,8.1,860,960,,,2.10,2.80,3,7,3,11
3006,RAJASTHAN,28.0,28.0,,,7.8,8.0,2300,2300,,,1.14,1.55,3,3,3,7
4165,RAJASTHAN,27.0,27.0,,,7.6,7.7,1040,1070,,,2.10,2.21,3,4,4,7
4166,RAJASTHAN,26.0,26.0,,,7.8,8.5,2200,2500,,,2.28,2.74,4,9,4,14
4168,RAJASTHAN,18.5,18.5,,,7.4,7.4,4100,4100,,,2.47,2.47,9,9,14,14
4169,RAJASTHAN,18.0,18.0,,,7.5,7.6,1060,1090,,,2.10,2.74,4,4,7,9
4170,RAJASTHAN,17.5,19.0,,,7.5,7.5,1550,1700,,,2.36,3.65,3,4,7,7
4176,RAJASTHAN,25.0,28.0,,,7.3,7.3,2400,2600,,,1.84,2.10,4,4,7,9
4177,RAJASTHAN,18.0,26.0,4.2,7.8,7.3,9.0,420,1000,0.9,3.7,1.85,2.46,9,150,28,240
4178,RAJASTHAN,18.0,26.0,3.8,7.9,7.7,8.9,244,1460,3.1,4.6,1.84,2.46,20,150,75,210
4180,RAJASTHAN,26.0,29.0,4.0,4.0,7.5,8.0,1400,1470,,,1.82,2.05,3,4,4,7
4181,RAJASTHAN,27.0,27.0,3.5,3.5,7.6,7.9,2300,2300,,,2.74,3.10,3,4,7,11
4182,RAJASTHAN,26.0,26.0,4.3,4.3,7.9,7.9,2300,2300,,,1.83,1.83,3,3,3,3
4183,RAJASTHAN,26.0,27.0,3.8,3.8,7.6,8.0,2100,2200,,,1.88,2.06,3,4,3,7
4184,RAJASTHAN,25.0,27.0,3.6,3.6,7.3,7.9,2400,2500,,,1.82,2.00,3,3,7,11
4759,RAJASTHAN,26.0,26.0,,,7.6,7.6,2400,2400,,,2.06,2.06,4,4,9,9
4760,RAJASTHAN,27.0,28.0,,,7.4,7.5,1900,2100,0.0,0.0,2.46,2.80,3,7,7,14
4761,RAJASTHAN,23.0,25.0,,,7.4,7.4,36000,45000,,,1.82,2.00,3,4,7,9
4762,RAJASTHAN,25.0,25.0,,,7.6,7.6,24000,24000,,,1.84,1.84,3,3,7,7
4763,RAJASTHAN,23.0,25.0,,,8.0,8.2,4800,5400,,,1.71,1.85,3,3,3,4
4764,RAJASTHAN,23.0,25.0,,,7.6,7.8,2700,2800,,,1.76,2.00,3,7,3,11
4765,RAJASTHAN,25.0,25.0,,,7.6,7.6,25000,25000,,,1.77,1.77,3,3,3,3
4766,RAJASTHAN,23.0,25.0,,,7.6,7.6,5900,13000,,,1.84,2.06,3,7,7,11
4767,RAJASTHAN,23.0,25.0,,,7.6,7.8,8000,15500,,,2.02,2.13,3,3,7,11
4768,RAJASTHAN,23.0,25.0,,,7.5,7.9,11000,14100,,,2.01,2.21,3,3,4,7
4774,RAJASTHAN,26.0,28.0,2.5,2.5,7.6,7.9,1400,2400,,,2.28,2.47,3,4,4,7
4775,RAJASTHAN,26.0,27.0,3.5,3.5,7.6,7.9,1560,1690,,,2.28,2.37,3,3,3,7
4776,RAJASTHAN,25.0,27.0,3.5,3.5,7.7,7.8,1200,1340,,,2.06,2.20,3,4,3,7
4777,RAJASTHAN,26.0,28.0,4.0,4.0,7.7,7.9,1190,1370,,,2.36,2.81,3,7,3,11
4778,RAJASTHAN,26.0,26.0,3.6,3.6,7.8,7.9,1250,1380,,,1.84,2.06,3,4,3,9
4779,RAJASTHAN,26.0,26.0,,,7.7,7.9,880,1000,,,2.10,2.36,4,4,4,7
4780,RAJASTHAN,27.0,27.0,,,7.6,7.6,5000,5000,,,2.05,2.05,4,4,4,4
4782,RAJASTHAN,29.0,29.0,,,7.4,7.4,5200,5200,,,2.07,2.07,7,7,11,11
4783,RAJASTHAN,28.0,28.0,,,7.9,7.9,590,590,,,1.76,1.76,20,20,28,28
4784,RAJASTHAN,29.0,30.0,,,8.0,702.0,2200,2500,,,3.00,3.11,3,4,4,11
4785,RAJASTHAN,29.0,30.0,,,6.4,7.5,6000,9000,,,2.81,3.13,3,4,4,7
4786,RAJASTHAN,30.0,30.0,,,7.6,7.6,7600,7600,,,3.01,3.01,3,3,7,7
4787,RAJASTHAN,30.0,30.0,,,7.9,7.9,5800,5800,,,3.05,3.05,3,3,4,4
4788,RAJASTHAN,28.0,30.0,,,6.5,7.6,5200,8000,,,2.69,3.00,3,3,4,7
4789,RAJASTHAN,22.0,30.0,,,7.1,8.2,4300,4900,,,3.04,4.03,3,7,4,11
4791,RAJASTHAN,23.8,24.0,,,7.8,7.9,520,530,,,2.10,2.62,4,7,7,11
4792,RAJASTHAN,24.0,28.0,,,7.6,7.8,4300,4600,,,1.25,1.40,3,4,7,14
4793,RAJASTHAN,27.0,27.0,,,7.7,8.1,1470,1610,,,1.55,1.77,3,4,3,9
4794,RAJASTHAN,26.0,27.0,,,8.0,8.2,890,900,,,1.60,1.83,3,3,3,7
4796,RAJASTHAN,20.0,22.0,,,7.2,7.3,1370,1510,,,1.66,1.82,4,7,7,11
4797,RAJASTHAN,20.0,22.0,,,7.2,7.7,930,1320,,,1.70,1.84,4,9,7,14
4798,RAJASTHAN,20.0,22.0,,,7.4,7.7,1510,1540,,,2.20,2.46,4,4,7,7
4799,RAJASTHAN,24.0,24.0,,,7.3,7.7,1070,1580,,,1.34,1.50,3,4,7,11
4800,RAJASTHAN,27.0,28.0,,,7.6,8.1,890,2700,,,1.66,1.84,3,3,3,7
4801,RAJASTHAN,29.0,29.0,,,7.6,7.6,3100,3100,,,1.84,1.84,4,4,7,7
4802,RAJASTHAN,27.0,29.0,,,7.3,7.7,1610,1800,,,1.82,2.10,3,3,3,4
4803,RAJASTHAN,27.0,28.3,,,7.2,7.5,5000,5300,,,1.61,1.70,3,7,3,14
4806,RAJASTHAN,18.5,26.5,,,8.0,9.7,4200,4500,,,2.47,2.80,4,4,7,9
4807,RAJASTHAN,19.0,28.0,,,7.8,8.5,5400,8500,,,1.70,2.11,4,7,7,11
4808,RAJASTHAN,18.0,27.5,,,7.7,8.3,4400,4900,,,2.37,2.81,3,4,7,7
4809,RAJASTHAN,19.5,27.0,4.4,4.4,7.7,8.6,1690,4300,1.2,1.2,3.00,3.08,4,4,7,11
32,TAMIL NADU,30.0,30.0,6.7,6.7,8.0,8.0,406,406,0.1,0.1,0.03,0.03,2,2,2,2
1449,TAMIL NADU,26.0,33.0,6.0,6.3,7.3,7.6,818,890,2.0,5.0,0.58,1.80,2,2,4,4
4810,TAMIL NADU,30.0,30.0,3.1,3.1,7.5,7.5,2460,2460,0.2,0.2,0.01,0.01,2,2,6,6
4811,TAMIL NADU,30.0,30.0,6.2,6.2,7.7,7.7,2060,2060,0.1,0.1,4.03,4.03,4,4,9,9
4814,TAMIL NADU,27.0,30.0,4.3,5.0,6.7,7.0,1641,2410,BDL,2.0,0.29,7.64,2,4,4,10
4815,TAMIL NADU,28.0,30.0,3.5,5.2,6.6,7.2,814,1052,0.0,2.1,0.22,0.95,2,24,4,79
4816,TAMIL NADU,27.0,27.0,4.0,4.0,6.9,6.9,1401,1401,2.9,2.9,2.32,2.32,2,2,2,2
4817,TAMIL NADU,27.0,27.0,5.5,5.5,7.2,7.2,72,72,2.9,2.9,0.07,0.07,2,2,4,4
4818,TAMIL NADU,28.0,28.0,7.3,7.3,6.7,6.7,2330,2330,BDL,BDL,0.00,0.00,2,2,4,4
4819,TAMIL NADU,28.0,28.0,7.0,7.0,6.9,6.9,179,179,2.1,2.1,0.29,0.29,7,7,24,24
4820,TAMIL NADU,28.0,28.0,6.0,6.0,6.6,6.6,178,178,2.5,2.5,1.30,1.30,32,32,110,110
4821,TAMIL NADU,28.0,28.0,6.8,6.8,7.0,7.0,388,388,0.4,0.4,0.06,0.06,4,4,11,11
4824,TAMIL NADU,29.0,29.0,5.9,5.9,7.4,7.4,3360,3360,1.6,1.6,2.01,2.01,2,2,4,4
4825,TAMIL NADU,29.0,29.0,6.7,6.7,7.6,7.6,1958,1958,0.7,0.7,0.25,0.25,2,2,4,4
4826,TAMIL NADU,29.0,29.0,6.6,6.6,7.9,7.9,360,360,0.4,0.4,1.65,1.65,4,4,6,6
15,TELANGANA,27.0,27.0,0.1,0.1,7.3,7.3,725,725,,,2.20,2.20,,,,
16,TELANGANA,28.0,28.0,,,7.6,7.6,753,753,,,13.00,13.00,,,,
27,TELANGANA,21.0,21.0,,,7.3,7.6,514,1577,2.4,2.4,15.29,15.29,2,2,2,2
1515,TELANGANA,27.0,27.0,2.8,2.8,7.2,7.2,1120,1120,,,6.00,6.00,,,,
1525,TELANGANA,23.0,27.0,,,6.7,6.9,2600,2890,4.5,4.5,38.38,38.38,2,2,2,2
1791,TELANGANA,27.0,27.0,,,7.2,7.2,1702,1702,,,7.00,7.00,,,,
1792,TELANGANA,28.0,28.0,,,8.1,8.1,1637,1637,,,12.00,12.00,,,,
1793,TELANGANA,27.0,27.0,,,7.5,7.5,1711,1711,,,1.20,1.20,,,,
1794,TELANGANA,27.0,27.0,,,7.2,7.2,1238,1238,,,3.20,3.20,,,,
1795,TELANGANA,22.0,26.0,,,7.2,7.2,2900,3120,5.6,5.6,36.42,36.42,2,2,2,2
1810,TELANGANA,28.0,28.0,,,7.4,7.4,2652,2652,,,25.37,25.37,,,,
1811,TELANGANA,21.0,21.0,,,7.2,7.6,1847,1900,2.7,2.7,0.35,18.35,2,2,2,2
3088,TELANGANA,27.0,27.0,2.2,2.2,7.2,7.2,1767,1767,,,10.00,10.00,,,,
3094,TELANGANA,27.0,27.0,,,7.7,7.7,967,967,,,1.60,1.60,,,,
4260,TELANGANA,26.0,27.0,,,7.2,7.5,1084,1326,7.0,7.0,15.43,15.43,2,2,2,2
4261,TELANGANA,26.0,27.0,,,6.4,7.2,4600,5340,14.7,14.7,35.41,35.41,2,2,2,2
4262,TELANGANA,26.0,28.0,,,6.8,7.4,2161,2198,3.3,3.3,35.41,37.42,2,2,2,2
4263,TELANGANA,27.0,27.0,,,7.0,7.3,3480,3640,8.4,8.4,29.29,29.29,2,2,2,2
4264,TELANGANA,20.0,20.0,,,6.6,7.2,2100,3510,3.2,3.2,23.49,23.49,2,2,2,2
4265,TELANGANA,22.0,22.0,,,6.8,7.2,1556,2590,1.5,1.5,21.20,21.21,2,2,2,2
4266,TELANGANA,24.0,28.0,,,7.1,7.4,1180,1518,3.0,3.0,13.23,13.23,2,2,2,2
4268,TELANGANA,27.0,27.0,,,7.8,7.8,1226,1226,,,9.00,9.00,,,,
4269,TELANGANA,27.0,27.0,,,6.8,6.8,3480,3480,,,1.40,1.40,,,,
4270,TELANGANA,27.0,27.0,,,7.2,7.2,2510,2510,,,13.00,13.00,,,,
4271,TELANGANA,27.0,27.0,,,7.7,7.7,1652,1652,,,20.00,20.00,,,,
4272,TELANGANA,27.0,27.0,,,7.8,7.8,826,826,,,2.30,2.30,,,,
4273,TELANGANA,27.0,27.0,,,6.8,6.8,2998,2998,,,19.00,19.00,,,,
4274,TELANGANA,27.0,27.0,,,7.0,7.0,2186,2186,,,20.00,20.00,,,,
4275,TELANGANA,27.0,27.0,1.4,1.4,7.2,7.2,2256,2256,,,11.00,11.00,,,,
4276,TELANGANA,27.0,27.0,,,7.3,7.3,2215,2215,,,39.36,39.36,,,,
4277,TELANGANA,25.0,25.0,,,6.6,7.4,6100,6890,9.0,9.0,37.57,37.57,2,2,2,2
4278,TELANGANA,25.0,25.0,,,6.8,7.2,1254,1674,5.0,5.0,21.12,21.12,2,2,2,2
4279,TELANGANA,25.0,25.0,,,6.7,6.9,440,3200,1.2,1.2,11.18,11.18,2,2,2,2
4280,TELANGANA,29.0,29.0,2.0,2.0,7.5,7.5,3875,3875,,,4.80,4.80,,,,
4281,TELANGANA,21.0,21.0,,,7.2,7.3,3010,4290,3.3,3.3,25.17,25.17,2,2,2,2
4282,TELANGANA,22.0,22.0,,,6.9,7.3,1667,1695,1.8,1.8,35.12,35.12,2,2,2,2
4283,TELANGANA,21.0,21.0,,,6.7,7.4,2915,3920,2.0,2.0,32.15,32.15,2,2,2,2
4284,TELANGANA,20.0,20.0,,,7.2,7.4,753,1732,1.2,1.2,19.32,19.32,2,2,2,2
4285,TELANGANA,21.0,21.0,,,7.2,7.2,1259,2775,3.0,3.0,27.26,27.26,2,2,2,2
4286,TELANGANA,21.0,21.0,,,7.0,7.1,678,2031,,,27.42,27.42,2,2,2,2
4287,TELANGANA,20.0,20.0,,,6.9,7.1,1078,1732,1.8,1.8,18.37,18.37,2,2,2,2
4288,TELANGANA,22.0,22.0,,,7.4,9.7,520,1160,,,11.15,11.15,2,2,2,2
4289,TELANGANA,21.0,21.0,,,7.0,7.0,1705,1705,,,18.37,18.37,,,,
4290,TELANGANA,20.0,20.0,,,7.1,7.1,325,325,,,11.15,11.15,,,,
1405,TRIPURA,24.5,25.5,0.4,0.5,5.9,6.1,136,143,0.0,0.0,0.18,0.23,2,2,2,2
1406,TRIPURA,24.0,25.5,0.4,0.6,6.0,6.1,159,161,0.0,0.0,0.25,0.30,2,2,2,2
1730,TRIPURA,24.0,26.0,0.2,0.2,6.1,6.3,131,135,0.0,0.0,0.28,0.34,2,2,2,2
1731,TRIPURA,24.0,26.5,0.1,0.2,6.0,6.1,128,139,0.0,0.0,0.18,0.20,2,2,2,2
1732,TRIPURA,24.5,25.5,0.0,0.2,5.4,5.6,142,153,0.0,0.0,0.27,0.31,2,2,2,2
1733,TRIPURA,24.0,26.0,0.4,0.5,5.8,6.0,137,144,0.0,0.1,0.25,0.28,2,2,2,2
1734,TRIPURA,23.5,25.5,0.0,0.2,6.1,6.4,135,149,0.0,0.0,0.26,0.31,2,2,2,2
3423,TRIPURA,24.5,24.5,1.1,1.1,6.2,6.2,122,122,0.0,0.0,0.20,0.20,2,2,2,2
3424,TRIPURA,25.0,25.0,1.1,1.1,6.2,6.2,122,122,0.2,0.2,0.17,0.17,2,2,2,2
3425,TRIPURA,25.5,25.5,0.8,0.8,5.9,5.9,127,127,0.0,0.0,0.24,0.24,2,2,2,2
3426,TRIPURA,24.5,24.5,0.3,0.3,5.9,5.9,129,129,0.0,0.0,0.18,0.18,2,2,2,2
3427,TRIPURA,24.5,24.5,0.5,0.5,6.0,6.0,98,98,0.2,0.2,0.13,0.13,2,2,2,2
3428,TRIPURA,24.5,24.5,0.8,0.8,5.7,5.7,125,125,0.1,0.1,0.15,0.15,2,2,2,2
3429,TRIPURA,24.0,24.0,0.8,0.8,6.0,6.0,118,118,0.1,0.1,0.17,0.17,2,2,2,2
3430,TRIPURA,24.5,24.5,0.8,0.8,6.0,6.0,101,101,0.2,0.2,0.20,0.20,2,2,2,2
3431,TRIPURA,24.5,24.5,0.8,0.8,5.7,5.7,91,91,0.1,0.1,0.14,0.14,2,2,2,2
3432,TRIPURA,25.0,25.0,0.7,0.7,5.6,5.6,112,112,0.1,0.1,0.21,0.21,2,2,2,2
3433,TRIPURA,24.5,24.5,0.8,0.8,6.2,6.2,109,109,0.2,0.2,0.20,0.20,2,2,2,2
3434,TRIPURA,25.0,25.0,0.6,0.6,5.7,5.7,107,107,0.0,0.0,0.22,0.22,2,2,2,2
3435,TRIPURA,24.5,24.5,0.6,0.6,6.1,6.1,115,115,0.1,0.1,0.17,0.17,2,2,2,2
3436,TRIPURA,25.0,25.0,0.6,0.6,5.8,5.8,129,129,0.1,0.1,0.22,0.22,2,2,2,2
4185,TRIPURA,23.5,23.5,1.6,1.6,6.3,6.3,118,118,0.1,0.1,0.21,0.21,2,2,2,2
4186,TRIPURA,25.0,25.0,0.8,0.8,6.0,6.0,102,102,0.2,0.2,0.23,0.23,2,2,2,2
4187,TRIPURA,25.5,25.5,1.1,1.1,6.6,6.6,110,110,0.1,0.1,0.25,0.25,2,2,2,2
4188,TRIPURA,25.0,25.0,1.5,1.5,6.8,6.8,106,106,0.1,0.1,0.20,0.20,2,2,2,2
4189,TRIPURA,25.0,25.0,1.8,1.8,6.3,6.3,95,95,0.1,0.1,0.18,0.18,2,2,2,2
4190,TRIPURA,25.5,25.5,1.2,1.2,5.7,5.7,98,98,0.2,0.2,0.21,0.21,2,2,2,2
4191,TRIPURA,25.0,25.0,0.8,0.8,6.3,6.3,114,114,0.2,0.2,0.27,0.27,2,2,2,2
4200,TRIPURA,25.0,25.0,0.5,0.5,6.2,6.2,119,119,0.0,0.0,0.19,0.19,2,2,2,2
4201,TRIPURA,25.0,25.0,0.6,0.6,5.2,5.2,157,157,0.1,0.1,0.19,0.19,2,2,2,2
4202,TRIPURA,25.0,25.0,1.5,1.5,5.6,5.6,169,169,0.3,0.3,0.16,0.16,2,2,2,2
4203,TRIPURA,24.5,24.5,0.5,0.5,5.6,5.6,149,149,0.1,0.1,0.29,0.29,2,2,2,2
4204,TRIPURA,25.0,25.0,0.6,0.6,5.8,5.8,137,137,0.2,0.2,0.36,0.36,2,2,2,2
4205,TRIPURA,25.0,25.0,0.7,0.7,6.1,6.1,131,131,0.2,0.2,0.34,0.34,2,2,2,2
4206,TRIPURA,25.0,25.0,0.5,0.5,5.6,5.6,121,121,0.2,0.2,0.45,0.45,2,2,2,2
4207,TRIPURA,25.0,25.0,0.7,0.7,6.1,6.1,139,139,0.3,0.3,0.26,0.26,2,2,2,2
4208,TRIPURA,25.0,25.0,0.6,0.6,5.8,5.8,143,143,0.4,0.4,0.32,0.32,2,2,2,2
4209,TRIPURA,25.5,25.5,0.3,0.3,6.0,6.0,147,147,0.0,0.0,0.28,0.28,2,2,2,2
4210,TRIPURA,25.0,25.0,0.3,0.3,5.8,5.8,130,130,0.1,0.1,0.27,0.27,2,2,2,2
4211,TRIPURA,24.5,24.5,0.3,0.3,6.1,6.1,132,132,0.0,0.0,0.23,0.23,2,2,2,2
4212,TRIPURA,24.0,24.0,0.4,0.4,6.0,6.0,124,124,0.2,0.2,0.34,0.34,2,2,2,2
4213,TRIPURA,25.0,25.0,0.5,0.5,5.9,5.9,124,124,0.2,0.2,0.26,0.26,2,2,2,2
4214,TRIPURA,25.0,25.0,0.5,0.5,5.6,5.6,149,149,0.2,0.2,0.27,0.27,2,2,2,2
4215,TRIPURA,24.5,24.5,0.3,0.3,5.2,5.2,155,155,0.1,0.1,0.30,0.30,2,2,2,2
4216,TRIPURA,25.0,25.0,1.1,1.1,5.4,5.4,140,140,0.2,0.2,0.18,0.18,2,2,2,2
4217,TRIPURA,25.0,25.0,0.5,0.5,5.6,5.6,155,155,0.0,0.0,0.21,0.21,2,2,2,2
4218,TRIPURA,24.5,24.5,0.5,0.5,5.9,5.9,126,126,0.2,0.2,0.18,0.18,2,2,2,2
1736,UTTAR PRADESH,22.0,24.0,,,5.6,7.9,658,680,4.4,4.8,,,,,,
1737,UTTAR PRADESH,22.0,24.0,0.0,0.0,5.6,5.8,618,680,5.0,5.4,,,2,2,2,2
1738,UTTAR PRADESH,27.0,27.0,,,7.3,7.5,615,675,1.8,1.8,0.68,0.68,2,2,2,13
1739,UTTAR PRADESH,27.0,27.0,,,7.3,7.4,1214,1521,0.4,0.4,0.65,0.65,2,93,2,2
1740,UTTAR PRADESH,28.0,28.0,,,7.6,7.7,428,1845,0.8,0.8,0.55,0.55,2,2,2,23
1741,UTTAR PRADESH,27.0,27.0,,,7.4,7.6,573,878,1.2,1.2,0.42,0.42,2,220,2,540
1742,UTTAR PRADESH,26.1,26.1,,,7.3,7.5,456,963,BDL,BDL,1.00,1.40,40,40,68,350
1743,UTTAR PRADESH,25.8,25.8,,,7.2,7.6,508,520,BDL,BDL,3.80,4.28,2,2,2,49
1744,UTTAR PRADESH,30.0,30.0,,,7.5,7.5,848,848,0.0,0.0,,,2,2,2,2
1745,UTTAR PRADESH,30.0,30.0,,,7.9,7.9,2050,2050,0.0,0.0,,,2,2,2,2
1746,UTTAR PRADESH,19.0,19.0,,,7.8,7.8,1161,1161,,,0.11,0.11,,,,
1747,UTTAR PRADESH,20.0,20.0,,,8.0,8.0,1189,1189,,,0.16,0.16,,,,
1749,UTTAR PRADESH,18.0,18.0,,,7.2,7.2,695,695,,,2.20,2.20,,,,
1750,UTTAR PRADESH,17.0,17.0,,,7.4,7.4,725,725,,,1.80,1.80,,,2,2
1751,UTTAR PRADESH,,,,,7.4,7.5,413,421,BDL,1.0,0.38,0.38,2,20,2,92
1752,UTTAR PRADESH,23.0,23.0,,,6.6,6.6,1730,1730,1.2,1.2,0.42,0.42,2,2,2,2
1753,UTTAR PRADESH,20.0,23.0,,,6.9,7.9,501,1232,0.3,2.8,0.39,0.40,2,2,2,2
1754,UTTAR PRADESH,20.0,24.0,,,6.9,7.0,960,982,0.4,0.7,0.38,0.40,2,2,2,2
1755,UTTAR PRADESH,20.0,24.0,,,6.7,6.8,1198,1210,0.2,0.3,0.30,0.38,2,2,2,2
1756,UTTAR PRADESH,22.0,25.5,,,7.6,7.6,422,482,1.3,1.3,1.60,1.80,,,,
1758,UTTAR PRADESH,22.2,25.5,,,7.5,7.8,468,534,0.8,0.8,1.56,2.10,,,,
1759,UTTAR PRADESH,25.3,26.3,,,6.8,7.1,848,956,0.2,0.3,1.08,1.14,2,2,2,2
1760,UTTAR PRADESH,24.0,24.0,,,8.2,8.2,485,485,1.3,1.3,1.40,1.40,,,,
2467,UTTAR PRADESH,22.2,26.0,,,7.6,7.6,482,525,0.9,0.9,2.40,194.00,,,,
2468,UTTAR PRADESH,22.8,26.0,,,7.6,7.7,458,474,1.2,1.2,0.16,1.40,,,,
2469,UTTAR PRADESH,25.4,26.5,0.0,0.0,7.0,7.1,1188,1400,0.2,0.4,1.25,1.33,2,2,2,2
2470,UTTAR PRADESH,25.3,26.2,0.0,0.0,7.1,7.1,1624,1673,0.3,0.4,1.54,1.61,2,2,2,2
2471,UTTAR PRADESH,22.0,24.0,,,5.6,7.2,516,560,2.6,3.6,,,,,,
2472,UTTAR PRADESH,17.0,17.0,,,7.2,7.2,640,640,,,1.60,1.60,,,,
2473,UTTAR PRADESH,17.0,17.0,,,7.1,7.1,715,715,,,2.10,2.10,,,2,2
2474,UTTAR PRADESH,19.0,19.0,,,7.8,7.8,1182,1182,,,0.12,0.12,,,,
2475,UTTAR PRADESH,18.0,18.0,,,8.1,8.1,1118,1118,,,0.14,0.14,,,,
2477,UTTAR PRADESH,24.6,25.1,,,7.2,7.4,932,1582,,,,,,,,
2478,UTTAR PRADESH,26.0,26.0,,,7.3,7.8,487,587,BDL,BDL,1.24,1.62,2,2,2,2
2479,UTTAR PRADESH,23.0,25.0,6.4,6.4,7.2,7.3,232,236,0.3,0.5,,,2,2,33,37
2480,UTTAR PRADESH,19.0,19.0,1.8,1.8,7.0,7.0,340,340,,,,,,,,
1748,UTTARAKHAND,28.0,30.0,0.0,0.0,7.5,7.5,240,360,2.4,3.2,,,,,,
3440,UTTARAKHAND,29.0,30.0,0.0,0.0,6.8,7.5,390,535,1.6,1.8,,,,,,
3441,UTTARAKHAND,29.0,30.0,0.0,0.0,7.1,7.5,323,520,1.4,13.0,,,,,,
3442,UTTARAKHAND,29.0,29.0,0.0,0.0,7.4,7.6,296,306,1.4,1.8,,,,,,
3443,UTTARAKHAND,29.0,30.0,0.0,0.0,7.4,7.5,263,320,2.0,2.4,,,,,,
3444,UTTARAKHAND,32.0,32.0,0.0,0.0,7.2,7.2,350,350,1.2,1.2,,,,,,
3445,UTTARAKHAND,32.0,32.0,0.0,0.0,7.4,7.4,580,580,1.6,1.6,,,,,,
3446,UTTARAKHAND,26.0,30.0,0.0,0.0,7.3,7.5,249,420,1.4,1.6,,,,,,
3447,UTTARAKHAND,28.6,28.6,0.0,0.0,7.3,7.3,320,320,1.8,1.8,,,,,,
3448,UTTARAKHAND,25.0,30.0,0.0,0.0,7.3,7.4,296,490,1.2,8.0,,,,,,
3449,UTTARAKHAND,30.0,30.0,0.0,0.0,7.2,7.2,340,340,2.2,2.2,,,,,,
3450,UTTARAKHAND,17.0,18.0,,,7.0,7.5,422,486,,,,,,,2,2
3451,UTTARAKHAND,17.0,20.0,,,7.4,7.4,451,970,,,,,,,2,2
3452,UTTARAKHAND,19.0,19.0,,,7.1,7.1,1770,1770,,,,,,,2,2
3453,UTTARAKHAND,18.0,18.0,,,7.2,7.7,372,1044,,,,,,,2,2
3454,UTTARAKHAND,17.0,18.0,,,7.2,7.5,510,890,,,,,,,2,2
3455,UTTARAKHAND,18.0,20.0,,,7.1,7.9,373,572,,,,,,,2,2
3456,UTTARAKHAND,15.0,16.0,,,7.2,7.4,,,,,,,,,2,2
3457,UTTARAKHAND,15.0,17.0,,,7.3,7.3,,,,,,,,,2,2
1766,WEST BENGAL,27.0,30.5,,,8.4,8.4,669,752,0.5,0.6,BDL,0.05,,,2,2
1767,WEST BENGAL,26.0,27.0,,,8.0,8.2,174,431,0.5,0.6,0.11,0.21,,,,
1768,WEST BENGAL,23.5,30.0,,,7.8,8.3,406,462,0.5,0.7,0.13,0.21,2,2,3,7
1769,WEST BENGAL,31.0,31.0,,,7.3,7.9,1265,2422,0.4,0.7,0.38,0.75,,,,
1770,WEST BENGAL,26.0,34.0,,,7.4,7.7,2090,2369,0.6,1.2,0.16,1.17,,,,
1771,WEST BENGAL,27.0,28.0,,,7.3,7.6,868,1245,0.7,2.6,0.52,0.60,3,3,5,5
1772,WEST BENGAL,27.0,29.0,,,7.4,7.9,377,1094,0.1,0.6,0.24,0.37,3,3,6,6
1773,WEST BENGAL,29.0,31.0,,,7.6,7.7,2154,2463,0.5,0.6,0.12,1.44,110,110,220,300
1774,WEST BENGAL,26.0,27.0,,,7.4,7.4,2309,2343,0.6,1.3,0.10,2.80,4,4,9,9
1775,WEST BENGAL,27.0,27.0,,,7.4,7.7,2060,2300,0.6,1.4,0.05,0.05,2,2,4,4
1776,WEST BENGAL,25.0,29.0,,,7.7,7.8,872,939,0.5,2.9,0.07,0.49,,,,
1777,WEST BENGAL,28.0,28.0,,,7.9,8.2,966,1101,0.8,1.4,0.03,0.29,2,2,2,4
1778,WEST BENGAL,24.0,29.0,,,7.5,7.8,738,836,0.9,1.3,0.15,0.34,,,,
1779,WEST BENGAL,27.0,28.0,,,7.6,8.4,635,999,0.2,0.3,0.49,1.00,3,3,4,4
1813,WEST BENGAL,22.0,27.0,,,7.4,7.5,487,722,0.2,0.3,0.17,0.22,2,2,3,3
1931,WEST BENGAL,29.0,30.0,,,7.4,7.4,2642,3047,0.3,4.0,0.12,0.33,,,,
1932,WEST BENGAL,28.0,31.0,,,7.6,7.9,894,957,0.2,0.4,0.14,0.33,,,,
1933,WEST BENGAL,28.0,30.0,,,7.0,7.3,1518,1715,0.3,0.8,0.05,0.67,2,2,2,2
1934,WEST BENGAL,28.0,29.0,,,7.3,7.6,2634,2992,0.1,0.5,0.07,0.86,,,,
1935,WEST BENGAL,29.0,30.0,,,7.1,7.5,1648,1936,0.4,0.6,0.05,1.94,9,9,14,14
1936,WEST BENGAL,28.0,28.0,,,7.8,7.9,949,1009,0.3,0.8,0.48,4.75,,,2,2
1937,WEST BENGAL,29.0,30.0,,,7.4,7.8,387,2992,0.7,3.1,0.03,0.13,,,,
1938,WEST BENGAL,27.0,30.0,,,8.3,8.4,828,1788,0.4,0.5,0.66,0.89,3,3,6,6
1939,WEST BENGAL,27.0,28.0,,,7.5,7.7,358,385,0.5,0.7,0.48,0.49,,,,
1940,WEST BENGAL,21.0,27.0,,,7.3,7.4,560,893,0.3,0.4,0.27,0.56,2,2,2,2
1941,WEST BENGAL,27.0,28.0,,,7.6,7.8,405,494,0.3,0.5,0.50,0.73,2,2,2,2
1942,WEST BENGAL,31.0,31.0,,,7.6,7.7,1319,1701,0.3,0.4,0.03,0.12,,,,
1943,WEST BENGAL,25.0,31.0,,,7.0,7.5,501,593,0.5,0.6,0.17,0.90,,,,
1944,WEST BENGAL,27.0,30.0,,,5.8,7.6,113,144,0.8,1.1,0.28,1.24,,,,
1945,WEST BENGAL,25.0,39.0,,,7.6,7.9,440,551,0.3,0.3,0.14,0.15,3,3,5,5
2510,WEST BENGAL,29.0,32.0,,,7.3,7.8,1029,1154,0.5,0.5,0.22,1.96,,,,
2515,WEST BENGAL,27.0,28.0,,,7.3,8.3,571,597,0.3,0.5,0.36,0.43,3,3,4,4
2516,WEST BENGAL,27.0,28.0,,,7.6,7.6,575,746,0.4,0.8,0.12,0.35,2,2,2,2
2526,WEST BENGAL,26.0,26.0,,,6.9,7.4,89,261,0.8,2.8,1.11,2.69,70,90,110,140
2528,WEST BENGAL,24.0,27.5,,,8.1,8.4,404,610,0.5,0.8,0.11,0.55,2,2,3,4
2529,WEST BENGAL,26.0,27.5,,,7.7,8.1,972,1102,0.7,0.9,0.06,0.70,,,,
2530,WEST BENGAL,60.0,66.0,,,8.9,9.1,532,636,0.5,0.6,0.15,0.24,,,,
2533,WEST BENGAL,28.0,32.0,,,8.1,8.3,667,835,0.8,0.9,0.19,0.58,2,2,3,4
2535,WEST BENGAL,29.0,32.0,,,8.0,8.4,450,507,0.9,0.9,0.05,0.87,2,2,2,3
2536,WEST BENGAL,28.0,29.0,,,8.0,8.1,1168,1233,0.7,0.9,0.66,0.91,2,2,2,3
2537,WEST BENGAL,29.0,30.0,,,7.9,8.1,569,1056,0.8,0.9,0.71,0.92,2,2,2,2
2538,WEST BENGAL,28.0,29.0,,,8.1,8.3,317,392,0.9,0.9,0.20,0.84,,,,
2540,WEST BENGAL,26.5,27.0,,,7.8,8.3,1228,1502,0.9,0.9,0.11,0.12,,,,
2542,WEST BENGAL,27.0,27.5,,,7.9,8.1,635,1984,0.6,0.6,0.61,0.78,,,,
2543,WEST BENGAL,26.0,28.5,,,7.0,7.5,191,216,0.6,0.7,0.73,0.92,,,,
2545,WEST BENGAL,25.0,27.0,,,7.3,7.8,1643,1984,0.6,0.6,0.10,0.95,2,2,2,2
2546,WEST BENGAL,29.0,30.0,,,7.5,7.7,944,1118,0.6,0.7,0.10,0.23,,,,
2547,WEST BENGAL,28.0,28.0,,,7.5,7.8,273,9146,3.5,5.7,0.12,0.19,,,,
2548,WEST BENGAL,29.0,30.0,,,7.7,7.9,303,388,2.4,3.2,0.15,0.81,2,4,7,8
4706,WEST BENGAL,28.0,28.0,,,7.3,7.3,866,866,0.7,0.7,0.32,0.32,,,,
4707,WEST BENGAL,27.0,27.0,,,8.4,8.4,294,294,0.8,0.8,0.31,0.31,,,,
4708,WEST BENGAL,28.0,28.0,,,7.6,7.6,776,776,0.6,0.6,0.28,0.28,,,,
4709,WEST BENGAL,28.0,28.0,,,7.8,7.8,263,263,0.2,0.2,0.25,0.25,2,2,2,2
4712,WEST BENGAL,31.0,31.0,,,7.9,7.9,3367,3367,0.8,0.8,0.43,0.43,,,,
4713,WEST BENGAL,31.0,31.0,,,7.7,7.7,1890,1890,0.4,0.4,,,,,,
4714,WEST BENGAL,24.0,24.0,,,8.0,8.0,699,699,0.7,0.7,0.13,0.13,3,3,5,5
4715,WEST BENGAL,24.0,24.0,,,7.2,7.2,380,380,0.6,0.6,0.22,0.22,,,,
4716,WEST BENGAL,27.0,27.0,,,7.5,7.5,392,392,0.7,0.7,0.53,0.53,,,,
4721,WEST BENGAL,28.0,28.0,,,7.7,7.7,91,91,0.2,0.2,0.50,0.50,,,,
4726,WEST BENGAL,21.0,21.0,,,7.2,7.2,161,161,0.5,0.5,0.30,0.30,,,,
4730,WEST BENGAL,26.0,26.0,,,7.6,7.6,882,882,0.8,0.8,1.77,1.77,,,,
4731,WEST BENGAL,26.0,26.0,,,7.7,7.7,293,293,0.3,0.3,0.45,0.45,,,,
4732,WEST BENGAL,28.0,28.0,,,7.9,7.9,611,611,0.6,0.6,0.88,0.88,,,,
4733,WEST BENGAL,26.0,26.0,,,7.4,7.4,365,365,0.5,0.5,1.71,1.71,,,,
4737,WEST BENGAL,28.0,28.0,,,7.7,7.7,7439,7439,0.5,0.5,0.93,0.93,,,,
