STATION CODE,WATER_BODY_TYPE,STATE,TEMPERATURE_Min,TEMPERATURE_Max,DO_Min,DO_MAX,pH_Min,PH_Max,CONDUCTIVITY_Min,CONDUCTIVITY_Max,BOD_Min,BOD_Max,NITRATE_NITRATE_Min,NITRATE_NITRATE_Max,FECALCOLIFORM_Min,FECALCOLIFORM_Max,TOTALCOLIFORM_Min,TOTALCOLIFORM_Max,Unnamed: 19,Latitude,Longitude
1109,W.YAM. CANAL WC-1(Y.NAGAR)100M D/S AFTER RECEIVING I.&SEW.EFFL HARYANA,CANAL,HARYANA,,,4.9,6.5,7.8,8.5,200.0,649.0,3.4,4.5,0.0,0.0,,,,,30.104731,77.257543
1110,"W.YAM. CANAL WC-2 (NEAR KARNA LAKE)G.T.ROAD KARNAL, HARYANA",CANAL,HARYANA,,,5.5,6.7,8.4,8.5,288.0,637.0,2.4,2.6,0.0,0.0,,,,,29.840997,77.09702
1111,"W.YAM. CANAL C-3 DELHI BRANCH AT R.D.245250, HARYANA",CANAL,HARYANA,,,6.5,7.3,8.3,8.9,170.0,256.0,2.1,2.2,0.0,0.0,,,,,29.041915,76.142314
1112,"W.YAM. CANAL C-4 BEFORE ENTER INTO DELHI BRANCH, R.D.282628 HARYANA",CANAL,HARYANA,,,6.5,7.3,6.2,8.9,170.0,258.0,1.7,1.8,0.0,0.0,,,,,28.805764,77.046769
1114,W.YAM. CANAL WC-6 SIRSA BRANCH AT RD.BRIDGE JI KAITHAL ROAD HARYANA,CANAL,HARYANA,,,6.3,6.3,8.8,8.8,235.0,235.0,2.2,2.2,0.0,0.0,,,,,29.340559,76.329749
1115,W.YAM. CANAL C-7 DELHI PARALLEL BRANCH AT KHUBRU FALL RD-145250,CANAL,HARYANA,,,6.3,7.2,7.7,8.9,180.0,260.0,2.4,2.4,0.0,0.0,,,,,29.173241,76.91024
1116,W.YAM. CANAL WC-4 DELHI PARALLEL BRANCH AT PANIPAT HARYANA,CANAL,HARYANA,,,6.2,7.0,8.0,8.6,220.0,365.0,2.2,2.3,0.0,0.0,,,,,29.358769,76.950469
1316,"BASSEIN CREEK AT BASSIN IN THANE DT., MAHARASHTRA",CREEK,MAHARASHTRA,20.0,32,3.0,5.9,7.2,8.3,15960.0,55210.0,7.0,14,0.9,5.8,79.0,550.0,240.0,920.0,19.229456,73.002085
1317,"THANE CREEK AT ELEPHANTA ISLA, MAHARASHTRA",CREEK,MAHARASHTRA,28.0,33,3.9,5.5,7.6,8.2,41620.0,55470.0,8.0,12,0.5,7.9,49.0,920.0,130.0,1600.0,18.967313,72.929655
1318,"MAHIM CREEK AT MAHIM BAY, MAHARASHTRA",CREEK,MAHARASHTRA,29.0,34,2.5,5.6,7.5,8.2,35430.0,52420.0,7.8,15,0.6,11.2,94.0,350.0,220.0,550.0,19.038979,72.827674
1377,"NAJAFGARH DRAIN AT WAZIRABAD BEFORE CONF. TO RIV.YAMUNA, DELHI",DRAIN,DELHI,,,,,7.1,7.8,,,31.0,60,0.0,0.0,,,,,28.709408,77.227814
1419,"GURGAON CANAL, GC-1, (NEAR BADARPUR BORDER)",CANAL,HARYANA,18.0,26,1.8,2.2,7.2,7.6,810.0,1710.0,2.5,32,0.0,1.8,,,,,28.506624,77.314305
1502,"CIVIL MILL DRAIN, DELHI",DRAIN,DELHI,,,,,7.1,8,,,38.0,140,0.0,0.0,,,,,28.639369,77.220517
1503,"POWER HOUSE DRAIN, DELHI",DRAIN,DELHI,,,,,6.8,7.8,,,80.0,149,0.0,0.0,,,,,28.730293,77.272327
1504,"SEN NURSING HOME DRAIN, DELHI",DRAIN, DELHI,,,,,7.0,7.5,,,79.0,220,0.0,0.0,,,,,28.620444,77.251472
1505,"BARAPULA DRAIN, DELHI",DRAIN,DELHI,,,,,7.0,7.6,,,42.0,120,0.0,0.0,,,,,28.584011,77.265425
1506,"SHAHDARA DRAIN, DELHI",DRAIN,DELHI,,,,,7.1,7.4,,,65.0,144,0.0,0.0,,,,,28.671042,77.269639
1729,"NEAR PRAGATI VIDYABHAWAN, AGARTALA, TRIPURA",CANAL,TRIPURA,28.0,29,0.5,1.0,8.2,8.9,372.0,385.0,30.2,33,7.5,7.5,650.0,680.0,740.0,860.0,23.844592,91.276394
1857,"MAHARANI BAGH DRAIN, DELHI",DRAIN,DELHI,,,,,7.2,7.6,889.0,889.0,34.0,169,0.0,0.0,,,,,28.571258,77.2667
1886,WESTERN YAMUNA CANAL AT TAJEWALA,CANAL,HARYANA,,,6.9,6.9,7.6,8.2,240.0,333.0,3.6,8.2,0.0,0.0,,,,,30.296244,77.562478
2047,N-CHOE (ATTAWA CHOE),DRAIN,CHANDIGARH,21.0,33,1.0,7.6,7.1,8.5,600.0,738.0,0.0,50,0.0,2.1,,,,,30.742291,76.767246
2048,PATIALA KI RAO,DRAIN, CHANDIGARH,22.0,33,1.0,1.0,7.4,8.6,740.0,1035.0,18.0,141,0.5,3.6,,,,,30.767109,76.760883
2049,SUKHNA CHOE,DRAIN,CHANDIGARH,20.0,36,1.0,9.3,7.6,8.3,720.0,936.0,24.0,45,0.6,2.6,,,,,30.706008,76.815213
2056,WESTERN YAMUNA CANAL AT DAMLA D/S OF YAMUNA NAGAR,CANAL,HARYANA,,,6.3,6.7,8.1,8.2,338.0,364.0,2.2,3.8,0.0,0.0,,,,,30.074141,77.216343
2057,"AGRA CANAL, MADANPUR KHADAR, DELHI",CANAL,DELHI,,,,,7.2," ""8.1""",743.0,1860.0,10.0," ""43""",0.0,0.0,,,,,28.546369,77.312597
2074,"TAPI CANAL AT VILLAGE UMARWADA, NEAR GIDC ESTATE OF PANOLI.",CANAL,GUJARAT,27.0,30,5.1,8.9,7.8,8.5,257.0,1036.0,1.2,5,0.1,0.6,17.0,70.0,70.0,2800.0,21.589419,72.975333
2080,MASMA KHADI- OLPAD- SARAS ROAD,CREEK,GUJARAT,26.0,31,3.5,7.3,7.5,8.1,378.0,2374.0,1.4,3.1,0.0,0.1,2.0,300.0,2.0,2100.0,21.296333,72.760033
2081,AMLAKHADI CREEK AT PUNGAM.,CREEK,GUJARAT,27.0,31,2.3,6.4,7.2,8,840.0,2000.0,5.0,20,0.3,6.1,46.0,140.0,210.0,5400.0,21.615413,72.941847
2178,CHIKHALI NALLA ( 2178 ),DRAIN,MAHARASHTRA,21.0,24,4.5,6.2,7.5,8.4,411.0,1103.0,2.8,11,0.4,1.3,11.0,170.0,100.0,900.0,18.68309,73.819812
2184,VASHI CREEK AT AIROLI BRIDGE.,CREEK,MAHARASHTRA,24.0,30,3.2,6.0,6.8,7.8,553.0,53530.0,3.8,12,1.5,5.4,21.0,900.0,49.0,1600.0,19.15042,72.980893
2185,VASHI CREEK AT VASHII BRIDGE.,CREEK,MAHARASHTRA,28.0,33,4.5,6.0,6.9,7.8,15980.0,46320.0,5.0,10,1.0,9.4,66.0,900.0,220.0,1600.0,19.061371,72.970377
2265,"CANAL UP STREAM OF CUNCOLIM IL.EST.CUNCOLIM, SALCETE (1 KM FROM M/S NICOMENT INDUSTRIES)",CANAL,GOA,26.2,32.1,7.7,10.4,5.9,7.5,46.0,1204.0,0.7,1.8,0.0,2.1,350.0,3300.0,920.0,5400.0,15.182391,73.990575
2266,"CANAL DOWNSTREAM OF CUNCOLIM IL.EST. CUNCOLIM, SALCETE (NEAR RAILWAY BRIDGE)",CANAL,GOA,26.5,32.5,4.5,8.8,5.1,7.4,52.0,1619.0,0.6,2.4,0.0,4.4,240.0,3500.0,540.0,9200.0,15.16806,74.010058
2267,"CREEK AT DAO MOLLO, VELSAO, MAMUGAO",CREEK,GOA,26.8,31,3.3,11.0,6.1,7.7,4.0,2686.0,0.6,9.8,0.2,14.0,2300.0,7900.0,3300.0,13000.0,15.354489,73.883148
2268,CUMBARJUA CANAL CORLIM(DISCHARGE POINT OF SYNGENTA LIMITED),CANAL,GOA,26.8,32.7,4.2,7.3,6.1,7.8,3.0,1712.0,1.4,4.8,0.0,0.5,460.0,7000.0,790.0,11000.0,15.502818,73.949118
2429,"NAUBAZAR, CUTTACK CITY ",DRAIN,ODISHA,20.0," ""33""",4.4,8.2,7.3," ""8.2""",194.0,432.0,1.2,11.2,0.4,2.8,35000.0,160000.0,54000.0,160000.0,20.454888,85.924125
2430,"ATHARABANKI(WATER INTAKE POINT OF PPL, IFFCO & PPT)",CANAL,ODISHA,19.0,35,2.8,9.3,6.8,8.4,231.0,32480.0,1.2,3.7,0.4,2.1,7900.0,160000.0,11000.0,160000.0,20.315874,86.084897
2782,"RABODI NALLAH, RABODI, THANE",DRAIN, MAHARASHTRA,25.0,40,1.5,4.2,6.9,7.3,493.0,4579.0,11.0,140,1.3,3.8,120.0,550.0,350.0,920.0,19.201719,72.987267
2783,"COLOUR CHEMICAL NALLAH, VILLAGE- MAJIWADA, THANE",DRAIN,MAHARASHTRA,26.0,41,0.2,4.4,7.0,7.5,505.0,16070.0,8.0,96,1.1,3.6,170.0,920.0,350.0,1600.0,19.215514,72.983147
2784,"SANDOZ NALLAH, SAOZBAUG, THANE",DRAIN,MAHARASHTRA,26.0,40,2.1,4.4,6.9,7.7,530.0,2980.0,12.0,115,1.9,5.8,220.0,920.0,540.0,1600.0,19.232833,72.987447
2785,"BPT NAVAPUR (DISCHARGE FROM MIDC TARAPUR), NAVAPUR, PALGHAR, THANE",DRAIN,MAHARASHTRA,25.0,33,0.0,0.0,7.1,8.1,3234.0,16910.0,110.0,850,3.8,36.9,130.0,900.0,350.0,1600.0,21.161556,73.79334
2786,TARAPUR MIDC NALLA ( NEAR SUMP 1),DRAIN,MAHARASHTRA,26.0,32,0.9,0.9,7.1,7.5,2375.0,8219.0,108.0,550,2.2,16.1,220.0,540.0,540.0,1600.0,19.793146,72.736315
2787,TARAPUR MIDC NALLA( NEAR SUMP 2),DRAIN,MAHARASHTRA,26.0,33,1.2,1.2,7.1,7.5,2364.0,8248.0,100.0,500,2.3,37.2,220.0,350.0,350.0,920.0,19.786294,72.736923
2788,TARAPUR MIDC NALLA( NEAR SUMP 3),DRAIN,MAHARASHTRA,26.0,33,0.5,0.5,7.2,7.6,2370.0,8356.0,96.0,580,2.2,22.8,220.0,540.0,540.0,1600.0,19.793153,72.736311
2789,"NALLA AT D/S OF AKLAI MAIR, AKLAI, MALSHIRAS, SOLAPUR",DRAIN,MAHARASHTRA,26.0,41,0.0,7.1,3.7,8.3,1590.0,14520.0,3.8,480,0.0,8.1,250.0,275.0,1800.0,1800.0,17.89403,75.026582
2790,"PIMPAL-PANERI NALLA NEAR FINOLEX INDUSTRIES, YAHGANIGAON, RATNAGIRI",DRAIN,MAHARASHTRA,22.0,29,4.9,7.1,3.4,6.8,1542.0,2290.0,2.2,4.4,0.0,1.1,,,,,16.890396,73.335499
2792,"ULAHS CREEK AT MUMBRA RETI BUER, VILLAGE MUMBRA, THANE",CREEK,MAHARASHTRA,25.0,40,3.1,5.6,7.3,7.7,680.0,40360.0,5.8,12,1.1,6.5,110.0,550.0,240.0,920.0,19.202275,73.02209
2793,"THANE CREEK AT KALWA ROAD BRIDGE, KALWA, THANE",CREEK,MAHARASHTRA,26.0,41,3.0,5.6,7.2,7.9,682.0,40930.0,5.8,14,1.0,6.9,79.0,350.0,220.0,550.0,19.197132,72.985993
2794,"ULHAS CREEK AT KOSHLET RETI BUER, KOLSHET, THANE",CREEK,MAHARASHTRA,25.0,41,3.3,5.6,7.2,7.9,548.0,41000.0,5.4,14.5,1.1,6.7,79.0,550.0,220.0,900.0,19.236012,72.999586
2795,"ULHAS CREEK AT GAIMUKH AT NAGLA BUER ON GHOD BUER ROAD, NAGLA, THANE",CREEK,MAHARASHTRA,25.0,40,3.4,6.2,7.2,7.9,718.0,39600.0,4.6,12,1.1,6.2,110.0,550.0,280.0,920.0,19.28702,72.937644
2796,"ULHAS CREEK AT VERSOVA BRIDGE, VERSOVA, VASAI, THANE",CREEK,MAHARASHTRA,20.0,33,3.3,5.8,7.2,8.3,775.0,54780.0,5.0,13.5,0.6,5.8,11.0,900.0,220.0,1600.0,19.287397,72.904918
2797,"BHAYANDER CREEK AT D/S OF RAILWAY BRIDGE, JASAL PARK CHOUPATHY, NAVGHAR, BHAYANDER, THANE",CREEK,MAHARASHTRA,20.0,32,2.5,5.6,7.2,8.1,834.0,53630.0,5.0,14,0.0,5.9,79.0,550.0,210.0,900.0,19.318553,72.851316
2798,"KHAREKURAN MURBE CREEK, KHAREKURAN, PALGHAR, THANE",CREEK,MAHARASHTRA,23.0,33,3.4,5.5,7.6,8.3,10040.0,56450.0,5.4,12,1.0,2.9,31.0,900.0,140.0,1600.0,19.74137,72.711521
2799,"DAI CREEK, DAI, PALGHAR, THANE",CREEK, MAHARASHTRA,23.0,33,3.6,5.5,7.6,8.1,5821.0,55900.0,6.0,12,0.6,5.2,17.0,350.0,210.0,550.0,19.800635,72.684874
2800,"SARAWALI CREEK, SARAWALI, PALGHAR, THANE",CREEK,MAHARASHTRA,23.0,33,4.6,7.3,8.1,8.4,174.0,2833.0,3.0,5,0.2,2.6,43.0,900.0,150.0,1600.0,19.775596,72.755901
2801,"SAVTA CREEK, SAVTA, DAHANU, THANE",CREEK,MAHARASHTRA,22.0,33,4.1,6.5,7.6,8.6,240.0,54650.0,3.0,12,0.2,2.7,46.0,350.0,140.0,550.0,19.965659,72.779863
2802,"DAHANU CREEK AT DAHANU FORT, DANUGAON, DAHANU, THANE",CREEK,MAHARASHTRA,22.0,33,3.5,6.3,7.6,8.6,242.0,54730.0,3.0,12,0.1,2.9,70.0,900.0,140.0,1600.0,19.972691,72.717154
2803,"PANVEL CREEK AT KOPRA BRIDGE, KOPRA, PANVEL, RAIGAD",CREEK,MAHARASHTRA,23.0,30,4.6,7.3,7.1,8.7,66.0,46230.0,3.0,11,0.0,7.2,79.0,350.0,220.0,550.0,19.034286,73.082422
2804,"KARAMBAVANE CREEK AT CHIPLUM, KARAMBAVANE, RATNAGIRI",CREEK,MAHARASHTRA,22.0,28,4.7,7.3,6.8,8.1,126.0,15790.0,2.4,4.2,0.1,1.5,0.0,0.0,0.0,0.0,17.579149,73.426908
3196,"VAKHADI AT VILLAGE UMARWADA, TA ANKLESHWAR, BHARUCH",CREEK,GUJARAT,,,0.9,6.8,7.3,8.1,375.0,3310.0,1.9,28,0.0,0.0,,,1400.0,14000.0,21.628255,73.016715
3461,"KANOLI CANAL AT ERANJIKKAL, KAZHEKODE",CANAL,KERALA,27.0,35,3.4,7.5,6.9,7.8,2232.0,46000.0,0.9,3,0.0,0.5,130.0,3200.0,220.0,4200.0,11.335961,75.761858
3467,"UNTHITHODU AT ELOOR, ERNAKULAM",CANAL,KERALA,27.2,29.6,0.8,3.9,5.4,7.5,345.0,5000.0,0.5,6,0.1,7.8,12.0,220.0,21.0,540.0,10.07305,76.286714
3469,"PALAKKATTUTHAZHA-MTHODU AT PERUMBAVOOR, ERNAKULAM",CANAL,KERALA,26.0,29,2.3,7.5,6.5,7.3,64.0,186.0,0.5,2.6,0.0,0.8,13.0,220.0,33.0,240.0,10.1108,76.476031
2354,"SAMARLA KOTA CANAL, KAKINADA,EAST GODAVARI, A.P",CANAL, ANDHRA PRADESH,19.0,32,4.8,6.4,6.9,7.8,206.0,528.0,0.8,2.4,0.3,1.6,9.0,64.0,75.0,2400.0,17.042624,82.166873
2355,"TULJE BAGH CANAL, TEKRI DRAIN, KAKINADA, EAST GODAVARI, A.P",CANAL, ANDHRA PRADESH,18.0,31,3.0,5.6,7.1,7.8,554.0,14550.0,1.0,2.8,0.4,2.0,3.0,23.0,7.0,1100.0,16.854914,82.231328
3051,"BUDAMERU CANAL NR BDG AT NH-5, KEESARAPALLY, KRISHNA, A.P.",CANAL, ANDHRA PRADESH,24.0,27,0.0,6.1,6.8,8,1000.0,1890.0,1.8,12,0.0,107.0,2.0,2200.0,4.0,2700.0,16.518542,80.77469
3052,"GUNTATHIPPA DRAIN B/C WITH RYVES CANAL AT RAMAVARAPPADU, KRISHNA, A.P.",CANAL, ANDHRA PRADESH,23.0,27,0.0,4.1,6.7,8.4,1008.0,3480.0,1.2,64,0.0,14.0,2.0,5000.0,4.0,4000.0,16.525092,80.68445
3053,"TULIA BAGH DRAIN AT VEMULAVADA, EAST GODAVARI, A.P.",DRAIN, ANDHRA PRADESH,18.0,31,3.5,5.6,7.0,7.9,492.0,8650.0,1.0,3.5,0.3,2.1,3.0,93.0,15.0,2400.0,16.875379,82.14765
3054,"OUTLET OF ASH PO EFFLUENTS OF M/S.NTPC, RAMAGUAM, KARIMNAGAR, A.P.",DRAIN, ANDHRA PRADESH,25.0,25,1.0,2.1,7.4,9.2,844.0,1039.0,4.0,12,0.0,0.1,,,,,18.758647,79.451014
3067,"OUTLET OF STP ON GODAVARI, RAJAHMURY, EAST GODAVARI, A.P.",STP, ANDHRA PRADESH,19.0,35,5.0,6.5,7.1,8,188.0,296.0,1.0,3.2,0.0,1.8,7.0,43.0,15.0,2400.0,17.047062,81.775012
2932,"RIVER NARMADA MAIN CANAL (BEFORE ENTERING IN RAJASTHAN STATE), TEHSIL SANCHORE, JALORE, RAJASTHAN",CANAL,RAJASTHAN,16.0,35,5.2,9.1,7.2,8.9,170.0,770.0,0.7,1.9,0.1,3.0,3.0,7.0,3.0,150.0,24.762569,71.73495
2933,"GANG CANAL AT KHAKKA HEAR NEAR HIUMAL KOT, GANGANAGAR, RAJASTHAN",CANAL,RAJASTHAN,16.0,30.8,4.4,6.3,7.4,8.7,180.0,300.0,0.7,2.3,0.2,1.6,11.0,93.0,75.0,460.0,30.180856,73.973639
2934,MASITAWALA HEAD HANUMANGARH,CANAL,RAJASTHAN,15.5,31.6,4.6,6.1,7.4,8.6,190.0,470.0,1.0,2.9,0.1,1.2,14.0,150.0,210.0,1100.0,29.60093,74.321796
3055,"TREATED EFFLUENTS OF 339 MLD STP,AMBERPET, HYDERABAD BEFORE JOINING TO MUSI, HYDERABAD, A.P.",STP,TELANGANA,21.0,30,2.0,4.9,6.7,7.9,1377.0,1664.0,10.0,40,0.0,4.4,,,,,17.375853,78.529522
3056,"OUTLET OF STP, LANGARHOUSE LAKE, RANGA REDDY, A.P.",STP,TELANGANA,28.0,28,,,7.6,7.6,1200.0,1200.0,20.0,260,0.0,0.0,,,,,17.382383,78.414969
3057,"OUTLET OF STP, NAGOLE ON RIVERMUSI, RANGA REDDY, A.P.",STP,TELANGANA,24.0,30,1.4,4.8,6.6,8.7,1088.0,2022.0,12.0,49,0.0,0.0,,,,,17.38925,78.578039
3058,"OUTLET OF STP, KHAIRATABAD ONHUSSAINSAGAR LAKE, RANGA REDDY, A.P",STP,TELANGANA,22.0,30,2.4,3.8,6.8,8,1036.0,2500.0,12.0,32,0.0,0.0,,,,,17.416597,78.465164
3059,"OUTLET OF STP, SAFILGUDA LAKE, RANGA REDDY, A.P.",STP,TELANGANA,26.0,30,2.5,2.5,7.1,8.9,1798.0,2100.0,16.0,22,0.0,0.0,,,,,17.46244,78.53509
3060,"OUTLET OF STP, DURGAM CHERUVU, RANGAREDDY, A.P",STP, TELANGANA,26.0,30,1.8,5.4,7.4,8.1,157.0,2200.0,14.0,48,0.0,0.0,,,,,17.431905,78.388593
3061,"OUTLET OF STP, NALLACHERUVU ON MUSI, RANGAREDDY, A.P.",STP,TELANGANA,22.0,30,2.0,4.8,6.9,8.8,1295.0,2024.0,16.0,45,0.0,0.0,,,,,17.404603,78.575576
3062,"OUTLET OF STP, SAROOR NAGAR, RANGAREDDY, A.P.",STP,TELANGANA,24.0,30,2.0,3.5,6.8,8.8,1588.0,2649.0,12.0,50,0.0,0.0,,,,,17.353142,78.529911
3063,"OUTLET OF STP ON RIVER GODAVARI AT MANCHERIAL, ADILABAD, A.P.",STP,TELANGANA,26.0,30,0.0,6.1,6.8,7.4,1620.0,2510.0,36.0,170,0.0,0.0,,,,,18.867183,79.404586
3064,"OUTLET OF 4MLD STP ON RIVER GODAVARI AT RAMAGUAM, KARIMNAGAR, A.P.",STP,TELANGANA,21.0,28,0.0,0.0,6.8,8.1,1089.0,1418.0,10.0,54,0.0,3.5,,,,,18.757561,79.466472
3065,"OUTLET OF 14MLD STP ON GODAVARI, RAMAGUAM, KARIMNAGAR, A.P.",STP,TELANGANA,22.0,28,0.0,0.0,7.0,8.3,1014.0,1598.0,12.0,124,0.0,3.4,,,,,18.756764,79.463308
3066,"OUTLET OF STP ON GODAVARI, BHADRACHALAM, KHAMMAM, A.P.",STP,TELANGANA,20.0,27,0.0,4.2,7.0,7.8,922.0,1610.0,28.0,110,0.0,0.0,,,,,17.665869,80.883311
2726,"UPPER GANGA CANAL D/S HARIKIPAURI, HARIDWAR",CANAL, UTTARAKHAND,14.0,22.5,6.0,10.0,7.6,8.2,,,1.0,34,0.0,0.0,,,22.0,60.0,29.930289,78.137206
2512,"NOAI CANAL NORTH 24 PARGANAS, NEAR GANGA NAGAR MOTI BRIDGE",CANAL, WEST BENGAL,21.0,32.5,0.0,0.0,7.3,7.9,776.0,1951.0,13.8,44.6,0.0,4.0,1100000.0,9000000.0,1400000.0,16000000.0,22.694406,88.44775
2513,"KHARDA CANAL NORTH 24 PARGANAS, NEAR JAYSHREE CHEMICAL INDUSTRY",CANAL, WEST BENGAL,22.0,33,0.0,0.0,7.2,8,902.0,1123.0,31.3,112.5,0.0,4.0,1100000.0,17000000.0,1700000.0,22000000.0,22.518705,88.323864
