STATION CODE,STATE,TEMPERATURE_Min,TEMPERATURE_Max,pH_Min,PH_Max,CONDUCTIVITY_Min,CONDUCTIVITY_Max,BOD_Min,BOD_Max,NITRATE_NITRATE_Min,NITRATE_NITRATE_Max,FECALCOLIFORM_Min,FECALCOLIFORM_Max,TOTALCOLIFORM_Min,TOTALCOLIFORM_Max,FLUORIDE_Min,FLUORIDE_Max,Latitude,Longitude,wqi
15,ANDHRA PRADESH,23.0,28.0,6.82,7.85,195,226,2.9,2.9,0.1,0.25,22,22,380,380,0.11,0.42,18.608458,79.838778,81.2
16,ANDHRA PRADESH,27.0,28.0,7.21,7.72,663,1121,0.2,1.0,21.4,24.0,17,17,1600,1600,0.66,0.72,18.304433,80.207208,62.8
26,ANDHRA PRADESH,26.0,32.0,7.19,7.39,1601,1661,0.5,0.5,0.19,0.28,2,2,700,700,0.76,0.92,16.508853,80.641519,76.2
27,ANDHRA PRADESH,26.0,27.0,7.82,8.8,1420,1668,3.0,3.5,14.0,22.0,,,10,35,0.1,1.0,16.727994,79.209161,71.7
1513,ANDHRA PRADESH,25.0,30.0,6.8,7.11,1454,1575,0.5,0.5,0.18,0.26,2,2,800,800,0.62,0.82,16.501486,80.675692,71.2
1514,ANDHRA PRADESH,24.0,31.0,6.77,7.43,1559,1649,0.3,0.4,0.13,0.22,2,2,800,800,0.58,0.74,16.501508,80.676725,71.2
1515,ANDHRA PRADESH,22.0,24.0,6.95,7.2,1788,2160,0.5,0.6,1.88,4.28,2,2,600,800,0.68,0.92,17.609781,80.704358,71.2
1516,ANDHRA PRADESH,29.0,29.0,7.46,8.04,696,1082,0.5,0.5,0.48,0.87,2,2,800,800,0.56,0.68,14.445036,79.987869,71.2
1517,ANDHRA PRADESH,26.0,27.0,7.39,8.0,1240,1662,1.4,2.4,2.0,2.6,3,12,16,28,1.0,2.4,15.8363,78.048593,81.2
1518,ANDHRA PRADESH,26.0,28.0,7.17,8.2,1650,2850,1.2,1.6,2.8,8.4,4,12,12,26,0.4,0.67,15.479222,78.480942,81.2
1519,ANDHRA PRADESH,18.0,28.0,7.05,7.8,1460,2130,1.2,1.8,16.1,22.0,2,10,9,16,0.3,1.8,13.321417,79.585592,77.8
1520,ANDHRA PRADESH,20.0,26.0,7.36,8.4,829,1428,1.4,3.0,0.4,14.0,4,140,6,1200,0.3,4.0,13.758251,79.701872,67.8
1521,ANDHRA PRADESH,25.0,27.4,7.5,7.54,3120,4111,1.0,1.0,8.08,13.9,3,3,4,7,0.37,1.14,17.704261,83.211783,77.8
1522,ANDHRA PRADESH,25.0,36.0,7.08,7.8,671,1580,1.0,1.5,1.34,24.1,3,3,23,210,0.43,1.4,18.104532,83.397197,77.8
1523,ANDHRA PRADESH,24.2,25.0,7.6,7.71,234,370,0.8,1.0,0.32,1.68,3,3,3,15,0.12,0.12,17.015144,81.736181,81.2
1524,ANDHRA PRADESH,25.0,26.0,7.2,7.38,875,1345,1.0,1.4,0.76,10.06,3,3,11,23,0.08,0.31,16.971003,82.219006,77.8
1525,ANDHRA PRADESH,26.0,26.0,6.9,6.9,1925,1925,2.5,2.5,6.0,6.0,,,12,12,0.8,0.8,17.532322,78.185211,76.2
1791,ANDHRA PRADESH,28.0,29.0,6.76,7.43,2610,4525,0.7,0.7,0.01,0.019,350,350,1600,1600,1.6,2.08,17.956317,79.618808,66.2
1792,ANDHRA PRADESH,26.0,28.0,6.87,7.38,2377,3120,0.3,1.2,40.1,87.0,32,32,240,240,1.28,1.73,17.985717,79.624981,46.2
1793,ANDHRA PRADESH,25.0,28.0,7.35,7.93,1664,1975,1.5,2.3,22.0,25.4,22,22,1600,1600,1.47,1.74,18.762806,79.481267,62.8
1794,ANDHRA PRADESH,24.0,29.0,7.66,7.75,910,944,0.4,1.0,5.6,14.0,21,21,1600,1600,1.79,2.07,18.400128,79.191556,62.8
1795,ANDHRA PRADESH,26.0,27.0,7.0,7.2,6870,7120,12.0,13.0,5.4,16.0,,,120,265,0.64,0.72,17.873928,78.100156,71.7
1810,ANDHRA PRADESH,28.0,28.0,7.18,7.6,1014,2044,2.5,3.8,38.0,41.0,,,46,62,1.2,1.4,18.66591,77.904013,71.7
1811,ANDHRA PRADESH,26.0,27.0,8.2,8.3,1050,1100,3.2,3.4,0.6,1.2,0,15,10,20,0.8,0.9,17.471922,78.795814,81.2
1533,ASSAM,23.0,24.0,5.9,6.9,234,518,0.3,0.8,0.1,0.35,,,1,1,0.56,0.56,27.396089,95.631783,76.2
1534,ASSAM,32.0,35.0,4.7,5.8,714,847,1.9,3.2,0.1,0.14,,,1,1,0.57,0.57,26.105415,93.113917,76.2
1535,ASSAM,20.0,27.0,6.2,6.7,243,365,1.2,2.5,0.1,0.25,,,1,1,0.53,0.53,26.98,94.63,76.2
1536,ASSAM,19.0,24.0,6.0,7.1,140,175,0.9,2.2,0.1,0.17,,,1,1,0.68,0.68,26.979722,94.632211,76.2
1537,ASSAM,22.0,30.0,6.1,7.0,115,430,1.4,3.1,0.12,0.28,,,1,1,0.29,0.29,26.750143,94.219855,76.2
1538,ASSAM,12.0,15.0,6.5,7.1,711,913,3.9,6.5,0.17,0.31,,,1,1,0.34,0.34,24.820617,92.802431,76.2
1539,ASSAM,24.0,26.0,6.5,7.5,111,562,0.4,1.6,0.1,0.19,,,1,1,0.28,0.28,26.315597,90.996408,76.2
1540,ASSAM,23.0,25.0,6.6,6.9,264,630,0.8,1.2,0.16,0.4,,,1,1,0.53,0.53,26.48,90.56,76.2
1541,ASSAM,25.0,25.0,6.4,6.9,387,476,1.0,1.5,0.12,0.26,,,910,910,0.35,0.35,26.145228,91.736806,63.5
1542,ASSAM,25.0,29.0,7.1,8.1,412,561,1.9,3.4,0.1,0.1,,,300,300,1.0,1.0,26.1441,91.735194,76.2
2243,ASSAM,24.0,25.0,5.1,6.1,324,532,0.5,2.1,3.61,10.54,,,1,1,0.53,0.53,27.28822,95.680737,71.7
2244,ASSAM,20.0,25.0,6.4,6.8,283,286,2.7,3.4,0.1,0.2,,,1,5,0.67,0.67,26.92,94.73,76.2
2245,ASSAM,27.0,32.0,5.1,6.3,66,104,1.3,2.3,0.1,0.22,,,1,1,0.26,0.26,26.5885,93.748586,76.2
2246,ASSAM,20.0,24.0,6.4,6.8,139,468,1.7,3.1,0.1,0.2,,,1,1,0.66,0.66,26.200386,92.937992,76.2
2247,ASSAM,20.0,24.0,6.3,6.3,255,292,2.5,3.5,0.1,0.21,,,1,1,0.64,0.64,27.595294,94.724003,76.2
2248,ASSAM,21.0,24.0,5.6,6.3,70,483,1.5,3.0,0.1,0.13,,,1,1,0.56,0.56,27.224728,94.107373,76.2
2249,ASSAM,20.0,24.0,6.6,6.8,127,142,0.4,1.4,0.1,0.17,,,1,1,0.33,0.33,26.65285,92.792558,76.2
2250,ASSAM,28.0,29.0,6.4,6.8,519,839,0.8,0.8,0.1,0.15,,,1,1,0.6,0.6,26.350383,92.679592,76.2
2251,ASSAM,27.0,28.0,6.9,7.2,305,313,1.7,2.9,0.12,0.19,,,1,1,0.87,0.87,26.1277,92.215749,76.2
2252,ASSAM,25.0,28.0,6.6,7.4,262,266,2.0,2.4,0.1,0.14,,,1,1,0.54,0.54,26.105147,91.712525,76.2
2253,ASSAM,24.0,26.0,6.6,6.8,289,428,1.5,3.2,0.1,0.16,,,1,1,0.46,0.46,26.444617,91.441053,76.2
2254,ASSAM,23.0,25.0,5.8,7.1,101,910,0.3,2.7,0.1,0.15,,,1,1,0.56,0.56,26.5,90.97,76.2
2255,ASSAM,24.0,27.0,6.0,7.0,357,448,0.7,2.5,0.1,0.1,,,1,1,0.53,0.53,26.515756,90.532872,76.2
2256,ASSAM,24.0,30.0,5.9,6.4,78,107,0.8,1.8,0.13,0.41,,,1,1,0.56,0.56,26.403904,90.262979,76.2
2257,ASSAM,23.0,31.0,6.5,6.8,345,422,0.3,0.8,0.1,0.22,,,1,1,0.78,0.78,26.026696,89.970706,76.2
2258,ASSAM,28.0,28.0,6.1,6.1,362,362,0.6,0.6,0.1,0.1,,,1,1,0.57,0.57,26.170647,90.626604,76.2
2259,ASSAM,32.0,36.0,6.7,7.0,191,935,1.5,1.5,0.13,0.13,,,1,1,0.69,0.69,25.84274,93.425589,76.2
2261,ASSAM,10.0,25.0,5.6,7.6,86,166,1.2,6.5,0.1,0.12,,,1,1,0.43,0.43,25.163311,93.012825,76.2
2262,ASSAM,13.0,13.0,6.5,6.5,302,302,5.4,5.4,0.1,0.19,,,1,1,,,24.866553,92.367203,76.2
2263,ASSAM,15.0,15.0,6.3,6.3,142,142,3.4,3.4,0.22,0.22,,,1,1,0.63,0.63,24.681103,92.563806,76.2
2264,ASSAM,12.0,15.0,6.7,6.8,431,690,3.3,5.2,0.1,0.1,,,1,1,0.34,0.34,24.861042,92.596669,76.2
1920,MANIPUR,17.0,17.0,,,59.4,59.4,,,0.87,2.96,,,,,,,24.496579,93.980863,65.1
1406,TRIPURA,25.5,28.0,7.74,7.98,334,360,0.0,0.8,0.0,0.08,,,,,,,23.530289,91.480914,65.1
1730,TRIPURA,26.0,27.0,7.3,7.76,182,193,,,0.22,0.24,,,,,,,23.831392,91.286739,65.1
1731,TRIPURA,26.0,28.5,7.68,7.94,82,94,,,,,,,,,,,23.859275,91.246114,
1732,TRIPURA,26.5,27.5,7.56,7.74,108,120,,,,,,,,,,,23.778664,91.386119,
1733,TRIPURA,27.0,27.5,7.72,7.85,182,196,,,,,,,,,,,23.828506,91.289731,
1734,TRIPURA,26.0,27.5,7.42,7.62,162,178,,,,,,,,,,,23.828125,91.286689,
1634,MEGHALAYA,18.0,18.0,6.0,6.0,175,215,2.4,2.8,4.04,6.3,38,63,50,94,0.1,0.1,25.576779,91.887943,81.2
1635,MEGHALAYA,19.0,19.0,5.0,5.0,220,255,4.0,4.4,10.2,16.4,49,70,70,110,0.1,0.1,25.631383,91.883972,77.8
1636,MEGHALAYA,24.0,25.5,6.0,6.5,175,260,1.0,1.4,1.1,4.5,23,36,4.3,35,0.02,0.1,26.051514,91.869642,81.2
1637,MEGHALAYA,18.0,18.0,6.5,6.5,75,92,0.22,0.3,3.5,3.9,17,23,21,31,0.03,0.03,25.29985,91.700083,81.2
1638,MEGHALAYA,17.0,19.0,5.1,6.5,115,125,0.8,1.0,5.6,7.2,11,14,20,23,0.1,0.1,25.481292,92.349286,81.2
1620,CHATTISSGARH,25.0,32.0,7.25,7.96,480,786,,,1.1,1.4,,,4,11,0.1,0.2,21.251394,81.629733,76.2
1621,CHATTISSGARH,25.0,31.0,7.65,7.86,496,943,,,1.3,2.5,,,6,27,0.2,0.5,21.251394,81.629733,76.2
1622,CHATTISSGARH,31.0,31.0,7.5,7.5,789,1789,,,1.96,3.88,,,,,0.09,0.51,22.079625,82.139142,65.1
1617,MADHYA PRADESH,38.0,38.0,8.2,8.2,340,340,1.7,1.7,1.0,1.0,,,33,33,,,23.099147,77.503906,76.2
1618,MADHYA PRADESH,,,7.4,7.6,821,821,3.6,3.6,0.9,0.9,,,,,,,26.367039,78.287478,65.1
1619,MADHYA PRADESH,,,7.26,7.3,818,818,3.4,3.4,0.93,0.93,,,,,,,26.367039,78.287478,65.1
2143,MADHYA PRADESH,28.0,28.0,7.3,7.3,475,475,1.2,1.2,0.2,0.2,,,4,4,0.05,0.05,23.227505,79.915977,76.2
2144,MADHYA PRADESH,32.0,32.0,7.8,7.8,918,918,1.0,1.0,,,,,7,7,0.3,0.3,23.220203,79.990963,57.1
2145,MADHYA PRADESH,28.0,29.0,7.76,7.8,1850,2514,1.0,2.5,4.1,4.1,,,,,,,23.45708,75.422434,65.1
2146,MADHYA PRADESH,27.0,29.0,7.2,7.5,1300,1340,0.8,3.0,7.0,9.98,,,,,,,23.474838,75.384519,65.1
2148,MADHYA PRADESH,26.0,26.0,7.4,7.8,1860,2210,2.0,6.0,1.01,1.4,,,,,,,23.333695,75.035676,65.1
2149,MADHYA PRADESH,25.0,25.0,7.0,8.0,941,1100,1.2,1.2,1.67,10.87,,,,,,,23.2601,76.146411,58.6
2153,MADHYA PRADESH,36.0,36.0,7.8,7.8,510,510,1.3,1.3,1.64,1.964,,,50,50,,,23.268169,77.404928,76.2
1555,HIMACHAL PRADESH,25.0,26.0,7.3,7.6,369,445,1.0,1.4,0.24,1.27,4,8,9,11,0.03,0.05,30.50225,77.221312,81.2
1556,HIMACHAL PRADESH,24.0,26.0,7.28,7.48,541,649,1.4,1.6,0.26,1.18,5,7,9,12,0.02,0.04,30.446322,77.615542,81.2
1557,HIMACHAL PRADESH,21.0,24.0,7.23,8.34,365,455,0.2,0.5,0.03,0.096,,,2,2,0.041,0.061,30.838297,76.958641,76.2
1558,HIMACHAL PRADESH,23.0,26.0,7.5,8.3,291,709,0.2,1.0,0.18,1.79,,,10,10,0.142,0.158,30.958146,76.790951,76.2
1559,HIMACHAL PRADESH,22.0,27.0,7.58,7.96,329,408,0.2,4.0,0.14,2.33,8,8,32,32,0.136,0.142,30.922633,76.83258,81.2
1560,HIMACHAL PRADESH,23.0,27.0,7.51,8.27,906,1145,0.3,0.5,0.19,0.26,,,2,2,0.164,0.182,31.044558,76.704792,76.2
1561,HIMACHAL PRADESH,18.0,25.4,7.52,7.59,680,701,0.6,1.0,5.22,5.22,7,7,33,33,0.18,0.18,32.229859,75.658854,81.2
1562,HIMACHAL PRADESH,15.0,25.0,7.4,7.85,428,630,0.0,0.5,1.71,3.33,4,4,26,26,0.74,0.74,31.468722,76.272224,81.2
1872,HIMACHAL PRADESH,10.4,14.1,6.62,7.86,232,758,2.5,45.0,,,6,128,27,390,0.051,3.54,31.104606,77.173425,71.2
1873,HIMACHAL PRADESH,18.0,20.0,5.85,6.04,269,293,0.7,0.9,0.02,0.613,4,4,17,17,0.5,0.5,32.219678,76.320933,81.2
1874,HIMACHAL PRADESH,12.0,24.0,7.27,8.5,369,580,0.1,2.0,4.46,4.79,2,108,12,340,0.016,2.16,30.90541,77.096698,81.2
1875,HIMACHAL PRADESH,18.0,18.0,7.65,7.65,257,257,4.8,4.8,0.0,2.33,920,920,2400,2400,0.373,0.373,31.709785,76.928295,64.1
1876,HIMACHAL PRADESH,21.0,25.0,6.68,8.32,553,763,0.3,0.5,0.22,0.22,,,6,10,0.106,0.136,30.843398,76.955076,76.2
1877,HIMACHAL PRADESH,23.0,26.0,7.13,8.23,345,398,0.2,1.0,0.08,1.96,2,2,28,28,0.186,0.196,30.95356,76.775799,81.2
1878,HIMACHAL PRADESH,22.5,27.0,7.4,7.63,360,513,0.2,0.5,0.22,2.75,15,15,50,50,0.062,0.068,30.927405,76.8281,81.2
1879,HIMACHAL PRADESH,22.0,28.0,6.6,7.68,888,1314,0.2,0.5,0.1,2.43,,,15,15,0.139,0.142,31.046917,76.701694,76.2
1880,HIMACHAL PRADESH,26.0,26.0,7.09,7.36,371,485,1.0,1.2,0.13,5.2,5,8,9,10,0.02,0.05,30.552939,77.212353,81.2
1881,HIMACHAL PRADESH,23.0,25.0,7.22,8.04,409,671,1.2,1.2,0.2,1.07,4,7,9,11,0.05,0.07,30.436053,77.579269,81.2
1882,HIMACHAL PRADESH,15.0,24.0,7.68,7.71,573,870,0.5,0.5,0.28,1.41,5,11,18,21,0.52,0.52,31.40982,76.346479,81.2
1883,HIMACHAL PRADESH,14.0,25.0,7.46,7.75,516,794,0.5,0.6,4.86,5.71,9,9,43,43,0.3,0.3,31.465478,76.270798,81.2
2628,HIMACHAL PRADESH,10.0,16.0,7.29,8.21,301,568,,,,,,,,,0.202,0.336,31.893319,77.13845,
2629,HIMACHAL PRADESH,20.5,21.0,7.47,7.78,591,703,,,0.56,2.354,,,,,0.027,0.097,31.708164,76.931367,65.1
2630,HIMACHAL PRADESH,15.0,15.0,7.0,7.04,7.36,1300,0.4,0.5,0.2,3.135,4,5,17,22,0.48,0.48,31.686889,76.519752,81.2
2631,HIMACHAL PRADESH,13.0,13.0,6.65,6.78,527,811,0.5,0.5,6.05,6.11,2,2,7,10,0.32,0.32,31.778117,76.344419,81.2
2632,HIMACHAL PRADESH,22.0,23.0,7.42,7.79,714,987,,,2.55,6.18,,,,,0.241,0.268,31.32727,76.763868,65.1
2633,HIMACHAL PRADESH,9.0,9.0,8.85,8.85,244,244,0.0,0.0,4.93,8.253,,,,,0.236,0.236,31.541307,78.272621,65.1
2634,HIMACHAL PRADESH,10.0,10.6,7.89,7.98,245,250,0.2,0.5,0.03,0.025,6,6,2,26,0.122,0.138,31.104606,77.173425,81.2
2635,HIMACHAL PRADESH,10.0,10.0,7.88,8.46,248,502,0.0,0.2,0.07,0.18,,,,,0.082,0.146,31.054483,77.136191,65.1
2636,HIMACHAL PRADESH,20.0,21.0,6.32,7.01,559,695,0.6,1.1,0.0,0.094,4,4,27,27,0.23,0.23,32.099803,76.269086,81.2
2637,HIMACHAL PRADESH,21.0,24.0,7.21,8.6,133,1350,0.5,0.6,0.05,2.02,7,7,17,17,0.06,0.06,31.874791,76.315606,81.2
2638,HIMACHAL PRADESH,20.0,22.0,7.62,8.02,416,552,0.2,0.5,1.4,5.64,8,8,21,21,0.09,0.09,31.808672,76.104045,81.2
2639,HIMACHAL PRADESH,21.0,22.0,6.78,8.22,80,133,0.8,1.0,2.82,3.98,7,7,17,17,0.71,0.71,32.053156,76.643661,81.2
2640,HIMACHAL PRADESH,24.6,26.0,7.26,7.84,353,424,0.3,1.0,0.32,0.85,9,9,21,21,0.21,0.21,31.923161,75.928482,81.2
2641,HIMACHAL PRADESH,15.0,15.0,7.2,7.48,668,691,0.2,0.8,1.25,1.43,4,4,9,9,,,32.553356,76.125806,81.2
2642,HIMACHAL PRADESH,14.0,16.0,6.41,6.85,222,229,0.4,0.9,0.06,0.25,4,4,9,9,,,32.531159,75.979816,81.2
2643,HIMACHAL PRADESH,21.0,24.5,7.09,7.83,393,438,0.1,1.0,2.71,3.18,11,84,27,210,0.073,0.081,30.904007,77.098662,81.2
2644,HIMACHAL PRADESH,24.0,24.0,7.21,7.21,507,507,0.2,0.2,0.05,0.18,,,2,2,0.11,0.11,30.83498,76.958879,76.2
2645,HIMACHAL PRADESH,22.0,25.0,7.11,7.18,686,1050,1.0,1.2,0.03,0.029,6,9,10,13,0.03,0.06,30.559259,77.297976,81.2
2646,HIMACHAL PRADESH,26.0,26.0,6.77,7.31,957,1860,1.0,1.2,0.3,3.27,5,7,10,12,0.03,0.04,30.516979,77.211543,81.2
2647,HIMACHAL PRADESH,14.0,26.0,6.87,7.22,696,1080,0.5,0.6,0.29,1.75,7,7,2,18,0.21,0.21,31.348559,76.268686,81.2
2039,CHANDIGARH,26.0,26.0,7.0,7.0,869,869,0.4,0.4,0.22,1.02,,,,,,,30.751489,76.772606,65.1
2042,CHANDIGARH,26.0,26.0,7.4,7.4,741,741,0.6,0.6,7.77,7.77,,,,,,,30.694747,76.769719,65.1
2043,CHANDIGARH,26.0,26.0,7.2,7.2,870,870,1.0,1.0,0.38,0.38,,,,,,,30.731825,76.725717,65.1
2044,CHANDIGARH,26.0,26.0,6.9,6.9,987,987,0.6,0.6,2.83,2.83,,,,,,,30.776019,76.74926,65.1
2045,CHANDIGARH,26.0,26.0,7.3,7.3,673,673,,,,,,,,,,,30.75385,76.740867,
19,KERALA,24.0,28.0,5.7,7.5,120,245,0.2,1.4,0.3,4.5,2,1100,22,3500,0.06,0.06,9.151239,76.730767,62.0
22,KERALA,25.0,25.0,6.5,6.7,100,110,0.3,0.5,0.16,1.88,2,2,4,40,0.18,0.18,11.243611,75.898056,81.2
35,KERALA,26.4,26.8,5.0,5.8,329,344,0.4,0.6,4.5,6.1,170,400,300,700,,,9.017,76.926,76.2
1581,KERALA,26.5,26.5,4.5,5.6,52,260,0.5,0.8,1.64,1.82,80,80,110,240,,,8.469722,76.9825,81.2
1582,KERALA,27.0,28.0,6.1,6.3,186,260,0.7,1.2,1.3,1.4,40,80,170,300,0.01,0.01,8.603286,77.002753,81.2
1583,KERALA,26.8,28.9,4.4,4.6,154,165,0.7,0.8,0.14,3.7,40,400,140,900,,,8.960175,76.678806,71.2
1584,KERALA,26.0,26.5,6.9,7.0,128,138,0.2,1.1,0.05,0.12,280,400,500,800,,,9.686781,76.336197,71.2
1585,KERALA,27.0,29.0,7.4,7.5,309,610,0.8,3.0,1.6,10.6,110,220,220,350,0.18,0.18,9.968961,76.318042,77.8
1586,KERALA,25.0,27.0,6.4,6.5,145,194,0.5,0.7,2.6,3.0,50,300,80,500,0.12,0.12,9.872489,76.551714,81.2
1587,KERALA,26.0,27.0,6.9,7.4,88,1693,1.2,2.0,1.4,1.8,40,300,80,500,0.08,0.08,10.051969,76.316119,81.2
1588,KERALA,27.0,27.5,5.4,6.8,95,103,0.3,0.8,1.68,2.4,80,140,300,500,0.005,0.005,10.535106,76.209017,81.2
1589,KERALA,28.5,28.5,6.0,6.2,210,370,0.8,1.0,1.6,3.7,8,500,30,700,,,11.040986,76.083017,76.2
1590,KERALA,25.0,25.0,6.8,7.3,118,129,0.4,0.7,0.21,2.95,2,4,4,60,0.06,0.06,11.259675,75.948622,81.2
1591,KERALA,25.5,29.5,5.1,5.3,94,118,0.2,0.3,4.37,4.7,70,170,500,800,0.11,0.11,11.874425,75.370572,71.2
1592,KERALA,26.0,28.0,6.6,7.0,209,226,0.2,0.6,2.0,9.7,2,2,21,30,,,12.105044,75.205881,81.2
2308,KERALA,25.2,27.0,6.6,7.0,188,347,0.3,0.5,0.07,0.32,40,500,80,700,,,9.443958,76.553158,76.2
2309,KERALA,26.0,27.0,5.8,7.1,76,100,0.4,0.5,4.07,5.1,40,70,60,120,,,9.397414,76.367336,81.2
2310,KERALA,25.4,26.0,6.3,6.7,162,237,0.2,0.6,0.82,4.1,80,240,130,350,,,9.766667,76.4,81.2
2311,KERALA,26.0,26.4,6.2,6.6,97,217,0.5,1.2,1.87,3.3,110,300,140,500,,,9.589686,76.563272,81.2
2313,KERALA,26.0,26.5,6.5,7.0,151,195,0.2,0.6,2.86,5.0,400,700,1100,1200,,,9.555006,76.317594,69.1
2314,KERALA,27.8,28.8,6.0,7.1,34,196,0.4,2.8,0.16,0.21,300,300,600,700,,,8.918628,76.574831,76.2
2315,KERALA,27.8,27.9,7.2,7.2,117,1460,0.6,2.7,1.9,2.6,110,170,400,500,,,9.003322,76.532797,81.2
2316,KERALA,26.0,27.0,4.9,5.7,49,59,0.3,0.6,0.34,4.2,2,2,11,60,0.28,0.28,11.889161,75.429339,81.2
2317,KERALA,26.0,28.5,5.9,6.2,212,352,0.4,0.6,1.5,2.35,2,40,11,1300,0.03,0.03,11.889444,75.525556,71.2
2320,KERALA,28.5,28.5,5.9,6.6,160,187,0.9,0.9,4.7,4.73,30,350,80,600,,,11.120297,76.119967,76.2
2321,KERALA,28.0,28.0,4.5,7.2,200,290,0.4,0.6,1.1,2.2,170,300,280,1600,,,10.512489,76.185619,66.2
2322,KERALA,28.0,28.0,4.5,6.0,210,250,0.4,0.8,0.5,10.8,11,60,50,400,,,10.480661,76.242117,77.8
2323,KERALA,25.0,28.0,6.2,7.0,226,260,0.5,1.0,5.3,9.8,70,500,110,2200,0.12,0.12,9.995953,76.363939,66.2
2324,KERALA,27.0,28.0,6.8,7.9,240,389,0.3,1.6,2.3,4.7,4,21,2,140,0.22,0.22,9.971475,76.369517,81.2
2327,KERALA,23.5,25.0,6.7,7.8,690,712,0.6,0.8,0.8,0.9,140,170,300,500,0.22,0.22,10.695067,76.722486,81.2
32,TAMILNADU,26.0,29.0,7.43,7.7,1373,1418,,,0.042,0.343,,,,,0.19,0.59,10.954883,78.443933,65.1
1397,PONDICHERRY,30.0,31.0,6.59,6.65,1914,4920,,,0.138,0.14,,,,,0.41,0.41,11.913137,79.815859,65.1
1398,PONDICHERRY,33.0,33.0,6.33,6.53,1094,1144,,,0.055,0.68,,,,,0.15,0.15,11.913858,79.815606,65.1
1453,PONDICHERRY,31.0,32.0,6.49,6.52,558,627,,,2.2,5.566,,,,,0.32,0.32,11.94445,79.781892,65.1
1454,PONDICHERRY,30.0,31.0,6.02,6.27,184.8,192.1,,,0.4,0.975,,,,,0.03,0.03,12.021863,79.857077,65.1
1687,PONDICHERRY,30.0,30.0,7.18,7.37,1015,1101,,,1.6,4.38,,,,,0.2,0.2,11.932642,79.83525,65.1
1688,PONDICHERRY,30.0,30.0,6.94,7.16,539,643,,,0.124,0.4,,,,,0.15,0.15,12.001161,79.700722,65.1
1689,PONDICHERRY,28.0,30.0,7.9,8.9,675,718,,,0.05,0.05,,,,,,,11.881819,79.806561,65.1
2009,PONDICHERRY,32.0,33.0,6.32,6.38,368,484,,,3.38,15.39,,,,,0.07,0.07,11.93915,79.776433,58.6
2010,PONDICHERRY,28.0,32.0,5.86,6.05,515,734,,,3.4,4.193,,,,,0.19,0.19,11.943921,79.790978,65.1
2011,PONDICHERRY,32.0,33.0,6.97,7.18,2.5,2120,,,5.7,6.313,,,,,0.53,0.53,11.893328,79.753917,65.1
2012,PONDICHERRY,31.0,31.0,5.95,5.95,280.9,280.9,,,0.0,0.008,,,,,0.01,0.01,11.968099,79.816952,65.1
2013,PONDICHERRY,25.5,29.5,8.1,8.91,1628,1740,,,0.318,0.318,,,,,0.6,0.6,10.867778,79.828333,65.1
2014,PONDICHERRY,26.0,30.0,8.12,8.52,1348,1430,,,0.178,0.22,,,,,0.55,0.55,10.963617,79.678261,65.1
2446,PONDICHERRY,28.0,28.0,6.78,6.78,280,280,,,0.3,0.8,,,,,0.1,0.1,10.766611,76.22855,65.1
2447,PONDICHERRY,28.0,28.0,7.03,7.03,142.7,142.7,,,4.508,4.508,,,,,,,10.161183,76.425171,65.1
1440,DAMAN,28.0,31.0,7.0,7.4,771,1660,,,0.3,2.1,,,,,0.37,0.67,20.407256,72.876327,65.1
2448,DAMAN,29.0,30.0,7.2,7.5,590,931,,,0.61,0.608,,,7,7,0.12,0.14,20.447361,72.857456,76.2
2448,DAMAN,29.0,30.0,7.2,7.5,590,931,,,0.61,0.608,,,7,7,0.12,0.14,20.447361,72.857456,65.1
2448,DAMAN,30.5,30.5,7.0,7.1,771,2218,8.0,8.0,3.4,3.74,,,,,0.18,0.67,20.447361,72.857456,76.2
2448,DAMAN,30.5,30.5,7.0,7.1,771,2218,8.0,8.0,3.4,3.74,,,,,0.18,0.67,20.447361,72.857456,65.1
2449,DAMAN,30.0,30.0,7.0,7.1,1500,1994,,,1.1,2.3,,,,,0.51,0.8,20.400458,72.878133,65.1
2450,DAMAN,29.0,31.0,7.1,7.7,521,594,,,1.5,4.3,,,2,2,0.3,0.3,20.426775,72.847097,76.2
2451,DAMAN,30.0,30.5,7.3,7.5,754,1542,8.0,8.0,1.0,2.0,,,10,10,0.09,0.27,20.40115,72.892161,76.2
2452,DAMAN,29.5,29.5,6.9,7.0,1942,2272,,,1.52,3.1,,,,,0.21,0.72,20.384203,72.883423,65.1
2453,DADRA NAGAR HAVELI,30.0,30.5,6.7,7.3,385,594,,,4.9,5.3,,,4,4,0.21,0.23,20.126292,73.062664,76.2
2454,DADRA NAGAR HAVELI,30.0,31.0,7.1,7.5,482,657,,,0.3,0.8,,,2,2,0.32,0.57,20.271932,72.998411,76.2
2455,DADRA NAGAR HAVELI,30.0,31.0,6.9,7.6,1581,1995,6.0,6.0,0.3,0.4,,,4,4,0.36,0.45,20.242592,73.014025,76.2
2456,DADRA NAGAR HAVELI,29.5,30.0,6.9,7.4,1035,1542,,,0.2,0.4,,,12,12,0.44,0.52,20.310619,72.960967,76.2
2457,DADRA NAGAR HAVELI,31.0,31.0,7.2,7.8,1165,1676,,,0.7,0.8,,,,,0.21,0.59,20.293589,73.068986,65.1
2458,DADRA NAGAR HAVELI,29.0,31.0,7.3,7.7,2199,2693,6.0,6.0,0.3,0.5,,,14,14,0.37,0.69,20.316669,72.966672,76.2
2824,MAHARASHTRA,32.0,32.0,8.1,8.1,1077,1077,3.8,3.8,0.26,0.26,2,2,140,140,0.854,0.854,19.89506,75.3892,81.2
2825,MAHARASHTRA,24.0,32.0,8.3,8.8,2557,5212,3.2,5.2,5.16,5.16,2,2,14,80,0.901,1.575,19.56625,75.395758,81.2
2829,MAHARASHTRA,23.0,23.0,8.6,8.67,821.4,824.6,2.4,2.8,0.79,1.48,2,8,40,60,,,16.7457,74.445934,81.2
2830,MAHARASHTRA,23.0,23.0,8.1,8.44,1780,1875,2.2,2.4,3.92,4.8,2,6,50,60,,,16.64369,74.291123,81.2
2831,MAHARASHTRA,24.0,24.0,7.71,8.11,3207,4431,2.2,2.2,3.8,3.9,4,4,110,110,,,17.069029,74.273061,81.2
2832,MAHARASHTRA,25.0,26.0,7.26,7.48,280.2,435,2.2,2.4,0.69,1.76,2,4,50,80,,,17.486836,73.189008,81.2
2833,MAHARASHTRA,25.0,26.0,7.52,7.86,615.4,2751,2.0,2.4,0.57,2.97,2,4,70,90,,,16.990028,73.311972,81.2
2834,MAHARASHTRA,25.0,30.0,7.54,8.29,528.5,665.5,2.0,2.2,0.53,1.86,2,2,60,90,,,17.719553,73.396814,81.2
2835,MAHARASHTRA,26.0,27.0,7.69,7.78,243.3,342,2.0,2.8,0.46,1.98,2,6,40,80,,,17.5537,73.167414,81.2
1984,MAHARASHTRA,27.0,27.0,7.8,7.8,1210,1210,3.0,3.0,3.3,3.3,80,80,275,275,0.569,0.569,19.864914,72.684997,81.2
1985,MAHARASHTRA,26.0,26.0,7.9,8.3,1292,2916,4.8,6.0,0.93,0.925,8,85,25,110,0.256,1.02,19.27969,72.885568,81.2
1986,MAHARASHTRA,27.0,27.0,7.4,7.5,647.8,750.2,3.8,4.0,0.63,1.986,25,50,45,140,0.45,0.928,19.95275,72.771158,81.2
1987,MAHARASHTRA,26.0,26.0,7.6,7.6,986.8,1101,4.0,4.2,0.07,0.452,8,35,25,95,0.25,0.6,19.413995,72.861474,81.2
1988,MAHARASHTRA,27.0,27.0,7.9,8.1,577.5,588.2,3.0,4.0,0.16,1.563,25,170,45,550,0.366,0.95,18.375309,74.914862,76.2
1989,MAHARASHTRA,28.0,28.0,8.2,8.2,848.9,848.9,5.0,5.0,0.02,0.885,50,50,130,130,0.471,0.471,19.057826,73.11072,81.2
1990,MAHARASHTRA,,,7.29,7.73,938,1183,8.0,10.0,0.88,0.882,-,-,-,-,0.213,0.729,19.057488,74.738063,65.1
1991,MAHARASHTRA,25.0,26.0,7.44,7.75,700,760,3.2,7.0,3.12,96.81,4,34,22,50,0.032,0.032,19.945278,73.773778,46.2
1992,MAHARASHTRA,27.0,27.0,7.6,7.88,777.2,951.9,2.8,8.5,0.57,2.46,9,17,170,350,0.58,1.9,18.680152,73.849927,81.2
1993,MAHARASHTRA,28.0,32.0,7.4,8.4,1140,1860,3.6,6.16,0.28,0.38,2,2,80,90,0.803,1.145,19.700486,75.017786,81.2
1994,MAHARASHTRA,20.0,22.0,7.5,7.65,636,1530,3.6,4.8,10.2,36.85,13,33,40,130,0.3,1.25,20.010766,79.297679,77.8
1995,MAHARASHTRA,20.0,22.0,7.96,8.5,934,1136,5.0,6.8,1.48,1.88,11,40,23,110,0.593,0.76,21.264046,79.109475,81.2
1996,MAHARASHTRA,20.0,22.0,7.9,8.2,1480,1820,6.0,8.0,4.96,12.6,14,60,26,140,0.61,1.2,21.238578,79.112624,77.8
1997,MAHARASHTRA,20.0,20.0,7.86,7.9,1512,1849,5.2,40.0,4.8,13.2,40,40,110,130,0.27,0.3,21.077378,78.967101,77.8
1998,MAHARASHTRA,22.0,24.0,8.06,8.5,984,1420,5.6,7.4,1.62,2.85,17,22,30,80,0.68,1.3,21.2376,78.9037,81.2
1999,MAHARASHTRA,23.0,24.0,7.69,8.6,468,492,5.0,8.0,1.48,5.3,8,17,17,60,0.41,0.6,21.579712,80.242449,81.2
2000,MAHARASHTRA,20.0,22.0,8.15,8.6,1010,1360,6.2,7.2,1.88,2.62,13,27,34,170,0.63,0.8,21.324775,79.449895,81.2
2001,MAHARASHTRA,20.0,22.0,7.1,8.08,492,492,3.8,5.3,5.68,8.0,22,30,70,170,0.25,0.51,21.237978,77.740119,81.2
2002,MAHARASHTRA,20.0,25.0,7.82,8.03,512,1032,4.4,5.6,0.98,3.62,13,40,30,140,0.2,0.55,21.09795,77.052686,81.2
2003,MAHARASHTRA,18.0,20.0,7.4,7.5,426,870,3.6,4.2,1.39,2.96,8,27,13,140,0.2,0.23,20.491942,78.477339,81.2
2004,MAHARASHTRA,23.0,23.0,7.52,8.51,1440,1573,1.2,2.2,1.24,1.64,2,4,40,50,,,16.748042,74.590886,81.2
2005,MAHARASHTRA,23.0,23.0,8.52,8.54,1540,1580,2.0,2.0,4.2,4.26,4,6,70,80,,,16.745125,74.446449,81.2
2006,MAHARASHTRA,24.0,24.0,7.58,8.57,1440,1536,2.4,3.8,4.1,4.12,2,6,60,80,,,15.947289,74.188583,81.2
2007,MAHARASHTRA,24.0,24.0,7.22,8.29,2906,5904,2.4,2.4,3.6,4.3,2,4,50,140,,,16.861981,74.650924,81.2
2008,MAHARASHTRA,23.0,24.0,7.85,8.22,3934,4677,2.0,2.4,4.02,4.53,2,4,90,120,,,16.934354,74.664122,81.2
2200,MAHARASHTRA,24.0,32.0,8.3,8.5,3222,6717,3.4,5.0,1.82,1.82,2,4,80,110,1.582,2.048,19.523145,75.383933,81.2
2201,MAHARASHTRA,26.0,32.0,7.1,8.1,2111,2180,3.12,5.2,4.86,7.116,2,4,60,110,1.147,1.278,18.75395,74.247278,81.2
2202,MAHARASHTRA,25.0,26.0,7.3,8.47,357,614.3,2.0,2.0,10.7,15.86,2,4,80,90,,,17.721735,73.398552,77.8
2203,MAHARASHTRA,,,7.84,8.18,616,1010,4.6,6.0,0.4,3.94,,,,,0.52,0.52,20.764086,78.602777,65.1
2204,MAHARASHTRA,,,7.38,7.64,1170,1983,9.5,10.0,0.86,3.68,,,,,0.197,0.578,19.431778,74.200301,65.1
2816,MAHARASHTRA,25.0,26.0,7.57,7.85,843,1100,3.0,6.0,0.1,0.1,4,23,21,80,0.134,0.134,19.918605,73.902369,81.2
2817,MAHARASHTRA,,,7.4,7.4,808,808,2.6,2.6,3.4,8.7,,,,,0.612,0.612,19.711469,74.483669,65.1
2818,MAHARASHTRA,25.0,27.0,7.5,7.8,913,1000,3.8,8.0,5.05,5.05,11,30,27,300,0.082,0.082,20.204292,73.826837,81.2
2819,MAHARASHTRA,26.0,27.0,7.89,8.0,4654,6865,2.5,4.2,2.84,5.66,25,25,200,350,0.58,1.4,20.55724,74.507732,81.2
2820,MAHARASHTRA,30.0,30.0,6.89,7.9,910.4,1357,2.5,5.5,0.18,0.26,13,25,195,550,0.64,1.1,18.664742,74.108433,76.2
2821,MAHARASHTRA,25.0,25.0,7.82,7.82,2905,2905,4.0,4.0,0.22,0.31,11,11,350,350,1.8,1.8,17.676228,75.845317,81.2
2822,MAHARASHTRA,25.0,25.0,7.49,7.49,1175,1175,3.5,3.5,0.4,0.4,11,11,350,350,1.8,1.8,17.802867,75.645472,81.2
2823,MAHARASHTRA,25.0,25.0,7.88,7.88,1572,1572,5.0,5.0,0.28,0.28,17,17,350,350,1.6,1.6,17.692971,75.918666,81.2
2826,MAHARASHTRA,,,8.05,8.88,559,886,4.8,6.2,9.78,11.54,,,,,0.49,0.49,20.745303,78.602211,58.6
2827,MAHARASHTRA,20.0,24.0,7.5,7.92,496,840,4.4,5.0,0.74,1.32,8,22,50,80,0.36,1.1,21.549822,79.694326,81.2
2828,MAHARASHTRA,16.0,20.0,7.66,7.8,790,1498,4.8,5.2,1.08,4.86,13,90,50,280,0.3,1.15,19.889817,79.331877,81.2
2277,GOA,28.0,32.0,6.2,6.22,242.4,387,1.0,1.3,0.11,0.28,,,10,28,,,15.368606,73.9448,76.2
2278,GOA,27.0,32.0,6.25,6.38,153.7,250.2,0.7,1.3,0.04,0.08,,,80,80,,,15.383933,73.873514,76.2
2279,GOA,27.0,31.0,5.8,5.9,108.7,262.2,2.6,2.6,0.02,0.69,,,11,23,,,15.381967,73.875719,76.2
2280,GOA,26.0,32.0,5.77,5.86,147,241.1,1.7,2.9,0.31,0.39,,,4,4,,,15.462972,73.971447,76.2
2281,GOA,25.0,32.0,6.1,6.53,45.5,55.1,1.6,2.3,0.03,1.09,,,4,125,,,15.499056,73.932308,76.2
2282,GOA,28.0,33.0,5.9,6.5,199.8,312,1.0,1.6,0.67,0.78,4,4,150,150,,,15.529438,73.796302,81.2
1415,RAJASTHAN,28.0,28.0,7.65,8.37,2800,10400,0.9,1.47,1.14,4.2,4,7,20,460,1.55,1.6,25.783379,73.360706,81.2
1416,RAJASTHAN,24.0,24.0,8.59,8.64,8400,15800,18.8,24.12,0.8,2.2,4,7,28,75,0.16,1.22,25.754172,73.313234,81.2
1706,RAJASTHAN,30.0,30.0,7.62,7.65,1350,1410,0.7,1.25,0.16,0.3,3,3,3,7,0.68,1.14,27.566155,76.62006,81.2
1707,RAJASTHAN,32.0,32.0,7.78,7.78,1460,1460,0.65,0.65,0.38,0.38,3,3,4,4,0.7,0.7,27.507397,76.686296,81.2
1708,RAJASTHAN,29.0,29.0,7.51,7.73,1490,3100,0.15,1.6,0.16,0.98,3,4,3,14,0.8,0.98,27.517069,76.778288,81.2
1709,RAJASTHAN,30.0,31.0,7.21,8.06,2500,3300,0.05,0.35,0.32,4.5,3,4,3,9,0.56,0.74,28.198003,76.838907,81.2
1710,RAJASTHAN,29.0,29.0,7.78,8.6,1740,2400,0.55,1.03,0.38,5.5,3,3,3,7,0.98,1.3,28.195754,76.839031,81.2
1711,RAJASTHAN,28.0,28.0,7.61,8.25,1640,4300,0.4,0.6,0.3,0.48,3,3,3,7,0.98,1.14,28.201873,76.86124,81.2
1712,RAJASTHAN,30.0,31.0,7.82,8.57,1520,1900,0.32,1.05,0.3,0.8,3,3,3,9,0.2,0.64,28.191471,76.864069,81.2
1713,RAJASTHAN,29.0,30.0,7.27,8.2,1470,1520,1.2,5.24,0.08,18.96,3,4,3,20,0.4,0.52,28.194345,76.833855,77.8
1715,RAJASTHAN,25.0,27.5,8.38,8.59,1510,1860,0.45,1.28,2.74,6.0,3,3,4,4,0.98,1.12,25.144078,75.879251,81.2
1720,RAJASTHAN,28.0,28.0,7.95,8.08,1050,1470,0.25,0.34,0.62,1.5,3,4,7,7,0.82,1.6,27.705088,76.19482,81.2
1721,RAJASTHAN,30.0,31.0,7.92,8.03,510,870,0.47,0.7,0.48,1.6,3,4,7,9,0.54,0.66,26.917255,75.785271,81.2
1722,RAJASTHAN,28.0,30.0,7.29,7.43,1380,1510,0.29,0.85,0.08,0.42,3,3,3,4,0.16,0.56,26.927714,75.759453,81.2
1723,RAJASTHAN,29.0,31.0,7.44,7.87,3000,3100,1.0,1.2,0.16,6.0,3,4,7,20,1.15,1.5,26.777364,75.876981,81.2
1724,RAJASTHAN,30.0,31.0,7.98,8.21,1250,1530,0.27,0.55,0.14,1.34,3,4,4,7,0.36,0.9,26.856419,75.758303,81.2
1725,RAJASTHAN,28.0,31.0,7.37,7.5,660,1800,0.33,0.75,0.02,0.38,3,4,3,9,0.2,0.52,26.815875,75.786686,81.2
2015,RAJASTHAN,22.0,25.0,7.65,7.7,2900,3000,2.75,4.53,0.21,0.4,3,4,7,14,1.32,1.6,26.267614,73.066883,81.2
2016,RAJASTHAN,23.0,24.0,7.42,7.5,2000,2200,1.4,14.98,0.08,19.6,3,7,4,14,0.52,1.22,26.240417,72.999906,77.8
2017,RAJASTHAN,23.0,23.0,7.4,7.6,2400,2600,0.95,1.75,0.42,0.74,4,7,9,1100,0.4,0.64,26.238947,73.024308,71.2
2018,RAJASTHAN,23.0,25.0,7.5,7.99,4300,4700,1.25,1.3,1.2,1.6,4,4,9,210,0.98,1.6,26.237328,73.020286,81.2
2019,RAJASTHAN,22.0,24.0,7.2,7.88,1710,2000,0.24,7.2,0.16,1.82,3,4,4,28,0.28,0.52,24.768897,73.758661,81.2
2020,RAJASTHAN,22.0,24.0,7.1,8.41,2200,2400,0.09,10.6,0.92,1.66,3,3,7,7,0.38,0.56,24.604031,73.688308,81.2
2021,RAJASTHAN,20.0,24.0,7.37,7.84,1610,3100,0.7,12.2,1.14,6.24,3,4,4,20,0.36,0.82,24.597875,73.696111,81.2
2022,RAJASTHAN,22.0,24.0,7.21,7.64,2300,2400,1.52,2.1,0.58,11.2,3,7,7,460,0.86,1.14,24.567797,73.698192,77.8
2023,RAJASTHAN,21.0,23.0,7.38,7.57,1900,2200,0.33,0.8,0.72,6.0,3,3,7,7,0.4,0.54,24.582572,73.7191,81.2
2024,RAJASTHAN,28.0,30.0,7.18,7.41,1200,1400,0.65,1.01,0.32,5.48,3,4,7,9,0.98,1.36,26.968372,75.848906,81.2
2025,RAJASTHAN,28.0,29.0,7.05,7.58,2400,2500,0.24,0.55,0.08,0.38,3,4,4,7,0.28,0.74,26.881422,75.792997,81.2
2026,RAJASTHAN,28.0,29.0,7.33,7.78,790,1020,0.85,1.21,0.22,5.48,3,3,7,9,0.16,0.38,26.944481,75.7793,81.2
2027,RAJASTHAN,27.0,29.0,7.37,8.13,870,970,0.26,0.85,0.02,1.14,3,3,3,4,0.16,0.98,26.906475,75.7728,81.2
2028,RAJASTHAN,27.0,29.0,7.57,7.9,1190,1220,0.31,0.4,0.14,0.42,3,3,3,4,0.16,0.42,26.850806,75.784647,81.2
2029,RAJASTHAN,22.0,22.0,7.54,8.11,660,710,0.3,0.8,0.08,0.22,3,4,7,9,0.16,0.3,26.422678,74.654011,81.2
2030,RAJASTHAN,22.0,24.0,7.19,7.37,3600,4300,2.8,6.72,0.48,2.0,4,4,14,14,0.4,0.84,26.468308,74.633547,81.2
2031,RAJASTHAN,23.0,23.0,7.5,7.55,1180,1270,0.35,2.56,0.14,2.1,4,4,14,39,1.15,1.16,26.434342,74.672247,81.2
2032,RAJASTHAN,23.0,23.0,7.28,8.0,4900,5300,5.0,5.52,0.14,1.76,3,4,14,14,0.24,0.8,26.449894,74.639917,81.2
2033,RAJASTHAN,22.0,24.0,7.5,7.7,1200,1220,0.45,0.8,0.3,2.46,4,7,9,150,0.16,0.68,26.469753,74.635969,81.2
2957,RAJASTHAN,24.0,30.0,8.12,8.32,790,1010,0.95,2.38,0.64,1.2,3,3,7,7,0.9,0.96,23.548119,74.447239,81.2
2958,RAJASTHAN,26.0,34.0,7.3,7.3,4200,4200,0.65,1.5,0.32,3.0,4,14,20,150,1.3,1.44,28.150344,75.42335,81.2
2959,RAJASTHAN,27.3,34.0,7.36,7.41,4300,4400,0.9,1.05,0.16,1.82,7,7,28,28,1.0,1.38,28.161269,75.364964,81.2
2960,RAJASTHAN,26.8,34.0,7.37,7.45,3600,4100,0.8,1.45,0.14,0.42,4,4,14,14,1.12,1.44,28.152728,75.396558,81.2
2961,RAJASTHAN,28.0,33.0,8.24,8.56,770,1800,0.95,4.01,0.22,5.24,3,4,3,14,0.24,0.9,26.883214,75.759083,81.2
2962,RAJASTHAN,28.0,34.0,8.11,8.15,730,740,1.0,1.4,0.02,2.0,3,3,7,7,0.16,0.84,26.869836,75.766814,81.2
2963,RAJASTHAN,29.0,32.0,7.9,8.24,530,640,0.8,3.01,0.02,2.74,3,4,3,9,0.3,0.62,26.855883,75.777269,81.2
2964,RAJASTHAN,28.0,32.0,7.85,8.1,500,950,0.5,0.8,0.14,1.14,3,4,4,7,0.28,0.74,26.847386,75.779194,81.2
2965,RAJASTHAN,22.0,26.0,7.67,8.26,10500,12800,0.5,1.71,0.16,1.66,4,7,9,2400,1.28,1.56,25.765666,73.327728,66.2
2966,RAJASTHAN,26.0,27.0,8.1,8.47,640,5000,1.0,2.95,0.32,1.2,4,4,7,14,1.02,1.6,25.768758,73.354161,81.2
2967,RAJASTHAN,24.0,28.0,7.99,8.24,5800,11900,0.76,5.4,0.16,0.74,4,11,14,28,1.14,1.28,25.771431,73.404817,81.2
2968,RAJASTHAN,26.0,28.0,8.07,8.47,6400,9400,0.76,5.2,0.32,0.84,4,7,9,210,3.12,2.85,25.772272,73.4552,81.2
2969,RAJASTHAN,32.0,32.0,7.24,7.24,880,880,1.4,1.4,0.72,0.84,4,4,14,14,0.4,0.4,27.537483,76.525928,81.2
2970,RAJASTHAN,30.0,32.0,7.18,8.2,950,2100,1.25,3.4,0.22,0.22,3,4,3,7,0.8,0.98,27.881869,76.282786,81.2
2971,RAJASTHAN,31.0,32.0,7.27,7.42,1760,1780,0.15,0.25,0.14,0.38,3,3,3,7,0.8,0.96,28.002058,76.409481,81.2
2972,RAJASTHAN,30.0,30.0,7.44,8.66,2400,2400,0.25,0.45,0.22,0.38,3,3,3,4,0.9,1.3,27.892139,76.275128,81.2
2973,RAJASTHAN,29.0,31.0,7.17,7.38,1560,5000,0.59,1.7,0.16,0.32,3,3,4,9,0.7,0.92,27.996564,76.446314,81.2
2974,RAJASTHAN,29.0,29.0,7.41,7.82,410,1310,0.2,0.6,0.16,0.48,3,4,3,7,1.1,1.15,27.587299,76.816286,81.2
2975,RAJASTHAN,28.0,29.0,7.23,7.35,1560,3500,0.6,1.8,0.14,0.16,3,4,3,7,1.02,1.1,27.718031,76.991556,81.2
2976,RAJASTHAN,26.0,26.0,7.74,7.74,5400,5400,20.0,20.0,0.3,0.62,4,4,14,14,0.96,0.96,27.216742,77.482167,81.2
2977,RAJASTHAN,23.2,25.0,7.53,7.8,18000,18600,0.7,0.95,0.38,0.38,4,4,7,14,1.48,2.76,26.150678,73.010994,81.2
2982,RAJASTHAN,20.0,23.2,7.5,7.96,5500,8900,3.15,4.05,0.08,0.62,3,4,9,14,1.52,1.6,26.116279,72.985799,81.2
2985,RAJASTHAN,20.4,23.4,7.15,7.4,14200,14200,1.1,1.25,0.14,0.3,3,4,7,14,0.9,1.2,26.117787,72.981069,81.2
2986,RAJASTHAN,24.0,33.0,7.63,7.7,8100,12100,0.1,1.2,0.02,0.42,3,4,9,20,1.3,1.42,25.800868,72.305888,81.2
2987,RAJASTHAN,24.0,33.0,7.25,7.54,7600,8700,0.06,1.2,0.22,0.3,4,4,7,150,1.32,1.36,25.835767,72.250422,81.2
2988,RAJASTHAN,24.0,31.0,6.4,7.05,8400,10800,0.79,1.8,0.14,0.3,4,7,14,210,1.02,1.6,25.817793,72.303004,81.2
2989,RAJASTHAN,24.0,33.0,7.4,7.88,9400,17000,1.24,2.15,0.08,0.08,3,3,4,7,1.38,1.58,26.333372,73.06863,81.2
2990,RAJASTHAN,24.0,33.0,7.12,7.75,8400,10500,0.87,5.29,0.16,0.16,4,4,14,28,0.98,1.53,25.830032,72.240139,81.2
2991,RAJASTHAN,24.0,32.0,7.53,7.78,9700,13600,0.07,0.81,0.16,0.22,4,7,14,20,1.36,1.44,26.317069,73.128439,81.2
2993,RAJASTHAN,24.0,30.0,7.31,7.57,19000,24000,1.27,1.35,0.08,0.08,4,4,9,20,1.44,1.52,25.82887,72.239361,81.2
2997,RAJASTHAN,25.0,31.0,7.22,7.5,2000,2600,1.35,3.4,0.02,0.14,3,4,9,11,1.26,1.34,25.81354,72.223851,81.2
3000,RAJASTHAN,29.0,29.0,8.22,8.22,3200,3200,0.38,0.38,0.08,0.22,3,3,4,4,0.4,0.4,28.156508,76.824786,81.2
3001,RAJASTHAN,28.0,29.0,7.28,8.16,1800,1820,0.45,1.46,0.14,0.14,3,4,3,14,0.74,1.1,28.204186,76.875264,81.2
3002,RAJASTHAN,28.0,29.0,7.84,8.49,910,950,0.92,1.05,0.38,9.0,3,3,3,4,0.98,1.1,28.202831,76.875044,81.2
3003,RAJASTHAN,28.0,31.0,7.21,8.4,3300,3500,0.15,0.81,0.58,2.28,3,4,4,7,0.54,1.26,28.202053,76.875006,81.2
3004,RAJASTHAN,30.0,30.0,8.26,8.68,1000,1030,0.81,1.2,0.3,1.76,3,3,4,7,0.28,1.0,28.130792,76.774783,81.2
3006,RAJASTHAN,27.0,28.0,8.41,8.42,1500,1510,0.22,0.6,0.32,0.74,3,3,3,4,1.34,1.48,26.887742,75.856456,81.2
2477,UTTAR PRADESH,16.1,25.0,7.42,8.64,1106,1570,0.5,0.9,0.36,0.42,,,,,,,26.777608,79.021508,65.1
1736,UTTAR PRADESH,25.0,26.0,6.89,6.91,984,1164,5.0,5.6,,,40,60,100,180,,,26.686837,83.552618,71.2
1737,UTTAR PRADESH,24.0,25.0,6.92,6.92,876,908,3.8,3.9,3.34,4.36,20,30,60,60,,,26.928581,83.707206,81.2
1738,UTTAR PRADESH,,,7.25,7.68,633.7,1345,1.0,1.0,3.64,3.9,1.8,1.8,1.8,1.8,1.6,1.6,26.537044,80.487825,81.2
1739,UTTAR PRADESH,,,7.04,7.06,3093,3233,0.6,0.6,5.5,5.5,1.8,1.8,1.8,5400,1.8,1.8,26.538889,80.487267,61.2
1740,UTTAR PRADESH,,,7.18,7.29,2570,2639,0.4,1.0,0.0,20.6,1.8,1.8,1.8,3500,2.45,2.45,26.540031,80.490569,62.8
1741,UTTAR PRADESH,,,7.25,7.59,661.2,1375,1.0,1.0,0.0,25.2,1.8,1.8,1.8,1.8,2.1,2.1,26.538322,80.485589,77.8
1742,UTTAR PRADESH,,,7.54,8.08,501.1,1055,1.0,1.0,0.0,9.2,1.8,1.8,1.8,1.8,,,26.846489,80.946736,81.2
1744,UTTAR PRADESH,27.0,27.0,7.8,7.8,796.4,796.4,2.4,2.4,2.5,3.2,,,20,20,2.95,2.95,26.4499,80.331872,76.2
1745,UTTAR PRADESH,27.0,27.0,6.94,6.94,548.2,548.2,0.8,0.8,34.5,34.5,,,,,1.22,1.22,26.423592,80.331022,58.6
1746,UTTAR PRADESH,22.0,23.0,7.79,7.81,819,901,,,8.66,8.66,,,,,1.28,1.68,26.264778,82.072736,65.1
1747,UTTAR PRADESH,22.0,24.0,7.82,7.89,811,998,,,0.22,0.24,,,10,10,1.84,1.92,26.771022,80.935244,76.2
1751,UTTAR PRADESH,26.8,27.0,7.4,7.5,240,248,1.6,1.8,0.0,0.0,,,310,340,,,28.844842,78.239367,76.2
1752,UTTAR PRADESH,20.0,22.0,7.0,7.5,1363,1930,1.8,1.8,0.0,0.0,,,4,4,0.68,0.68,28.675322,77.344944,76.2
1753,UTTAR PRADESH,20.0,22.0,6.8,7.0,1137,1152,2.2,2.2,2.7,2.83,,,,,0.82,0.82,28.688578,77.437194,65.1
1754,UTTAR PRADESH,20.8,22.0,7.2,7.5,544,544,2.4,2.4,1.25,1.33,,,,,0.64,0.64,28.640478,77.423614,65.1
1755,UTTAR PRADESH,20.0,22.0,7.3,7.5,810,884,3.0,3.0,0.07,0.08,,,,,0.6,0.6,28.637897,77.344133,65.1
1756,UTTAR PRADESH,27.2,27.2,7.2,7.2,304,304,1.8,1.8,1.71,1.77,,,,,,,25.282197,82.435167,65.1
1757,UTTAR PRADESH,26.0,27.2,6.57,6.62,984,1273,0.7,0.8,0.0,0.0,,,,,0.66,0.66,25.145956,82.565683,65.1
1758,UTTAR PRADESH,27.0,27.0,7.0,7.0,308,308,1.7,1.7,4.62,7.13,,,,,,,25.318,82.974161,65.1
1759,UTTAR PRADESH,26.5,27.5,6.64,7.14,800,995,0.7,0.8,0.0,0.0,,,,,0.47,0.47,25.539397,82.049394,65.1
1760,UTTAR PRADESH,25.8,27.4,6.28,6.52,1028,1057,1.0,1.2,2.59,4.96,,,,,0.27,0.27,24.457019,82.993158,65.1
1761,UTTAR PRADESH,26.0,27.2,6.98,7.0,880,996,1.0,1.1,20.3,26.67,,,,,0.3,0.3,24.120605,82.694761,58.6
2467,UTTAR PRADESH,27.8,27.8,7.2,7.2,288,288,1.6,1.6,0.1,0.6,,,,,,,25.299478,82.954689,65.1
2468,UTTAR PRADESH,27.5,27.5,7.1,7.1,312,312,1.4,1.4,0.0,0.0,,,,,,,25.698625,82.237508,65.1
2469,UTTAR PRADESH,26.0,27.5,6.62,7.06,991,1422,0.8,0.8,0.0,0.0,,,,,0.36,0.36,25.379194,81.877067,65.1
2470,UTTAR PRADESH,26.5,27.5,7.13,7.3,1299,1360,1.0,1.1,5.48,7.17,,,,,0.42,0.42,25.920075,80.809994,65.1
2471,UTTAR PRADESH,24.0,25.0,7.94,7.96,426,450,1.8,2.2,1.25,5.22,40,40,80,100,,,26.760553,83.373167,81.2
2474,UTTAR PRADESH,22.0,24.0,7.77,7.88,788,977,,,0.28,0.28,,,,,1.0,1.3,25.9,81.3,65.1
2475,UTTAR PRADESH,22.0,24.0,8.01,8.11,761,799,,,0.36,0.38,,,,,1.08,1.26,26.1338,81.1611,65.1
2478,UTTAR PRADESH,,,7.66,7.66,452.1,452.1,2.8,2.8,,,1.8,1.8,1.8,1.8,,,26.874128,81.039583,71.2
2479,UTTAR PRADESH,24.0,26.5,7.2,7.6,224,226,1.0,1.2,5.8,5.8,,,300,340,,,28.821631,78.724478,76.2
1748,UTTAR PRADESH,22.0,24.0,7.21,7.29,360,390,2.0,2.4,0.22,0.26,,,,,,,29.17602,79.007534,65.1
1766,WEST BENGAL,29.0,30.5,7.8,7.94,723,737,0.9,2.09,9.05,11.29,13,13,23,23,0.51,0.51,23.688196,86.965172,77.8
1767,WEST BENGAL,29.5,33.0,7.0,8.04,898,1015,0.96,2.03,0.29,0.301,,,,,0.4,0.4,23.520408,87.311958,65.1
1768,WEST BENGAL,29.0,34.0,6.6,6.6,783,1590,1.25,2.84,0.34,0.485,,,,,0.33,0.33,23.512911,87.354791,65.1
1769,WEST BENGAL,32.0,32.0,7.88,7.97,1395,1513,0.45,0.492,2.93,3.25,,,,,0.314,0.314,22.066658,88.069831,65.1
1770,WEST BENGAL,30.0,32.0,7.78,7.95,2050,2130,0.3,2.8,0.11,0.19,,,,,0.295,0.295,22.045697,88.107169,65.1
1771,WEST BENGAL,28.0,28.0,7.1,7.6,531,740,0.2,0.3,0.18,0.18,,,,,0.07,0.07,22.988655,88.450222,65.1
1772,WEST BENGAL,28.0,28.0,7.0,7.4,922,1061,0.4,0.4,0.14,0.14,,,,,0.03,0.03,22.764606,88.374953,65.1
1773,WEST BENGAL,31.0,32.0,7.57,7.7,1637,2070,0.1,1.5,0.07,0.1,2,2,4,4,0.34,0.34,22.5625,88.378106,81.2
1774,WEST BENGAL,27.0,32.0,7.72,7.81,1676,1994,0.55,0.8,0.0,0.19,4,4,7,7,0.491,0.491,22.533694,88.390192,81.2
1775,WEST BENGAL,28.0,29.0,7.42,8.39,1693,1730,0.85,2.0,0.0,0.08,8,8,14,27,0.37,0.37,22.560214,88.4421,81.2
1776,WEST BENGAL,30.0,32.0,7.9,8.48,1147,1200,0.3,0.8,0.0,0.07,4,4,9,9,0.61,0.61,22.462928,88.396753,81.2
1777,WEST BENGAL,26.0,29.0,7.49,8.17,867,877,0.7,1.2,0.09,0.1,,,,,0.413,0.413,22.497806,88.309361,65.1
1778,WEST BENGAL,25.0,27.0,7.44,7.51,1091,1092,0.7,1.65,0.1,0.11,2,4,4,8,0.794,0.794,22.633331,88.216664,81.2
1779,WEST BENGAL,28.0,29.0,6.67,7.37,937,948,0.3,1.6,0.04,0.06,,,,,0.04,0.04,22.702531,88.280619,65.1
1813,WEST BENGAL,27.5,30.0,6.55,7.02,893,913,1.3,1.5,25.0,26.0,,,,,0.03,0.03,22.724719,88.329214,58.6
1931,WEST BENGAL,27.0,28.0,7.12,7.36,2220,2360,0.2,0.3,0.0,0.0,80,80,110,110,0.397,0.397,22.616114,88.371281,81.2
1932,WEST BENGAL,27.0,28.0,7.19,8.35,908,1053,0.5,1.2,0.0,0.08,2,2,4,4,0.424,0.424,22.569728,88.360556,81.2
1933,WEST BENGAL,26.0,27.0,7.18,7.69,1327,1432,0.15,0.2,0.06,0.16,,,,,0.481,0.481,22.598719,88.263783,65.1
1934,WEST BENGAL,25.0,26.0,7.16,8.35,2260,2370,0.6,0.65,0.06,0.13,2,2,13,17,0.531,0.531,22.594558,88.25695,81.2
1935,WEST BENGAL,25.0,28.0,7.49,8.15,1410,1470,0.6,1.05,0.06,0.16,2,14,13,27,0.369,0.369,22.507544,88.51525,81.2
1936,WEST BENGAL,27.0,30.0,8.1,8.52,729,1589,1.0,2.6,0.0,0.08,,,,,0.996,0.996,22.440875,88.424636,65.1
1937,WEST BENGAL,26.0,31.0,7.06,7.95,1870,1878,0.2,0.4,0.0,0.07,,,,,0.749,0.749,22.618333,88.445233,65.1
1938,WEST BENGAL,28.0,31.0,8.1,8.3,2090,2190,0.5,0.6,0.0,0.07,,,0,2,0.03,0.03,22.662767,88.871314,76.2
1939,WEST BENGAL,28.0,28.0,7.5,7.8,365,387,0.3,0.4,0.15,0.19,,,,,0.05,0.05,22.695703,88.420875,65.1
1940,WEST BENGAL,29.0,30.0,6.73,7.49,596,624,0.25,0.7,0.0,0.03,,,,,0.14,0.14,22.723931,88.33035,65.1
1941,WEST BENGAL,27.0,28.0,6.74,7.36,379,397,0.5,0.6,0.0,0.135,,,,,0.09,0.09,22.922742,88.379542,65.1
1942,WEST BENGAL,31.0,32.0,7.41,7.97,7370,9830,0.9,1.4,0.0,0.148,,,,,0.261,0.261,22.066686,88.069822,65.1
1943,WEST BENGAL,28.5,30.0,7.48,7.74,627,635,0.3,0.5,0.1,0.16,,,,,0.093,0.093,22.331167,87.325108,65.1
1944,WEST BENGAL,28.0,30.0,6.06,7.15,123.3,123.3,0.75,0.9,0.12,0.13,,,,,0.077,0.077,22.328097,87.330928,65.1
1945,WEST BENGAL,26.0,26.0,7.1,7.4,602,645,0.2,0.4,0.7,2.22,,,,,0.08,0.08,25.010842,88.141097,65.1
2510,WEST BENGAL,28.0,28.0,8.02,8.53,1008,1012,0.45,0.6,0.0,0.0,,,,,0.324,0.324,21.936833,87.781078,65.1
2515,WEST BENGAL,26.0,30.0,7.1,7.5,608,625,0.3,0.5,0.0,0.13,,,,,0.06,0.06,23.753036,88.528681,65.1
2516,WEST BENGAL,26.0,28.0,7.2,7.8,628,784,0.4,0.5,0.0,0.12,,,2,2,0.04,0.04,23.400875,88.501397,76.2
2526,WEST BENGAL,22.0,27.0,6.51,6.51,170,170,1.0,3.3,0.06,0.26,80,1200,220,1700,0.05,0.05,23.4333,88.757414,62.0
2528,WEST BENGAL,27.0,27.5,6.5,6.67,343,702,1.14,2.03,0.45,1.33,,,8,8,0.3,0.3,23.257281,87.846803,76.2
2529,WEST BENGAL,28.0,28.0,6.58,6.6,458,459,1.15,1.25,0.35,0.56,,,,,0.3,0.3,23.250767,87.856658,65.1
2530,WEST BENGAL,64.5,65.5,9.3,9.34,564,577,3.53,4.18,0.65,0.709,,,,,14.0,14.0,23.88,87.37,65.1
2533,WEST BENGAL,23.0,27.0,6.8,6.84,745,764,1.78,2.78,0.07,0.098,,,23,23,0.31,0.31,23.916667,87.533333,76.2
2535,WEST BENGAL,31.5,33.5,6.6,7.4,453,484,1.53,1.72,0.71,0.891,,,,,0.46,0.46,23.6804,87.683564,65.1
2536,WEST BENGAL,26.5,28.5,6.5,7.21,1064,1089,0.71,1.58,0.15,0.182,,,,,0.33,0.33,24.295633,87.838553,65.1
2537,WEST BENGAL,23.5,31.5,5.8,6.0,311,323,1.34,3.03,3.13,9.438,,,,,0.2,0.2,23.668756,87.683064,65.1
2538,WEST BENGAL,24.5,28.5,6.7,6.79,273,293,0.53,1.19,1.64,3.41,,,,,0.4,0.4,24.302586,88.016364,65.1
2540,WEST BENGAL,23.0,29.5,7.1,7.94,657,1902,2.74,3.25,0.55,0.998,,,,,0.81,0.81,23.239772,87.074119,65.1
2542,WEST BENGAL,26.5,28.0,6.8,6.94,513,726,1.31,1.59,0.15,0.189,,,,,0.4,0.4,23.100489,87.309067,65.1
2543,WEST BENGAL,28.5,29.0,6.2,6.64,126,220,1.03,2.4,0.09,0.112,,,,,0.06,0.06,23.079997,87.320003,65.1
2545,WEST BENGAL,26.5,29.5,6.72,7.2,1087,1410,0.78,1.58,1.82,3.429,8,8,23,23,0.32,0.32,23.332078,86.365208,81.2
2546,WEST BENGAL,25.0,28.0,7.47,7.49,940,1021,0.6,0.9,3.29,8.503,4,4,22,22,0.311,0.311,22.468903,88.107339,81.2
2547,WEST BENGAL,25.0,27.0,7.86,8.08,249,10040,0.9,1.1,0.07,0.18,7,7,33,33,0.623,0.623,22.369025,88.271836,81.2
2548,WEST BENGAL,27.5,30.0,7.76,8.11,1377,1385,0.8,0.95,0.11,0.45,,,,,0.514,0.514,22.580058,88.472933,65.1
1644,ORISSA,25.0,35.0,7.7,8.1,251,911.8,0.8,1.1,4.1,6.933,2,2,2,4,0.046,0.18,20.495525,85.921127,81.2
1645,ORISSA,24.0,31.0,6.5,8.2,332.4,605,0.4,2.1,2.79,7.739,2,2,2,2,0.03,0.075,20.449205,85.901903,81.2
1646,ORISSA,22.0,34.0,7.8,8.1,106,134,0.8,1.3,0.33,0.477,2,2,2,2,0.04,0.095,20.485754,85.856931,81.2
1647,ORISSA,24.0,31.0,6.9,7.7,236,322.2,0.9,1.4,0.06,0.905,2,2,2,2,0.058,0.18,20.457454,85.882679,81.2
1648,ORISSA,25.0,32.0,7.8,8.3,228.1,396,0.8,2.1,0.33,11.39,2,2,2,4,0.178,0.19,20.4679,85.890185,77.8
1649,ORISSA,26.0,32.0,5.4,6.1,262,314.7,0.6,2.2,2.52,9.289,2,2,2,2,0.03,0.581,20.266264,85.782935,81.2
1650,ORISSA,25.0,32.0,6.0,6.5,271,272,0.4,1.2,1.06,4.327,2,2,2,2,0.05,0.359,20.260034,85.823265,81.2
1651,ORISSA,25.0,37.0,6.9,7.3,196,321,0.8,1.2,0.13,1.865,2,5,2,8,0.07,0.444,20.235087,85.8427,81.2
1652,ORISSA,27.0,30.0,5.3,6.9,319,427,0.5,1.6,0.66,2.494,2,2,2,4,0.06,0.393,20.256374,85.845783,81.2
1654,ORISSA,24.0,32.0,5.7,7.4,162,204,0.8,2.7,1.2,9.607,2,2,2,4,0.06,0.336,20.269852,85.82159,81.2
1655,ORISSA,27.0,29.0,7.4,7.8,690,1802,1.1,1.3,1.97,11.53,2,4,2,8,0.11,0.139,19.794405,85.822286,77.8
1656,ORISSA,27.0,27.0,7.7,7.7,1396,1396,0.9,0.9,11.8,11.84,17,17,33,33,0.13,0.13,19.804831,85.818076,77.8
1657,ORISSA,27.0,32.0,7.4,7.5,911,1086,1.0,1.7,9.59,11.03,2,2,2,6,0.14,0.155,19.813275,85.831531,77.8
1658,ORISSA,30.0,30.0,7.8,7.8,573.2,573.2,0.9,0.9,0.85,0.846,2,2,2,2,0.07,0.07,19.812634,85.828877,81.2
1825,BIHAR,23.0,23.0,7.16,7.3,640,6922,,,,,4,8,9,23,1.0,1.0,25.579122,85.253317,71.2
1826,BIHAR,22.0,23.0,7.1,7.2,632,674,,,,,4,4,9,13,1.0,1.0,25.593237,85.174164,71.2
1827,BIHAR,22.0,22.0,7.2,7.28,509,705,,,,,1,1,2,2,0.8,0.8,25.620924,85.159936,71.2
1828,BIHAR,21.0,23.0,7.19,7.5,506,842,,,,,1,1,2,2,0.9,0.9,25.609619,85.136893,71.2
1829,BIHAR,22.0,22.0,7.12,7.2,644,784,,,,,1,1,2,2,0.8,0.8,25.611612,85.09125,71.2
1830,BIHAR,20.0,28.0,7.53,8.1,815,816,,,,,2,7,4,11,0.6,0.6,26.122167,85.382451,71.2
1831,BIHAR,19.0,27.0,7.84,8.4,836,910,,,,,1,4,2,8,0.8,0.8,26.123515,85.378269,71.2
1832,BIHAR,25.0,26.0,7.6,7.9,952,952,,,,,7,8,14,21,0.4,0.4,25.413449,86.139054,71.2
1833,BIHAR,25.0,26.0,7.6,7.8,915,915,,,,,1,4,13,21,0.6,0.6,25.415751,86.135881,71.2
1834,BIHAR,25.0,26.0,7.5,7.8,462,462,,,,,8,13,11,22,0.8,0.8,25.783319,87.466672,71.2
1835,BIHAR,25.0,26.5,7.6,7.8,356,356,,,,,4,7,7,17,0.8,0.8,25.772242,87.467227,71.2
1836,BIHAR,23.0,23.0,8.0,8.0,-,-,,,,,14,14,21,21,,,25.419944,86.129972,100.0
1837,BIHAR,23.0,25.0,7.8,7.8,856,856,,,,,4,9,7,22,0.8,0.8,25.419953,86.129981,71.2
1838,BIHAR,24.0,24.0,7.6,7.8,637,637,,,,,7,8,11,13,0.9,0.9,25.380978,86.465003,71.2
1839,BIHAR,24.0,24.0,7.6,7.6,962,962,,,,,2,2,4,4,0.9,0.9,25.372324,86.471752,71.2
1840,BIHAR,19.0,28.0,7.66,8.2,480,542,,,,,1,8,2,17,0.8,0.8,26.649806,84.916775,71.2
1841,BIHAR,22.0,24.0,8.1,8.21,1006,1024,,,,,9,11,22,27,0.8,0.8,24.794784,85.007259,71.2
1842,BIHAR,22.0,22.0,8.6,8.61,484,502,,,,,1,2,2,3,0.6,0.6,24.795406,84.999433,71.2
1843,BIHAR,22.0,22.0,8.0,8.18,516,532,,,,,4,7,14,14,0.9,0.9,25.017233,85.416189,71.2
1844,BIHAR,23.0,24.0,7.8,8.62,414,484,,,,,2,9,4,21,0.8,0.8,25.783556,84.75325,71.2
2576,BIHAR,23.0,23.0,7.4,7.42,532,564,,,,,4,7,11,11,0.9,0.9,24.754222,84.373768,71.2
2577,BIHAR,25.0,26.0,7.5,7.8,668,668,,,,,8,17,17,26,0.9,0.9,26.13508,87.467551,71.2
2578,BIHAR,23.0,24.0,8.0,8.14,563,584,,,,,2,4,4,8,1.0,1.0,25.325799,84.605419,71.2
2579,BIHAR,24.0,27.0,8.1,8.18,552,562,,,,,4,4,7,8,0.8,0.8,25.566265,83.983535,71.2
2580,BIHAR,22.0,24.0,7.2,7.24,780,810,,,,,4,8,9,13,0.8,0.8,25.040383,83.610998,71.2
2581,BIHAR,25.0,25.0,7.66,7.66,410,410,,,,,13,13,23,23,,,26.160497,85.899783,71.2
2582,BIHAR,26.0,26.0,7.72,7.72,440,440,,,,,23,23,50,50,,,26.187745,85.903178,71.2
2583,BIHAR,22.0,23.0,8.3,8.82,512,552,,,,,4,4,8,9,0.8,0.8,26.46047,84.438832,71.2
2584,BIHAR,23.0,23.0,7.76,8.3,790,862,,,,,1,4,2,11,0.9,0.9,26.429064,84.394487,71.2
2585,BIHAR,20.0,27.0,7.8,8.0,552,610,,,,,4,7,7,17,0.8,0.8,25.216006,84.9842,71.2
2586,BIHAR,28.0,28.0,7.5,7.5,672,672,,,,,7,7,17,17,0.9,0.9,25.541982,87.567477,71.2
2587,BIHAR,25.0,26.0,7.6,7.9,854,854,,,,,8,8,13,23,0.8,0.8,25.483817,86.701389,71.2
2588,BIHAR,25.5,26.0,7.6,7.8,558,558,,,,,7,11,11,21,0.9,0.9,25.676944,86.943056,71.2
2589,BIHAR,26.0,28.0,7.5,7.8,940,940,,,,,4,13,11,22,0.8,0.8,25.916944,86.778611,71.2
2590,BIHAR,25.0,25.0,7.53,7.53,572,572,,,,,8,8,14,14,,,26.345964,86.071781,71.2
2591,BIHAR,21.0,23.0,8.2,8.21,694,716,,,,,2,7,17,17,0.6,0.6,25.139348,85.451156,71.2
2592,BIHAR,22.0,22.0,7.3,7.41,705,754,,,,,4,4,9,13,0.6,0.6,25.124061,85.459475,71.2
2593,BIHAR,23.0,24.0,7.2,7.22,884,916,,,,,4,7,8,11,0.8,0.8,24.880028,85.529992,71.2
2594,BIHAR,26.5,28.0,7.5,7.8,686,686,,,,,7,11,17,21,0.4,0.4,25.870544,86.601375,71.2
2595,BIHAR,27.0,27.0,7.27,7.27,829,829,,,,,4,4,11,11,,,25.862969,85.781044,71.2
2596,BIHAR,23.0,26.0,7.56,8.4,454,812,,,,,1,7,2,17,0.6,0.6,26.588721,85.501282,71.2
2597,BIHAR,24.0,24.0,7.7,7.7,510,556,,,,,4,8,11,17,0.9,0.9,26.210096,84.365362,71.2
2598,BIHAR,23.0,23.0,7.9,8.11,402,416,,,,,1,4,2,11,0.6,0.6,24.628777,83.920541,71.2
2599,BIHAR,22.0,24.0,7.4,7.52,901,946,,,,,2,4,4,11,0.8,0.8,24.625089,83.918998,71.2
2600,BIHAR,25.0,26.0,7.51,8.1,766,905,,,,,2,7,4,11,0.6,0.6,25.683822,85.354964,71.2
2759,JAMMU & KASHMIR,27.0,27.0,6.24,6.24,458,458,2.3,2.3,0.33,1.49,,,,,,,32.510494,75.212882,65.1
2760,JAMMU & KASHMIR,26.0,26.0,6.64,6.64,236,236,158.0,158.0,,,,,,,,,32.41944,75.581914,
2761,JAMMU & KASHMIR,26.0,26.0,6.1,6.1,106,106,,,0.06,0.057,,,,,,,32.3855,75.545246,65.1
2762,JAMMU & KASHMIR,16.2,16.2,9.4,9.4,2000,2000,68.0,68.0,,,,,,,,,32.603839,74.727475,
