STATION CODE,STATE,TEMPERATURE_Min,TEMPERATURE_Max,DO_Min,DO_MAX,pH_Min,PH_Max,CONDUCTIVITY_Min,CONDUCTIVITY_Max,BOD_Min,BOD_Max,NITRATE_NITRATE_Min,NITRATE_NITRATE_Max,FECALCOLIFORM_Min,FECALCOLIFORM_Max,TOTALCOLIFORM_Min,TOTALCOLIFORM_Max,Latitude,Longitude,wqi
1001,HIMACHAL PRADESH,1,16,7.5,11,7.2,8.4,55,335,0.1,0.4,0.065,0.492,8,49,23,240,32.237794,77.190564,99.2
1002,HIMACHAL PRADESH,3,19,7.5,11.2,7.5,8.3,59,340,0.1,0.5,0,0.492,22,94,130,350,31.963639,77.116392,99.2
1003,HIMACHAL PRADESH,4.5,15.5,8.1,11,7.5,8.2,57,238,0.1,0.2,0.067,0.492,17,63,79,180,31.740194,77.207533,99.2
1004,HIMACHAL PRADESH,10,23,8.7,10.8,6.8,8.2,42,322,0.1,0.7,0.091,0.457,23,49,130,280,31.669367,77.064236,99.2
1005,HIMACHAL PRADESH,5.8,23,8.7,10,6.8,8.5,115,340,0.1,0.4,0,0.974,21,94,70,280,31.422647,76.812947,99.2
1550,HIMACHAL PRADESH,7.5,19,8.7,11.4,7.5,8.4,63,309,0.1,0.5,0,0.7,23,94,130,920,31.705853,76.934903,91.2
1006,HIMACHAL PRADESH,10,23,6.9,12.2,7.4,9,89,340,0.1,0.6,0,0.83,27,180,170,1600,31.712408,76.933089,73.0
2604,HIMACHAL PRADESH,13,21.5,6.8,10.5,6.8,8.8,41,488,0.4,1.8,0.3,1,�,�,�,�,31.880753,76.614514,48.0
1007,HIMACHAL PRADESH,12,21.8,0.2,8.8,6.9,9.1,98,471,0.2,2,0.26,1.02,�,�,�,�,31.83865,76.505144,22.0
1008,HIMACHAL PRADESH,14,22,7.1,8.3,7.7,8.6,118,388,0.3,2,0.24,0.97,�,�,�,�,31.878094,76.203311,48.0
1009,HIMACHAL PRADESH,13.8,24,5.6,9.8,7,8.9,87,375,0.1,0.8,0.23,0.5,23,23,140,140,31.935022,76.053444,83.7
1693,PUNJAB,10,24,7.9,7.9,7.2,7.6,185,195,0.5,0.6,0.6,1.8,13,39,31,50,31.989016,75.832499,100.0
1694,PUNJAB,10,24,7.6,7.8,7.4,7.4,185,210,0.3,0.7,1,1.4,130,210,330,350,32.111503,75.663325,100.0
1695,PUNJAB,11,23,7.3,7.5,7.3,7.7,240,240,0.6,0.8,2.3,3,170,210,430,490,32.093633,75.609725,100.0
1010,PUNJAB,10,23,7.5,7.6,7.4,7.6,220,245,0.5,0.8,1.5,2.6,70,140,220,280,32.097933,75.611474,100.0
1294,PUNJAB,11,23,6.1,6.8,7.1,7.6,260,290,1.8,2.7,1.6,4.9,180,790,460,1400,31.923867,75.541467,90.3
1011,PUNJAB,10,22,7.3,7.4,7.3,7.5,235,258,0.8,0.9,2.4,3.3,130,200,350,460,31.51012,75.304936,100.0
1696,PUNJAB,11,23,7.4,7.6,7.2,7.5,240,270,0.6,0.8,2.1,3.7,170,280,430,430,31.385361,75.176625,100.0
1012,PUNJAB,11,23,7.3,7.5,7.2,7.5,245,270,0.6,1.2,1.8,3.8,220,640,460,900,31.374996,75.162691,90.3
1697,PUNJAB,12,22,7.3,7.6,7.3,7.5,240,260,0.6,0.7,1.4,3.6,120,200,340,400,31.508844,75.307539,100.0
2601,HIMACHAL PRADESH,1.5,14,7.9,11,7.2,8,63,221,0.1,0.6,0.1,0.6,14,94,33,350,32.263247,77.185664,100.0
2602,HIMACHAL PRADESH,3,17.5,7.6,11.2,7.3,8.2,55,312,0.1,1,0,0.5,17,70,94,280,31.958136,77.115783,99.2
2603,HIMACHAL PRADESH,9,18,7.9,11.2,7.4,8.2,45,294,0.1,0.8,0,1.3,23,110,170,1600,31.686472,77.045619,87.2
1867,HIMACHAL PRADESH,5,11,9.6,10.1,7.8,8.7,126,983,0.1,0.7,0,0.5,14,49,63,280,31.804453,78.643214,85.0
2611,HIMACHAL PRADESH,5,11,9.6,10.1,7.7,8.8,116,1080,0.1,0.2,0,0.5,13,33,49,180,31.798494,78.639769,85.0
1389,HIMACHAL PRADESH,10,17,9.3,9.7,7.6,8.7,145,778,0.1,1.2,0,0.6,13,70,79,240,31.859386,77.165125,85.0
1086,HIMACHAL PRADESH,11,16,9.1,9.6,7.6,8.5,128,842,0.1,0.3,0.067,0.436,27,110,140,350,31.448039,77.628283,99.2
1087,HIMACHAL PRADESH,11,16,9.2,9.6,7.5,8.6,104,784,0.1,0.4,0,0.621,46,140,170,540,31.432236,77.622567,81.0
1013,HIMACHAL PRADESH,12,16,9.2,9.5,7.4,8.6,121,766,0.1,0.3,0.024,0.484,23,94,180,350,31.247458,77.088208,85.0
1014,HIMACHAL PRADESH,6,24,8.4,9.6,7.3,8.7,124,365,0.1,0.4,0,0.621,23,79,130,350,31.421014,76.837836,85.0
1015,HIMACHAL PRADESH,6,24,8.3,9.8,7.6,8.7,109,357,0.1,1.2,0,0.955,26,94,170,540,31.412833,76.874881,81.0
1016,HIMACHAL PRADESH,4,20,6,11,6.9,9.7,96,265,0.2,0.8,0.17,0.78,�,�,�,�,31.425772,76.421883,48.0
1017,PUNJAB,10,26,8.6,8.8,7.5,7.8,254,266,�,�,0.8,1,30,70,46,150,31.380831,76.367228,91.2
1018,PUNJAB,11,26,7.6,8,7.5,8.5,256,298,1,1,1,1.2,280,750,110,1100,31.375996,76.364695,89.6
1293,PUNJAB,12,28,6.8,8.2,6.9,7.9,260,308,1,2,1.4,1.6,1100,1500,2000,2300,30.984964,76.4672,84.6
1814,PUNJAB,10,26,8,8.4,7.6,8.3,263,275,0.3,1,0.9,1.2,50,300,350,500,31.182044,76.563547,99.2
1019,PUNJAB,11,27,8.4,8.6,7.1,7.9,242,270,0.3,1.2,1.1,1.2,50,500,500,930,31.379027,76.372115,92.0
1380,PUNJAB,10,25,8,8.4,7.4,8.3,268,310,0.9,0.9,1.1,1.2,40,140,390,400,31.356053,76.372837,99.2
1690,PUNJAB,13,29,6.8,7.6,7.3,7.7,369,396,1.6,2.4,1,1,90,350,500,630,30.922369,75.919469,96.0
1020,PUNJAB,10,28,4,4.4,6.8,7.3,574,846,6.2,15,2.2,3.6,2000,46000,10000,75000,30.975026,75.608293,34.2
1021,PUNJAB,12,28,4.4,6.3,6.7,7.4,520,534,2.8,9,1.8,3,2000,15000,8000,30000,30.99775,75.371988,43.8
1381,PUNJAB,13,24,2.4,3.2,6.6,7.9,714,780,6,7.9,4,4.8,3500,4600,7500,20000,31.01532,75.715315,40.2
1691,PUNJAB,12,31,7.4,8.4,7.3,8.2,224,266,0.3,1.2,0.8,1.2,50,150,350,400,30.995289,74.552492,99.2
1692,PUNJAB,12,30,7.2,8.3,7.1,8,226,273,0.4,1.3,0.8,1.2,50,210,400,460,30.99008,74.54847,100.0
1022,PUNJAB,12,23,4.8,6,7.2,7.4,342,356,1.2,3.3,1.2,3.2,460,500,900,2000,31.139816,74.936455,73.2
1088,HIMACHAL PRADESH,13,21,6.9,8.7,7.5,9,138,473,0.2,5.5,0.24,0.84,�,�,�,�,32.492399,76.176291,43.6
1089,HIMACHAL PRADESH,7.1,18,7.8,9,7.3,9,75,900,0.1,18,0.19,1.26,�,�,�,�,32.555144,76.121039,34.8
2614,HIMACHAL PRADESH,7.9,23,7.9,8.9,6.3,8.7,129,291,0.2,0.6,0.4,1,�,�,�,�,32.6083,76.013308,48.0
2615,HIMACHAL PRADESH,7,14,8,9.1,7.1,8.8,93,203,0.2,0.8,0.3,1.1,�,�,�,�,32.596661,75.992383,48.0
2613,HIMACHAL PRADESH,7.3,18,7.9,9.1,6.6,8.6,104,269,0.2,0.9,0.2,1,�,�,�,�,32.57045,76.119792,48.0
1097,PUNJAB,10,23,8.1,8.3,7.4,7.6,160,185,0.3,0.4,0.7,2.6,19,110,45,230,32.372983,75.61039,100.0
1290,HIMACHAL PRADESH,3.5,12,8.3,11.2,6.8,8.2,40,302,0.1,2.8,0.2,0.705,21,63,140,280,31.896167,77.147692,99.2
2605,HIMACHAL PRADESH,0.5,9,9.1,10.8,7.4,8.7,33,183,0.1,0.2,0,0.4,14,43,34,140,32.027531,77.348536,85.0
2606,HIMACHAL PRADESH,2,10,8.9,10.7,7.5,8.4,48,232,0.1,0.8,0.1,0.6,13,46,43,170,32.019789,77.331117,99.2
1090,HIMACHAL PRADESH,4,15.5,7.8,10.9,7.1,8.2,45,205,0.1,0.6,0.108,0.484,21,70,63,220,31.701264,77.169233,99.2
1551,HIMACHAL PRADESH,�,�,4.9,7.9,6.3,7.8,190,624,0.5,1.8,0.2,4.7,�,�,�,�,30.919003,76.806214,37.6
1552,HIMACHAL PRADESH,�,�,5.2,6.9,6.5,8.4,186,1246,0.8,4,0.3,5.3,�,�,�,�,30.915403,76.791131,56.6
1868,HIMACHAL PRADESH,�,�,5.8,9.7,6.8,8.7,194,1265,0.4,3.6,0.3,6.2,�,�,�,�,30.998567,76.738231,42.3
1869,HIMACHAL PRADESH,6,24,5,10,6.6,9.5,380,626,0.2,12,0.3,4.9,�,�,�,�,31.365081,76.306519,24.4
2616,HIMACHAL PRADESH,6.5,19,7.5,8.9,7.1,9,114,249,0.1,0.8,0.4,1.3,�,�,�,�,32.721486,76.089586,48.0
2607,HIMACHAL PRADESH,10,26,7,11.2,7.6,8.7,151,392,0.1,0.9,0,0.9,23,350,130,1600,31.756389,76.936111,73.0
2608,HIMACHAL PRADESH,13,22,6.8,9.8,6.3,8.7,70,171,0.1,0.7,0.1,1.2,�,�,�,�,32.052972,76.649286,48.0
2609,HIMACHAL PRADESH,14,23,7.2,9.7,7.1,8.9,86,192,0.1,0.8,0.4,1.3,�,�,�,�,31.908625,76.466739,48.0
2610,HIMACHAL PRADESH,5,11,9.8,10.2,7.2,8.8,83,661,0.1,0.7,0,0.4,13,27,22,110,31.806619,78.641953,85.0
2612,HIMACHAL PRADESH,6,12,8.5,9.8,7.7,8.7,111,466,0.1,1.2,0,0.4,17,46,46,220,31.389297,78.353714,85.0
1307,JAMMU & KASHMIR,4,20,4.5,9.4,7,8.1,166,250,3,5.8,0.8,1.2,�,�,�,�,34.078121,74.813495,47.4
1306,JAMMU & KASHMIR,3,18,6,8.5,7.1,7.9,75,216,1.5,3,0.5,1.2,�,�,�,�,34.074254,74.807199,63.0
1304,JAMMU & KASHMIR,2.5,19,6,7.9,0.8,8,210,445,1,3.5,0,2.34,�,�,�,�,33.739602,75.134049,43.6
3274,JAMMU & KASHMIR,2.3,19,6,8.4,7.1,8,140,381,1.2,2.4,0,3.2,�,�,�,�,33.922416,75.011699,63.0
3275,JAMMU & KASHMIR,1,19,6.1,8.6,7.4,8.4,134,381,1,3.5,0,1.3,�,�,�,�,34.005819,74.912056,57.8
3278,JAMMU & KASHMIR,2,14.8,7.8,8.9,7.3,8.3,78,151,1,1.3,0.2,1.7,�,�,�,�,34.035358,75.324533,62.2
3279,JAMMU & KASHMIR,2,14,7.5,9.9,7.4,8.2,76,139,1,1.8,0.4,0.9,�,�,�,�,34.021817,75.317388,62.2
3280,JAMMU & KASHMIR,2,14,8.4,9.6,7.7,8.3,81,141,1,3.1,0.1,1,�,�,�,�,34.246647,74.767647,57.8
3281,JAMMU & KASHMIR,2,13.5,8,9.2,7.7,8.2,57,104,1,1.5,0.6,2.3,�,�,�,�,34.013002,75.31251,62.2
3283,JAMMU & KASHMIR,8,13,8.7,9.1,8,8.2,120,175,�,�,0.5,0.8,�,�,�,�,34.3045,75.292767,53.4
3284,JAMMU & KASHMIR,8.2,13,8.8,9.2,7.9,8.2,130,335,�,�,0.6,1.2,�,�,�,�,34.307819,75.283686,53.4
3285,JAMMU & KASHMIR,4,14.2,7,9.2,7.2,8.1,110,158,1,1.2,0.3,1,�,�,�,�,34.229837,74.762405,62.2
1484,UTTARAKHAND,16,19,7.8,9.2,8,8.2,�,�,0.6,0.8,0,0,�,�,�,�,30.287506,78.985451,62.2
1485,UTTARAKHAND,15,18,8.6,9,8,8.2,�,�,0.6,0.8,0,0,�,�,�,�,30.290028,78.979932,62.2
1486,UTTARAKHAND,15,19,7.4,8.4,7.8,8.2,�,�,0.8,1.2,0,0,�,�,�,�,30.285854,78.978295,62.2
1487,UTTARAKHAND,16,19,7.4,9,7.8,8.2,�,�,1,1,0,0,�,�,�,�,30.144753,78.601484,62.2
1488,UTTARAKHAND,16,19,7.8,9.4,7.9,8.2,�,�,0.6,1.2,0,0,�,�,�,�,30.147103,78.598107,62.2
1489,UTTARAKHAND,16,19,7.4,8.8,7.9,8.2,�,�,0.8,1.2,0,0,�,�,�,�,30.140504,78.597358,62.2
1060,UTTARAKHAND,13,20,7.4,9.6,7.3,8,�,�,0.8,1.4,0,0,�,�,4,40,30.115135,78.307032,83.0
2725,UTTARAKHAND,15,25,6.2,7.6,7.5,8.7,�,�,1.4,12,0,0,�,�,220,1600,30.019619,78.22939,42.8
1061,UTTARAKHAND,23,27,4,6.2,6.3,7.7,�,�,3.2,7.2,0,0,�,�,1600,1600,29.945254,78.164675,31.6
2727,UTTARAKHAND,13.5,22,7.2,8.4,7.2,8.1,�,�,1.2,2.8,0,0,�,�,80,350,29.851669,77.879742,82.2
1062,UTTAR PRADESH,15,28,7.2,11.1,6.8,7.8,170,300,1.4,3.5,0,0.68,500,840,900,1500,28.76062,78.143766,85.9
2488,UTTAR PRADESH,23,23,8,8,7.3,7.5,190,391,2.3,3,0,0.5,4000,4000,630,630,28.364396,78.270269,85.8
2489,UTTAR PRADESH,22,22,8.2,8.2,7.5,7.5,220,350,2.1,2.9,0,0.5,370,370,610,610,28.274208,78.324338,96.0
1145,UTTAR PRADESH,23,23,7.8,7.8,7.3,7.5,250,380,2.8,3.3,0,0.5,410,410,630,630,28.1897,78.395878,91.6
2490,UTTAR PRADESH,23,23,7.3,7.3,7.4,7.5,210,330,0,2.2,0,0,400,400,610,610,27.927803,78.866289,96.0
1063,UTTAR PRADESH,13,34,6.5,9,7.4,8.4,44,403,1.8,3.8,0.18,0.32,1600,2600,3500,4900,27.138451,79.930775,68.6
1066,UTTAR PRADESH,13,34,2.8,8.8,7.3,8.4,47,396,2.4,4.2,0.2,0.3,2100,4000,4000,5800,27.010953,79.986442,47.8
1146,UTTAR PRADESH,13,35,6.4,9.8,7.7,8.7,42,428,2.2,4.4,0.18,0.28,1700,3500,3500,4900,26.610906,80.275419,54.4
1067,UTTAR PRADESH,13,35,6,9.6,7.6,8.9,49,432,2.7,4.2,0.16,0.32,2000,3800,4200,5400,26.505542,80.314344,54.4
1068,UTTAR PRADESH,13,35,4.4,9,7.1,8.2,58,725,3.8,7.5,0.2,0.4,10000,24000,40000,79000,26.436185,80.40961,43.0
1147,UTTAR PRADESH,15,28,6.5,9.5,7.5,7.9,169,259,3.2,4.5,0.76,0.82,4400,6900,7600,9100,26.074386,81.024075,60.3
2498,UTTAR PRADESH,15,28,6.6,9.6,7.5,7.9,168,256,3.1,4.3,0.7,0.8,3800,6300,7200,8900,25.774293,81.382673,60.3
1046,UTTAR PRADESH,19.4,25.9,8.1,9.8,8.1,8.4,338,454,2.6,4.4,1.08,1.96,9400,26000,22000,47000,25.502474,81.855439,57.8
2487,UTTAR PRADESH,19.3,25.9,7.6,9.3,8.1,8.5,346,428,3.4,4.7,1.4,2.1,13000,26000,24000,40000,25.443124,81.887148,57.8
1049,UTTAR PRADESH,19.6,25.9,8,9.2,8.1,8.4,368,468,2.9,9.2,1.28,2.24,13000,34000,26000,48000,25.419206,81.900522,53.4
2485,UTTAR PRADESH,16,27,8,8.8,7.2,8.2,254,366,2.1,3.6,0,0.7,1300,2100,2200,4600,25.244031,82.418272,72.0
2486,UTTAR PRADESH,16,29,8.2,8.7,7.2,8,272,378,2.3,3.8,0,0.7,1300,4600,2400,32000,25.177058,82.602225,65.4
1070,UTTAR PRADESH,20,25,7.3,9.2,8,8.4,282,392,2.4,3.3,0,0,2200,3300,3100,4900,25.289358,83.006389,68.6
1071,UTTAR PRADESH,20,25.5,6.7,8.7,8.2,8.7,308,456,3.8,5,0,0,22000,46000,34000,63000,25.321486,83.035285,43.6
1073,UTTAR PRADESH,19,25,6.8,8.6,8.2,8.7,300,440,3.3,4.4,0,0,11000,22000,14000,46000,25.578175,83.609594,43.6
2502,UTTAR PRADESH,16,18,8.5,8.7,8,8,200,380,1.7,1.9,0,0,70,70,120,130,29.485839,78.058761,100.0
1074,BIHAR,18,30,7.8,8.8,7.8,8.3,310,492,2.3,2.8,0,0,940,1500,2400,4600,25.573508,83.966669,79.8
2551,BIHAR,18,31,7.6,8.7,7.6,8.3,298,535,2.6,2.8,0,0,500,5400,1100,16000,25.576142,83.970428,65.6
1077,BIHAR,13,33,7.4,9.7,7.7,8.4,268,538,2,2.5,0,0,1100,2400,2200,5400,25.650869,85.115085,76.4
2556,BIHAR,16,26,7.2,9.2,7.9,8.3,265,276,2,2.4,0,0,490,790,1100,2800,24.902403,84.2074,81.6
2564,BIHAR,16,34,7.6,9,7.9,8.3,288,344,2,2.7,0,0,700,3500,2800,9200,25.708441,84.889727,69.0
2552,BIHAR,16,34,7.1,9.2,7.6,8.2,271,557,2.4,2.9,0,0,3000,9200,9000,24000,25.622179,85.172816,62.2
1079,BIHAR,15,35,7,9.3,7.6,8.3,276,546,2.6,2.8,0,0,1400,9000,5000,24000,25.613753,85.204131,62.2
2555,BIHAR,15,33,5,8.2,7.3,7.8,336,782,2.1,2.8,0,0,800,3000,2200,16000,25.627333,85.155472,59.4
2553,BIHAR,14,33,7,9.6,7.7,8.3,269,548,2,2.5,0,0,900,3000,2200,9000,25.511611,85.307417,69.0
1817,BIHAR,16,28,7.4,8.1,7.8,8.2,254,316,2,2.5,0,0,790,2400,2200,5000,25.401104,85.923198,76.4
1815,BIHAR,16,28,7.2,8,7.6,8.1,252,358,2.3,2.8,0,0,920,5000,2800,16000,25.381441,85.987169,69.0
1818,BIHAR,17,28,7.4,7.8,7.7,8,242,316,2.3,2.6,0,0,1100,3000,2200,9000,25.384978,86.458978,69.8
2554,BIHAR,18,28,7.5,7.8,7.6,7.9,238,327,2.3,2.7,0,0,940,2400,2200,5400,25.257511,86.747053,77.2
1819,BIHAR,16,26,7.5,7.9,7.6,8.1,245,314,2.4,2.7,0,0,1300,5400,3000,24000,25.254387,86.948424,65.6
1816,BIHAR,16,30,7.6,7.9,7.8,8.2,181,373,2.5,2.8,0,0,1400,5000,5000,16000,25.267334,87.227318,69.0
3113,BIHAR,18,30,7.8,8.8,7.6,8.3,236,525,2.4,2.7,0,0,430,2400,2400,9200,25.588972,83.985861,72.4
3114,BIHAR,13,33,7.2,9.7,7.8,8.4,269,532,2,2.6,0,0,790,1700,2200,3500,25.588972,83.985861,78.2
3115,BIHAR,17.5,26,7.5,7.9,7.8,8,248,272,2,2.4,0,0,800,1700,1700,3000,25.487275,85.705236,78.9
3116,BIHAR,17,28,7.6,7.9,7.8,8,249,318,2,2.5,0,0,790,1300,2100,3000,25.368174,86.464302,80.6
3117,BIHAR,17,28,7.5,7.9,7.8,8,241,325,2,2.6,0,0,790,1700,2400,3500,25.252575,86.725558,78.9
3118,BIHAR,16,26,7.6,7.9,7.8,8,238,297,2.2,2.6,0,0,900,2200,2200,5400,25.271603,87.025665,77.2
3122,BIHAR,14,34,7.2,9.4,7.6,8.4,270,538,2.1,2.6,0,0,800,3500,2400,16000,25.557806,85.275648,69.0
3123,BIHAR,16,26,7.5,7.9,7.6,8.1,269,355,2,2.6,0,0,790,1400,2200,3500,25.315313,86.029821,79.8
1080,WEST BENGAL,16,32,4.4,11,7.5,8.1,193,385,1,8.7,0.39,1.48,2000,900000,3000,1600000,24.100312,88.244054,43.0
2511,WEST BENGAL,16,34,5.1,9.8,7.4,8.2,218,795,1.4,4.8,0.1,1.2,3000,1300000,5000,5000000,23.386728,88.364884,56.6
2506,WEST BENGAL,20,35,5.3,9.3,7.3,8.4,164,403,1.5,5,0.3,1.4,2000,110000,3400,240000,22.984402,88.40197,56.6
1054,WEST BENGAL,19,32,4.5,9.3,7.5,8.1,189,413,1.2,8.5,0.21,1.74,13000,500000,23000,900000,22.780189,88.3338,43.0
1472,WEST BENGAL,19,32,4.1,9.1,7.3,8.6,192,409,1.1,9.7,0.3,1.5,17000,500000,30000,1600000,22.761306,88.340319,28.8
1053,WEST BENGAL,18.5,32,4.1,9.2,7.7,8.5,229,473,1.8,7,0.33,0.93,85000,1100000,110000,2500000,22.653061,88.357589,43.0
1471,WEST BENGAL,20,31,5.1,8.3,7.2,8.6,181,415,1.1,5.7,0.3,1.3,4000,250000,8000,650000,22.558292,88.324394,42.3
1470,WEST BENGAL,18,31,5,8.2,7.8,8.9,195,436,1.2,4.8,0.3,1,65000,1200000,115000,1500000,22.549717,88.296125,33.2
1052,WEST BENGAL,19,33,4,8.7,7.6,8.8,257,744,0.6,5.8,0.3,1,4000,130000,11000,300000,22.453473,88.115051,28.0
1469,WEST BENGAL,19,31,4.6,8.7,7.8,8.3,173,6320,1.5,6.2,0.4,1.7,4000,240000,9000,500000,22.183383,88.193783,43.0
1494,UTTARAKHAND,18,21,4.2,8.4,8,8.3,�,�,0.8,1.4,0,0,7900,7900,35000,35000,30.518822,77.949536,53.6
1490,UTTARAKHAND,17,21,6.6,8.4,8.1,8.3,�,�,1.2,1.4,0,0,1100,1100,17,13000,30.498618,77.803498,75.8
1553,HIMACHAL PRADESH,15,28,6.4,8.4,6.4,8.4,196,652,0.8,1.6,0.1,0.6,7,11,18,21,30.392244,77.572103,85.0
1554,HIMACHAL PRADESH,17,29,5.8,8.2,6.6,8.8,112,651,1,1.8,0.1,0.6,8,16,17,24,30.465256,77.661758,83.7
1120,DELHI,�,�,6.4,12.8,7.2,8.3,�,�,1,5,�,�,�,�,450,43000,28.85018,77.210184,57.8
1121,DELHI,�,�,0.3,2.8,7.1,7.6,�,�,4,36,1.1,17.5,�,�,330000,54000000,28.598582,77.263308,19.4
1375,DELHI,�,�,0.4,3,7.1,8.1,�,�,5,37,1.1,15.9,�,�,450000,160000000,28.566967,77.294665,18.6
2495,UTTAR PRADESH,14,34,2,6.5,7.4,8,104,648,6.4,12.6,0,0,31000,93000,63000,90000,27.586087,77.696364,29.0
1123,DELHI,�,�,�,�,�,�,�,�,�,�,0,0,23000,23000,33000,33000,27.564981,77.708718,37.9
2494,UTTAR PRADESH,15,33,1.5,6.4,7.2,7.9,108,996,7.6,14.4,0,0,28000,78000,57000,180000,27.504755,77.686524,23.8
1124,DELHI,�,�,�,�,�,�,�,�,�,�,0,0,150000,150000,240000,240000,27.443052,77.716133,37.9
1125,UTTAR PRADESH,�,�,�,�,�,�,�,�,�,�,0,0,3500,4900,5400,13000,27.250657,77.861624,44.7
1126,UTTAR PRADESH,�,�,�,�,�,�,�,�,�,�,0,0,24000,540000,35000,920000,27.17969,78.119555,37.9
2493,UTTAR PRADESH,14,33,3.2,6.6,7,7.7,109,894,5.4,9.6,0,0,22000,70000,43000,180000,29.604121,77.109833,38.6
1498,DELHI,�,�,�,�,�,�,�,�,�,�,0,0,2200,2200,3200,3200,26.932682,78.54366,52.1
1127,DELHI,�,�,�,�,�,�,�,�,�,�,0,0,4900,4900,11000,11000,26.752436,79.01967,44.7
1499,DELHI,�,�,�,�,�,�,�,�,�,�,0,0,2300,2300,7000,7000,26.42602,79.478799,48.1
1069,UTTAR PRADESH,19.8,26.4,7.8,8.4,8.1,8.4,424,591,2.1,2.5,1.38,1.98,1100,11000,2600,21000,25.422471,81.838806,62.2
1812,DELHI,�,�,0.8,2.9,7,7.9,�,�,9,79,�,�,�,�,330000,160000000,28.533295,77.330724,15.0
2724,UTTARAKHAND,15,28,1,6,7.5,7.7,�,�,9,48,0,0,�,�,1600,1600,30.25,78.016667,23.0
2728,UTTARAKHAND,11,19,6.8,8,7.1,7.8,200,250,1.2,1.8,0,0,�,�,�,�,29.209064,79.537174,63.0
2734,UTTARAKHAND,9,33.4,2.2,3.4,6.8,7.2,332,487,10,32,0,0,�,�,�,�,29.206769,78.986242,24.6
2735,UTTARAKHAND,9,34,0.2,1.6,6,7.4,286,786,12,68,0,0,�,�,�,�,29.146732,78.982975,0.0
2732,UTTARAKHAND,0.7,34,0.4,3.8,6.9,7.3,378,1198,10.8,64,0,0,�,�,�,�,29.111195,78.908723,15.0
2733,UTTARAKHAND,9,34,0.8,3.4,6.4,7.5,634,1274,18,42,0,0,�,�,�,�,29.15049,78.893386,0.0
2731,UTTARAKHAND,7,32,7,8.6,6.9,7.3,248,572,1.2,18,0,0,�,�,�,�,29.158694,79.03956,49.8
1064,UTTAR PRADESH,13,34,5.2,9.1,7.6,8.6,49,567,3,5.4,0.22,0.48,2000,3900,4000,7000,27.190822,79.818261,49.1
2497,UTTAR PRADESH,20,26,�,�,7.4,7.6,1640,2040,60,84,6.8,8.3,94000,1200000,170000,280000,28.980857,77.790428,39.7
1065,UTTAR PRADESH,13,34,4.1,8,7.3,8.9,49,568,3.5,6.4,0.24,0.42,2400,3400,3800,7000,27.161314,79.919914,35.6
2482,UTTAR PRADESH,20,25.5,7.5,8.6,7.4,8.4,254,330,2.2,3,0,0,1300,22000,2400,34000,25.386717,82.852628,62.2
2483,UTTAR PRADESH,21,25.5,2,5.8,8,8.9,380,688,24.8,46.4,0,0,79000,170000,180000,280000,25.332956,83.043393,5.2
1361,UTTAR PRADESH,16,32,6.1,8.9,7.1,71,210,275,3,4.3,0.1,0.1,2000,2400,3800,4900,26.649979,80.793854,57.8
2484,UTTAR PRADESH,20,25.5,7.2,8.4,7.7,8.5,234,340,2.5,3.5,0,0,4000,11000,6300,17000,25.629922,82.756208,57.8
1350,UTTAR PRADESH,18,34.8,5.8,11.3,7.5,8.5,246,490,2.4,2.9,0.2,2.8,110,1600,790,3900,27.572878,80.67895,76.9
1351,UTTAR PRADESH,18,35,6,10.8,7.7,8.4,379,530,3,3.5,0.3,2.4,1100,3100,2200,5400,26.862031,80.931322,68.6
1352,UTTAR PRADESH,18,35,1.6,4.7,7,8,466,730,8.5,10.5,0.9,5.8,49000,110000,79000,140000,26.833275,80.995211,23.8
1353,UTTAR PRADESH,20,25,7.2,8.2,7.8,8.5,298,340,2.5,3.8,0,0,8000,13000,11000,21000,25.751611,82.726469,57.8
1072,UTTAR PRADESH,20,25,7.2,8.4,7.5,8.4,258,332,2.3,3.4,0,0,5000,11000,8000,17000,25.507856,83.158181,57.8
2491,UTTAR PRADESH,13,28,7.2,7.7,7.8,8.2,412,532,2.7,4.2,0.3,0.8,130,1100,300,2200,26.733174,83.347894,79.4
1363,UTTAR PRADESH,11,29,0.1,7.9,7.9,8.2,378,480,2.1,3.3,0.1,0.6,110,350,260,790,26.754692,83.334211,60.8
1354,UTTAR PRADESH,14,25,8.1,9.9,7.6,7.8,159,221,2.4,3.2,0.6,0.8,3700,5400,6100,8200,26.797519,82.234306,62.0
1355,UTTAR PRADESH,14,31,7.4,7.9,8,8.2,414,554,2.1,3.6,0.2,0.5,80,350,220,800,26.169467,83.868992,86.8
2492,UTTAR PRADESH,12,30,7.3,7.8,7.9,8.2,414,572,2.7,3.9,0.3,0.6,220,900,500,1700,26.278524,83.513885,81.2
1076,BIHAR,16,31,7.8,9.8,7.9,8.3,236,268,1.9,2.5,0,0,790,1400,2200,2800,25.771153,84.654639,79.8
1359,UTTAR PRADESH,19.9,26.3,7.1,7.9,7.9,8.2,256,312,2.1,2.6,0.4,0.8,940,1700,2100,2800,24.339814,83.003589,78.2
1360,UTTAR PRADESH,19.6,26.3,7.2,8.4,7.9,8.3,260,295,2,2.5,0.3,0.7,1100,1700,2200,3200,24.261214,83.009353,78.2
1075,BIHAR,17,30,7.2,8.9,7.5,8.3,196,265,1.5,2.2,0,0,300,1700,900,2200,25.5753,84.798144,82.2
3121,BIHAR,16,25,7.1,9.5,7.2,7.9,229,264,2.1,2.2,0,0,330,1100,800,2200,24.671905,84.010068,84.6
3127,BIHAR,17,26,7,9.6,7.9,8.2,224,269,2.1,2.2,0,0,460,500,940,2400,25.297742,84.678992,87.2
3128,BIHAR,16,32,7,8.7,7.7,7.9,246,322,1.6,2.5,0,0,700,1100,1700,2800,25.045209,84.332819,80.6
1078,BIHAR,15,32,8,9.7,7.6,8.4,213,248,1.4,2.4,0,0,490,800,1300,2200,25.675279,85.189845,85.6
2568,BIHAR,17,30,7.8,9.7,7.4,8.4,228,267,1.3,2.1,0,0,330,700,930,1700,25.988349,85.045545,85.6
2570,BIHAR,18,28,7,8.8,7.8,8.3,220,401,1.5,2.5,0,0,790,1300,1700,2800,25.867123,85.784927,79.8
3124,BIHAR,16,32,7.2,95,7.6,8.4,205,372,1.3,2.4,0,0,490,1700,1300,2200,26.136076,85.381196,82.2
3125,BIHAR,13,33,7,9.5,7.2,7.6,216,517,1.8,2.3,0,0,460,700,700,1700,26.360672,84.749947,86.3
2575,BIHAR,15,33,2.7,9.5,7.4,7.6,176,416,2.3,6.6,0,0,800,3500,2400,9500,26.560646,85.052409,40.2
1820,BIHAR,13,36,1,8.5,6.9,7.7,179,551,2.5,16,0,0,1100,5400,3000,16000,26.960335,84.534192,27.2
3134,BIHAR,16,36,0,7.2,6.6,8.5,173,920,2,110,0,0,800,3000,1700,16000,26.148036,85.373764,21.0
2562,BIHAR,19,29,7.2,8.6,7.6,8.2,207,370,2,2.6,0,0,1100,1700,3000,3500,26.138571,85.388808,78.2
2558,BIHAR,14,34,2,7,6.7,7.6,230,541,2.8,7,0,0,800,3500,2800,9500,27.105529,84.454541,40.2
3126,BIHAR,17,29,7.4,9,7.5,8.3,190,266,1.4,2.1,0,0,300,1400,700,1700,27.094829,84.143868,83.8
2567,BIHAR,18,19,8.2,9,8.1,8.2,301,375,2,2.1,0,0,500,500,800,1100,26.269758,86.268875,91.2
2569,BIHAR,19,28,7.2,9,7.6,8.2,248,391,1.8,2.6,0,0,700,900,1400,2200,26.135844,86.333137,85.6
3133,BIHAR,18,18,8,9.5,8.2,8.2,321,359,1.9,2,0,0,500,500,700,1100,26.596857,86.144676,91.2
2563,BIHAR,16,33.5,3.4,6.5,7,7.6,240,386,2.3,6,0,0,700,3500,1700,9500,26.576389,85.317222,49.8
2565,BIHAR,17,28,6.6,7.6,6.5,7.8,150,216,1.6,2.4,0,0,490,940,1400,2800,25.42082,87.236262,81.6
2566,BIHAR,16,30,6.6,7.6,7.4,7.8,204,216,1.5,2.4,0,0,700,1300,1700,2400,25.930352,86.801274,84.6
3137,BIHAR,17,28,6.8,7.5,6.6,7.8,197,236,1.4,2.5,0,0,500,1100,1400,2200,25.386081,87.092419,84.6
1821,BIHAR,16,33,7.4,8.9,7.7,7.9,288,398,2,2.7,0,0,1300,1700,2400,3500,26.222639,84.354122,78.9
2560,BIHAR,15,27,3,6.8,7.1,8.2,314,565,2,7,0,0,900,3000,2200,9000,26.520035,84.357095,44.6
2561,BIHAR,16,32,6.9,8.7,7.8,7.9,310,412,1.8,2.6,0,0,1100,1300,2200,3500,26.223497,84.347097,80.6
3129,BIHAR,16,33,0.5,7.8,6.9,7.5,196,386,2.1,12,0,0,500,2400,1100,9000,26.364956,84.360872,34.0
1823,BIHAR,18,19,7,7.6,7.6,8,285,291,2.7,2.8,0,0,1100,1700,3000,5000,26.410836,86.237178,78.9
1824,BIHAR,14,30,6.4,7.6,6.6,7.8,186,286,2,2.7,0,0,800,2400,2200,5400,26.399461,87.242477,77.2
2559,BIHAR,16,34,0,6.7,6.5,7.5,208,787,2.9,12,0,0,1300,5400,5000,24000,27.170083,84.322471,26.4
3130,BIHAR,18,33,6,7.8,7.2,8,230,382,1.8,2.7,0,0,490,2400,800,5000,27.17026,84.322348,77.2
1822,BIHAR,14,35,0,4.8,6.9,7.7,178,799,3,15,0,0,5000,5000,16000,16000,26.98375,84.857739,30.6
3132,BIHAR,18,34,7.1,8.5,7.9,8.2,215,352,1.1,2.2,0,0,330,1400,900,5000,26.341991,85.481683,79.8
3135,BIHAR,18,27,7.4,9.6,7.6,8.2,227,354,1.6,2.4,0,0,490,800,1100,1700,26.038984,85.891341,85.6
3131,BIHAR,22,30.1,5.8,7.8,7,8.3,302,585,1.2,2,0.1,4.6,�,�,26,220,26.658543,85.400266,81.0
3119,BIHAR,16,26,7.6,8.5,7.7,8,288,313,2.1,2.3,0,0,790,900,2200,2800,25.513517,85.292658,82.3
3120,BIHAR,16,27,7.7,8.6,7.8,8,276,315,2,2.1,0,0,500,700,1300,2200,25.217822,84.826131,86.3
3136,BIHAR,14,35,0,5,7,7.6,173,792,2.8,16,0,0,2400,3000,9000,16000,26.988061,84.855244,30.6
1510,HIMACHAL PRADESH,8,20,8.2,9.6,6.1,7.9,54,386,0.1,0.8,0,0.8,2,8,4,18,30.556089,77.777152,85.0
2620,HIMACHAL PRADESH,14,21.2,6.1,10.4,6.7,7.9,181,619,0.1,2,0,10.4,1,24,6,82,30.892361,77.210569,100.0
2626,HIMACHAL PRADESH,16,30,7,8.3,6.3,8.9,56,428,1,1.6,0,0.7,7,17,14,26,30.455225,77.584234,85.0
2627,HIMACHAL PRADESH,16,30.5,6.9,8.1,6.4,8.9,110,693,1,1.6,0,0.8,6,13,12,28,30.429819,77.578623,85.0
2621,HIMACHAL PRADESH,15,21.1,6.2,9.9,6.3,7.9,133,517,0.1,2,0,10.3,1,12,4,36,30.882006,77.211344,85.0
2622,HIMACHAL PRADESH,16,28,7.6,8.5,6.2,8.7,206,757,1,1.4,0.1,0.7,6,9,14,22,30.522537,77.667622,85.0
2623,HIMACHAL PRADESH,16,29,7.4,8.3,6.4,8.9,247,806,1.2,1.6,0.1,0.7,6,11,13,20,30.552658,77.643922,85.0
2617,HIMACHAL PRADESH,2.5,20,8.9,9.8,6.2,7.7,33,201,0.1,0.6,0,0.6,4,4,2,16,31.126891,77.74353,85.0
2618,HIMACHAL PRADESH,3.5,19,8.8,10.1,6.2,7.3,49,188,0.1,0.8,0,0.9,2,2,2,21,31.200297,77.753211,85.0
2619,HIMACHAL PRADESH,7,19,8.3,9.9,6.1,7.7,39,960,0.1,1,0,0.9,3,3,2,14,31.083417,77.802406,85.0
2496,UTTAR PRADESH,22,25,�,�,7.4,7.6,650,760,42,52,5.1,8.3,4000,140000,94000,170000,29.186169,77.494114,39.7
1358,UTTAR PRADESH,15,32,1.1,1.1,7,7.6,1140,2080,42,180,0.5,0.7,160000,190000,220000,310000,28.673761,77.402644,15.0
1357,UTTAR PRADESH,10,27,0.4,1.8,7.2,7.6,485,715,2,28,0,0,3300,7500,4300,12000,29.910025,77.600275,21.1
1143,MADHYA PRADESH,19,33.5,5.8,6.8,7.3,7.9,358,827,2.2,3.5,0.388,4.13,7,33,90,350,25.043083,81.721004,94.3
2107,MADHYA PRADESH,13,32,6.3,7.9,7.2,8.9,272,412,0.2,0.9,0,0,�,�,0,8,25.767472,79.331309,68.0
2108,MADHYA PRADESH,12,32,6.3,7.9,7.7,9,274,432,0.5,0.9,0,0.1,�,�,0,12,24.317042,78.127198,68.0
1735,UTTAR PRADESH,17.5,32.7,5.9,7.5,7.8,8.9,191,236,2.8,3.3,0,0,2300,4600,7900,34000,24.651228,78.423136,49.1
1356,UTTAR PRADESH,15,32,6.2,8.8,7.8,8.7,241,482,3,3.6,0,0,2000,5800,10000,22000,25.94085,80.153822,47.0
1365,MADHYA PRADESH,26,27,6.8,7.8,7.6,8.2,230,909,�,�,0.6,1.5,�,�,110,300,22.428806,75.508689,73.4
1366,MADHYA PRADESH,26,28,0,7.6,7.7,8.7,234,8930,�,�,3.5,8.9,�,�,1600,1600,22.428791,75.508684,21.2
2955,RAJASTHAN,14,32,4.1,7.5,7.3,8.3,260,380,0.3,1.1,0.4,0.8,4,4,4,7,24.07656,75.526392,88.8
1418,MADHYA PRADESH,24,28,7,7.4,7.4,8.2,308,390,1.9,1.9,0.8,1.4,�,�,140,350,24.699027,75.551954,82.2
1288,RAJASTHAN,20,33,4.6,7.9,7.5,8.3,250,330,0.4,1.1,0.3,0.54,4,4,4,9,25.141518,75.794083,88.8
1289,RAJASTHAN,17,34,4.8,8.1,7.8,8.7,320,720,0.5,3,0.4,0.98,4,28,93,2400,25.268768,75.906611,62.6
1413,RAJASTHAN,14,38,4.6,6.4,7.9,8.6,270,960,0.6,1.8,0.4,1,4,7,4,28,25.864446,76.574623,74.6
1609,MADHYA PRADESH,18,31,7,9,6.9,7.8,430,1060,1.1,3,0,1.8,�,�,�,�,26.660536,77.904557,63.0
1432,MADHYA PRADESH,17,36.8,6.7,7.9,7,7.7,488,823,1.2,3.7,0,0,�,�,�,�,24.586045,77.069419,58.6
2126,MADHYA PRADESH,18.4,34.5,6.1,7.2,7.2,7.7,410,920,1.5,3.4,0,0,�,�,�,�,23.495145,77.100818,58.6
2954,RAJASTHAN,18,32,3.4,6.9,7.9,8.5,370,750,0.4,1.8,0.4,1,4,4,4,21,25.681506,76.485765,83.6
1607,MADHYA PRADESH,15,40,5.4,8.5,7.3,8,450,1860,1.2,6,0.5,3.9,�,�,�,�,26.429359,78.430415,57.3
1367,MADHYA PRADESH,28,28,0,0,7.3,7.3,1507,1507,40,40,45.5,45.5,41,41,1600,1600,22.703363,75.877149,44.4
1369,MADHYA PRADESH,24,30,5.8,7.8,7.2,8.5,296,1350,�,�,0,4.2,�,�,1600,1600,23.187353,75.764282,60.2
1370,MADHYA PRADESH,24,30,6.3,7.8,7.1,8.5,346,1320,�,�,0,2.8,�,�,1600,1600,22.97582,75.917157,61.4
1468,MADHYA PRADESH,24,30,5.6,6.8,7.4,8.5,310,1264,�,�,0,2.9,�,�,1600,1600,23.211447,75.774618,60.2
2953,RAJASTHAN,16,32.5,4.3,6.8,7.7,8.5,280,720,0.4,1.3,0.4,1,4,4,4,9,25.160724,76.22887,88.8
2956,RAJASTHAN,18,33,3.5,6.7,7.9,8.6,320,860,0.3,1.4,0.4,0.8,4,4,4,9,25.393522,76.327061,69.4
1608,MADHYA PRADESH,15,32,7.2,9,7.1,8.1,375,1530,1.2,2.2,0.5,1.4,�,�,�,�,25.888006,78.337099,62.2
2117,MADHYA PRADESH,20,32,4.9,6,7.3,7.8,140,752,3.1,7,0.9,14.7,27,70,500,900,24.518131,81.299578,72.8
1433,MADHYA PRADESH,10,29,6.7,10,7,8,350,1250,0.9,4.4,0.4,2.2,�,�,�,�,26.226494,77.995516,58.6
3311,MADHYA PRADESH,12,33,6.6,8.2,7.3,8.9,218,745,0.3,0.9,0,0.2,�,�,0,4,24.746865,78.829917,68.0
3327,MADHYA PRADESH,20.8,38.2,5.1,7.8,7.3,8.1,2,1820,2,8.2,0.4,2.9,�,�,280,350,23.200563,81.588112,72.2
2950,RAJASTHAN,18,29,5.1,7.8,7.5,8.1,180,980,0.5,2.1,0.4,0.6,4,4,4,14,24.692006,72.929236,98.0
2951,RAJASTHAN,21,33,4.9,7.1,7.6,8.4,330,460,0.4,1.1,0.4,0.8,�,�,4,7,25.905847,75.463861,71.8
2952,RAJASTHAN,15,28,1.6,3.7,7.6,8.4,1140,2000,5.1,8.8,0.7,1.2,4,21,210,1100,26.919491,75.930328,56.4
2945,RAJASTHAN,19,31,5,6.6,7.7,8.3,220,400,0.4,1.1,0.4,0.6,�,�,4,14,24.600889,76.152494,71.8
2946,RAJASTHAN,19,30.3,4.7,6.7,7.7,8.4,180,310,0.3,1.4,0.3,0.5,4,4,4,14,24.6087,76.170272,88.8
1331,WEST BENGAL,16,30,6.5,10.1,7.3,8.3,122,267,1,4.2,0.2,0.284,400,90000,1400,160000,23.685031,86.823472,57.8
1332,WEST BENGAL,17,32.5,6.7,9.5,7.3,8.6,137,282,1,3.3,0.2,0.244,200,90000,700,160000,23.646961,86.897068,43.6
1333,WEST BENGAL,20,34,3.4,10.9,7.2,8.6,143,343,1.1,6.9,0.2,0.464,400,17000,700,28000,23.584399,87.103495,23.6
1334,WEST BENGAL,22,35,3.7,8.7,7.1,8.7,212,737,1.7,5.7,2.2,3.824,600,90000,900,160000,23.429785,87.364995,28.0
1335,WEST BENGAL,21.5,33,5.4,11.1,6.4,8.5,732,13410,0.2,7.9,0.5,0.96,20000,400000,55000,1500000,22.066481,88.068869,37.9
2527,WEST BENGAL,22,35,6.6,11.4,7.1,8.4,222,336,1.5,6.3,0.2,0.4,400,35000,800,90000,23.206144,87.850831,53.4
1336,WEST BENGAL,17,32,6,11.2,7.2,8.4,118,234,1,4.5,0.2,0.32,800,90000,1100,160000,23.721689,86.801628,57.8
2509,WEST BENGAL,18,34,6.1,8.1,6.7,7.8,172,1270,0.8,8.2,0.2,1,4000,110000,13000,500000,22.437711,87.880747,54.2
1337,WEST BENGAL,20,32,5.4,9.5,6.8,8.5,243,4250,0.7,4,0,0.86,2000,50000,4000,160000,22.21835,88.024305,56.6
2541,WEST BENGAL,19,36.5,6.5,9.8,7.4,8.4,134,531,1.1,5.9,0.2,0.3,200,13000,400,22000,23.213568,87.076517,57.8
2531,WEST BENGAL,19.5,35,5.5,9,6.8,8.4,143,578,1.7,7.1,0.3,0.5,3000,90000,13000,160000,24.11604,87.797555,52.2
2532,WEST BENGAL,20,35,2.6,10,7,8.4,124,14850,1.9,9,0.2,1.4,9000,90000,14000,160000,24.111261,87.794355,32.6
2508,WEST BENGAL,19,36,5.5,10.1,6.8,7.7,139,216,0.5,3.6,0.1,0.5,2000,50000,7000,130000,22.666078,87.744922,57.3
2514,WEST BENGAL,21,33,3,9.1,7.3,8.2,139,553,1.9,6.8,0.2,1,4000,300000,8000,500000,23.413356,88.471892,37.8
1764,WEST BENGAL,22,33,1.1,5.4,7.3,8.3,245,690,2,11.5,0.5,1.6,22000,280000,30000,900000,23.177966,88.558164,23.0
2518,WEST BENGAL,21,35,0.3,6.9,7.1,8.4,236,678,1.6,9.9,0,1.1,4000,5000000,8000,9000000,23.197644,88.573014,27.4
2517,WEST BENGAL,18,35,0,6.9,7,8.2,95,700,2.2,13.1,0.3,1.7,2700,9000000,8000,16000000,26.383597,89.195381,23.0
2534,WEST BENGAL,21,35,5.2,9.5,7.2,8.3,113,164,1,4.8,0.1,1100,800,90000,1100,160000,23.944125,87.5379,56.6
2507,WEST BENGAL,21,35.5,7.5,10.8,6.9,7.7,152,269,1.4,4.6,0.1,0.5,13000,80000,22000,300000,22.40088,87.341394,58.6
1946,WEST BENGAL,18,30,6.4,8,6.8,8.4,104,208,1.2,3.8,0,2.2,1400,110000,5000,280000,26.739728,88.422452,57.8
2525,WEST BENGAL,19,33,4.8,6.9,6.6,8.8,131,812,2.3,5.5,0,1.7,50000,240000,110000,500000,26.806806,88.409255,33.2
2572,BIHAR,16,32,6.7,7.7,6.8,7.9,76,278,1.8,2.4,0,0,490,800,1300,2800,26.392347,88.155896,82.3
2549,WEST BENGAL,17,32,0,3.1,7.4,7.9,709,11750,6.4,23.8,0,7.4,22000,500000,50000,900000,22.602794,88.677553,19.4
2550,WEST BENGAL,18,33,1.2,6.6,7.5,7.9,210,32900,1.5,36.3,0.8,4.8,13000,70000,21000,220000,22.507942,88.775997,19.4
1260,ASSAM,19,30,6,9.5,6.7,7.6,20,532,0.7,2.1,0.1,6.51,0,730,360,46000,27.687681,95.297822,78.3
1030,ASSAM,15,29,6,11.4,6.8,7.7,125,419,0.6,3.4,0.1,5.8,0,21000,0,240000,27.510417,94.953333,58.6
1262,ASSAM,19,31,5.1,7.8,6.2,7.8,125,389,0.5,3,0.1,6.8,0,3500,361,240000,26.830744,94.172775,53.5
1526,ASSAM,18,28,6.8,8.2,6.6,7.5,42,1172,0.3,2.8,0,7.3,0,110000,0,240000,26.616375,92.82735,63.0
1031,ASSAM,20,30,6,11,6.5,7.7,20,380,0.6,2.3,0.1,7.68,300,21000,3900,240000,26.176,91.68375,62.2
1299,ASSAM,20.8,33,4.2,6.6,6.8,8,145,573,0.3,1.9,0.1,7.43,0,3500,0,46000,26.214866,90.557934,59.4
2069,ASSAM,21,30,7.6,8.6,7.4,7.8,166,255,0.6,1.5,0.2,3.7,910,7500,4300,240000,26.190372,91.745589,64.7
2064,ASSAM,21,29,6.4,8.6,6.7,7.3,128,260,0.6,3.2,0.2,0.8,910,2700,911,240000,26.24776,91.918205,65.4
2067,ASSAM,22,30,5.2,8.3,6.7,7.6,247,308,0.5,2.5,0.1,4.8,300,2300,2301,24000,26.160268,91.56994,71.9
2066,ASSAM,23,33,3.8,6,6.5,7.4,148,334,1,1.9,0.4,4.1,300,9300,910,240000,26.015519,89.993294,46.6
1796,NAGALAND,32.2,32.2,6.2,6.2,8.5,8.5,274,274,14,14,1.3,1.3,�,�,�,�,25.888505,93.733632,49.0
1799,NAGALAND,29.1,29.1,7.1,7.1,8.5,8.5,200,200,15,15,1.9,1.9,�,�,�,�,26.622872,93.773159,49.0
1797,NAGALAND,25,25,6.1,6.1,8,8,210,210,11,11,0.9,0.9,�,�,�,�,25.912708,93.743269,49.8
1800,NAGALAND,29.5,29.5,6.3,6.3,7,7,190,190,34,34,22.2,22.2,�,�,�,�,25.802,93.606574,45.4
1798,NAGALAND,29.4,29.4,6.7,6.7,8.5,8.5,319,319,15,15,2.8,2.8,�,�,�,�,25.910359,93.743963,49.0
1259,ASSAM,19,30,5.1,11.6,6.4,7.3,184,410,0.7,1.3,0.3,3.09,0,910,0,240000,26.503075,93.952372,62.0
1928,NAGALAND,29.9,29.9,6.2,6.2,8.5,8.5,373,373,19,19,6.4,6.4,�,�,�,�,25.801511,93.606777,49.0
1930,NAGALAND,28.2,28.2,7.3,7.3,8.5,8.5,589,589,16,16,1.8,1.8,�,�,�,�,25.67564,94.109775,49.0
1929,NAGALAND,34.2,34.2,6.2,6.2,9,9,186,186,16,16,1.8,1.8,�,�,�,�,25.752349,93.869559,34.8
1261,ASSAM,17,25,8,9.2,6.4,7.3,103,204,0.5,1.7,0.1,4.11,0,1500,0,110000,27.510417,94.953333,61.6
2061,ASSAM,20,31,6.8,8.3,7,7.6,137,295,0.4,2.4,0.1,3,300,3900,911,29000,27.411803,95.985028,69.8
1422,ASSAM,16,25,7.2,11.2,7.1,7.6,291,448,0.6,1.9,0.1,3,610,5300,4600,240000,27.284622,95.662347,66.4
2062,ASSAM,17,25,6.4,11.4,6.6,7.7,225,394,0.8,1.6,0.1,3.1,0,2100,360,110000,27.321156,95.309064,73.2
2230,ASSAM,12,25,6,11.4,6.7,7.8,217,380,0.5,1.6,0.1,4.1,0,360,0,9300,27.320585,95.308605,80.0
2065,ASSAM,21,33,6.5,12.3,7.1,8.1,326,444,0.8,1.8,0.1,3.9,0,15000,2000,240000,26.447389,91.460667,62.2
1530,ASSAM,21,31,6.5,7.5,6.5,7.5,22,425,2.2,4.9,0.3,8.3,300,9300,3500,240000,27.381964,95.622819,57.8
2063,ASSAM,18,28,7.4,8.7,6.7,7.1,87,109,0.5,1.6,0.1,3.7,0,1100,911,4300,26.759281,92.858803,80.6
2237,ASSAM,20,32,4,7.1,6.1,7.2,104,340,0.7,2.9,0.3,3.7,1100,110000,15000,240000,26.349206,92.68035,32.4
2059,ASSAM,25,35,5.9,10.7,5.6,7.6,81,120,0.5,3.5,0.3,2.2,0,920,910,9300,26.265026,92.264751,57.6
2060,ASSAM,19,34,5.1,6.5,7,8,597,886,0.9,2.1,0.1,11.9,0,360,360,2800,26.496268,90.652663,82.7
2058,ASSAM,20,30,5.3,7.9,6.8,7.2,135,269,0.3,1.5,0.4,5.3,0,720,0,3900,27.141901,95.36639,81.0
1298,ASSAM,22,30,4.1,7.6,6.1,7,20,748,1,4.3,0.5,20.4,0,1500,360,24000,27.311023,95.101786,46.8
1258,ASSAM,17,30,5.8,8.1,6.8,7.5,168,337,0.9,3.4,0.1,3.5,0,360,360,46000,26.846906,94.492244,74.3
1527,ASSAM,19,31,5.6,5.9,6.7,7.3,211,452,0.5,3.5,0.4,3.8,0,4300,15000,240000,26.781058,94.208548,64.1
1531,ASSAM,20,30,5.8,7.1,6.3,6.8,160,367,0.6,3.2,0.4,5.9,910,24000,6400,110000,26.848745,92.840375,42.3
1423,ASSAM,10,15,5.9,6.7,6.6,7.1,139,352,0.9,2.8,0.6,4.6,0,2000,720,110000,24.8674,92.600817,73.6
1528,ASSAM,20,30,0,0,6.5,6.8,907,1326,20,50,4,29.5,1200,29000,4400,240000,26.167661,91.765289,14.2
1529,ASSAM,20,30,2.6,8.7,6.5,7.6,257,479,1.8,5.4,0.7,5.4,300,2700,731,21000,26.119297,91.647713,43.8
2068,ASSAM,12.1,14,5.4,6.3,6.5,7.7,125,204,1,1.9,0.3,4.8,0,1400,910,240000,24.648536,92.608089,74.6
1232,RAJASTHAN,17,32,4.8,6.7,7.4,8.4,430,550,0.3,1.5,0.48,0.98,�,�,4,9,23.648483,74.126708,71.8
1233,MADHYA PRADESH,21.5,29,6.9,8,7.3,8.2,324,1013,1,2.1,0,2.91,�,�,46,280,23.031056,75.210878,82.2
2102,MADHYA PRADESH,25,30,7,7.6,7.5,8.2,461,640,1.8,1.8,0.5,2.2,�,�,220,500,24.05703,75.074378,82.2
2103,MADHYA PRADESH,21,28,7.2,7.8,7.2,8.2,235,400,�,�,0,2.3,�,�,90,300,23.330385,75.034646,73.4
2104,MADHYA PRADESH,22,28,7.2,7.6,7.6,8.3,109,630,3.4,3.4,1.2,3.1,�,�,300,350,23.639659,75.126136,77.8
2105,MADHYA PRADESH,22,30,7,7.6,7.2,8.2,310,388,�,�,0.9,2.2,�,�,140,350,23.396067,76.291283,73.4
1241,MADHYA PRADESH,22,28,7.3,7.6,7.3,8.3,169,557,1.2,14,0.1,2.44,0,11,8,240,22.598638,80.371449,86.0
1240,MADHYA PRADESH,21,22,6.3,7.7,7.2,8,253,453,1,2.4,0.1,1.76,8,8,7,93,22.948622,79.190171,100.0
2106,MADHYA PRADESH,20,24,7.1,8,7.3,8.5,259,400,1.2,2,0,1.5,�,�,40,300,22.496589,76.980555,82.2
45,MADHYA PRADESH,22,30,7.1,8.2,7.8,8.5,238,406,0.8,1.4,0.004,15,�,�,40,150,22.177393,75.659194,82.2
1239,MADHYA PRADESH,19,30.1,6.9,8,7.4,8.3,303,530,0.8,1.4,0,2.934,4,4,27,240,22.037618,74.901793,99.2
1430,MADHYA PRADESH,22,30,7,8.5,7.3,8.3,246,449,0.9,1.8,0.1,2.1,4,4,47,280,22.243694,76.150756,99.2
1431,MADHYA PRADESH,22,30.1,7,8.6,7.7,8.5,239,396,0.9,1.5,0.6,174,�,�,48,210,22.169213,75.583684,82.2
2099,MADHYA PRADESH,22,23,5.8,7.7,1.8,8.4,128,524,0.8,5.4,0,41.1,0,16,11,120,23.124913,79.774671,79.3
2112,MADHYA PRADESH,20,28.5,7.1,8.8,7.5,8.7,249,516,0.8,1.4,0.4,3.7,�,�,48,240,22.226413,76.045534,68.0
2113,MADHYA PRADESH,24.5,30,6.8,8.8,7.6,8.4,239,490,0.6,1.2,0.1,0.9,�,�,34,130,22.283823,76.471463,82.2
3322,MADHYA PRADESH,21,28,6.9,7.8,7.2,8.3,12,408,1.1,12,0,1.5,0,0,7,93,22.598282,80.370419,86.0
3323,MADHYA PRADESH,23,28,5.9,7.6,7.1,9,184,693,1,5.5,0.3,1.5,0,20,11,240,23.124518,79.775616,79.3
3324,MADHYA PRADESH,22,29,6.5,7.8,7.1,8,210,461,1.3,4.4,0.2,1.6,2,20,15,240,23.133109,79.800745,95.6
3325,MADHYA PRADESH,22,28,6.1,7.6,7.2,7.5,234,437,1,3,0.2,2.2,4,75,11,350,23.133838,79.800558,100.0
1243,GUJARAT,18.6,33.5,6.6,7.9,6.9,7.7,102,296,0.6,2.2,0,0.48,�,�,17,26,21.665906,72.916681,83.0
1236,MADHYA PRADESH,25,25,7.2,7.2,8.8,8.8,468,468,0.6,0.6,1.1,1.08,�,�,140,140,22.562555,77.978245,68.0
2100,MADHYA PRADESH,21,24,6.2,7.8,7.2,8.7,3,616,1,9,0,2,2,49,21,1600,23.117239,79.99781,64.2
2101,MADHYA PRADESH,23,29,7.8,7.8,7.4,8.4,143,513,1.4,4,0.2,2.8,�,�,21,160,23.899675,80.512005,77.8
2114,MADHYA PRADESH,20,30,6.2,7.6,7.1,8.8,412,796,1.2,2.7,0.9,3.6,26,26,210,540,22.168429,75.723814,81.0
3305,MADHYA PRADESH,21,28,7,7.6,7.2,7.8,290,617,1.9,24,0,1.5,�,�,14,240,22.049425,80.716076,65.4
1313,MAHARASHTRA,29,31,4.6,6.2,7.1,8.2,270,537,2,5.8,0.2,2.589,12,70,80,140,21.24294,76.034146,84.4
1251,MAHARASHTRA,28,30,4.8,6.1,7.3,8.3,378,537,2.4,6,0,3.675,14,140,50,350,21.047772,75.786357,84.4
1314,MAHARASHTRA,21,29,4.1,6.4,7.6,8.4,306,436,2,9,0.6,2.338,16,110,80,350,21.546291,74.466807,80.0
9,MADHYA PRADESH,18,30.1,7.1,7.8,4.5,8.3,339,569,0.6,1.4,0.068,3.774,�,�,110,280,21.4345,76.436556,68.0
10,MADHYA PRADESH,18,30.1,1.1,7.6,0,8.4,510,1575,1.5,4.5,0.828,7,8,36,170,920,21.286389,76.222361,46.6
1250,MADHYA PRADESH,18,30.2,5.2,7.4,8,8.7,486,1364,0.8,3.2,1.2,46.29,4,9,300,900,21.264413,76.190181,71.3
2115,MADHYA PRADESH,18,30,5.4,7.6,7.5,8.4,328,678,0.8,1.9,1,5.3,10,12,170,540,21.435417,76.436112,94.0
1253,MAHARASHTRA,18,24,4.9,6.1,7.4,8.3,238,450,2.2,3.2,0.3,0.774,12,80,50,220,20.559014,74.508394,84.4
1252,MAHARASHTRA,29,31,4,5.8,7.5,8.6,409,486,3,6,0.7,3.675,18,70,90,140,20.674774,75.22279,65.0
1907,MAHARASHTRA,21,28,5.1,6.5,8.2,9,278,465,2.8,10,0.5,1.7,10,80,110,220,21.161624,73.793751,74.9
2127,MADHYA PRADESH,�,�,8.3,9.8,8.2,8.3,184,525,3.5,3.5,0,10,�,�,�,�,22.124707,78.03034,57.8
2155,MAHARASHTRA,22,29,2.4,6,7.9,8.8,222,1448,9.2,46,0.2,56.4,40,500,90,900,20.88237,76.856618,34.2
2652,MAHARASHTRA,22,30,1.9,5.3,7.5,8.3,435,1555,2.8,38,0.1,4.4,18,170,140,280,21.326479,74.555815,55.6
2658,MAHARASHTRA,31,31,5.3,6.1,7.8,9,456,512,2.6,4,0,4.4,11,70,60,170,21.039758,75.067178,79.3
2659,MAHARASHTRA,20,28,5,6,7.2,8.6,312,518,2.4,3.6,1.1,2.6,11,90,140,340,21.275792,74.751714,70.2
2666,MAHARASHTRA,21,29,4,6.3,7.4,8.2,305,879,2.2,8.6,0.7,2.6,9,90,90,300,21.545645,74.468325,74.8
2667,MAHARASHTRA,29,29,4,5.7,7.4,8.6,344,432,2.6,3.2,0.9,2.5,10,70,70,140,20.6589,75.349177,65.0
2674,MAHARASHTRA,28,28,3.9,5.9,7.4,8.7,388,437,2.6,3.4,0,1.9,12,50,69,170,21.105797,75.798376,65.0
2675,MAHARASHTRA,26,27,1.2,3.4,8.1,8.8,751,1442,11,85,1.6,59,130,1600,350,1600,20.714779,76.957569,19.9
2684,MAHARASHTRA,20,28,5.4,7.1,8,8.2,216,569,2.6,6.8,0.1,1.7,19,80,70,220,21.11316,74.885213,89.2
2695,MAHARASHTRA,20,27,2.2,7.2,8,8.9,149,1237,3.4,28,0.1,22,11,1600,45,1600,20.999942,77.705722,29.5
2710,MAHARASHTRA,31,31,5.6,6.3,7.7,8.5,278,539,2.6,2.8,1.6,2.3,10,80,75,220,20.470053,75.025947,98.0
2718,MAHARASHTRA,28,32,4.7,6.2,7.7,8,316,580,3,4,1,3.5,12,90,90,170,21.041903,75.733072,85.2
1851,CHHATTISGARH,23.4,28.5,7.6,9.2,7.4,7.8,175,416,0.8,2.2,0,0,�,�,17,350,20.308614,81.917614,83.0
1264,CHHATTISGARH,23.6,29,6.8,8.5,7.7,7.9,210,580,1,2.8,0,0,�,�,27,500,20.652037,81.551365,83.0
1099,CHHATTISGARH,25.8,34,7.4,7.9,7.5,7.9,232,554,1.2,2.6,0,0,�,�,40,500,20.969822,81.876732,83.0
1852,CHHATTISGARH,23.8,28,7.6,8.6,7.5,7.6,195,551,1.2,2.7,0,0,�,�,80,500,21.15025,82.002864,83.0
1100,CHHATTISGARH,23,37,6,10.4,7.5,8,264,400,�,�,0.256,2.524,�,�,16,688,21.730837,82.565689,70.2
1282,CHHATTISGARH,23.9,30,6,8,8,8,270,380,�,�,0.2,2.031,�,�,162,580,21.728709,82.568814,70.2
1467,CHHATTISGARH,23,36,7,8.5,7.5,8,264,400,�,�,0.5,1.5,�,�,19,690,21.695876,83.2426,70.2
1101,CHHATTISGARH,20,27,7.1,7.6,7.4,7.8,194,302,0.9,2.1,1,1.394,�,�,43,1100,21.665195,83.433435,75.0
1281,ODISHA,20,35,6.5,8.3,7.7,8.2,138,218,0.2,1.3,0.3,1.486,110,5400,330,16000,21.516358,83.851139,65.6
1270,ODISHA,20,35,4.9,8.6,7.4,8.4,131,235,0.5,1.8,0.2,0.871,1300,35000,2400,92000,21.455443,83.960359,51.8
1271,ODISHA,20,35,4.7,11.5,6.9,8.4,148,240,1.2,3.9,0.3,1.801,7900,35000,13000,92000,21.460108,83.969058,47.4
2405,ODISHA,22,36,6.3,8.4,7.4,8.3,142,305,0.8,2.6,0.1,0.8,330,11000,1300,17000,21.466747,83.980098,62.2
1272,ODISHA,22,36,6.9,8.3,7.1,8.4,146,253,0.2,1.1,0.1,1.118,110,2800,220,9200,20.865096,83.91172,69.0
1274,ODISHA,22,37,7.2,8.5,7.6,8.4,172,268,0.4,1.9,0.2,1.99,110,2400,490,5400,20.855331,83.904147,76.4
1275,ODISHA,20,37,6.9,8.5,7.2,8.3,161,229,0.3,0.8,0.1,1.317,78,13000,230,17000,20.612579,84.790163,62.2
1276,ODISHA,26,35,6.3,8.7,7.8,8.4,148,226,0.2,1.4,0.1,1.725,330,160000,790,160000,20.463775,85.083179,62.2
1277,ODISHA,23,34,6.5,8.8,7.5,8.5,138,228,0.7,1.5,0.1,1.71,330,9200,790,16000,20.490062,85.895865,62.2
1278,ODISHA,22,34,5.9,8.4,7.5,8.4,140,261,1.7,2.5,0.2,2.204,11000,92000,22000,160000,20.48147,85.893506,61.0
2409,ODISHA,21,33,2,7.8,7.3,8.2,142,398,1.3,17.3,0.3,3.9,1700,160000,5400,160000,20.395008,85.907675,28.2
2406,ODISHA,25,33,6.3,8.6,7.4,8.4,136,228,0.4,1.5,0.1,1.3,110,160000,460,160000,20.470289,85.764033,62.2
2404,ODISHA,20,35,4.5,8.4,7.3,8.4,160,241,0.3,0.9,0.3,1.8,78,9200,140,16000,21.489937,83.889449,51.8
2407,ODISHA,23,34,5.7,8.8,7.3,8.4,146,15040,0.5,2,0.2,3.4,170,22000,490,92000,20.332506,86.573781,61.0
1639,ODISHA,24,34,5.7,7.7,7.3,8.2,190,38730,0.8,2.7,0.4,4.9,45,11000,230,22000,20.268444,86.6548,61.0
1107,CHHATTISGARH,25,27,6.8,7.6,7.3,7.5,�,�,1.4,2.2,0.266,0.53,�,�,120,2400,21.038264,80.973647,71.0
1845,CHHATTISGARH,24,29,6.4,7.8,7.4,7.5,�,�,1.5,1.9,0.3,0.4,�,�,120,2400,21.189994,81.280092,71.0
3166,CHHATTISGARH,26,28,6.7,8,7.3,7.6,�,�,1.6,2.5,0.4,0.6,�,�,210,2400,21.304368,81.304163,71.0
3167,CHHATTISGARH,25,28,6.5,7.6,7.3,7.6,�,�,1.4,2.5,0.3,0.6,�,�,210,2400,21.047808,81.065781,71.0
1847,CHHATTISGARH,24,26,6.4,7.8,7.3,7.6,�,�,1.4,2.3,0.3,0.5,�,�,150,2400,21.200022,81.237472,71.0
1846,CHHATTISGARH,23,26,6.6,7.8,7.3,7.5,�,�,1.6,2.6,0.4,0.6,�,�,210,2400,21.179853,81.2545,71.0
1853,CHHATTISGARH,23.5,30,7.2,7.4,7.5,7.8,269,634,1.3,2.6,0,0,�,�,40,500,21.105793,81.579948,83.0
1105,CHHATTISGARH,25.1,27.1,5.4,6.8,7.1,7.2,76,76,0.8,1.8,0.58,1.18,�,�,30,70,22.380472,82.708433,81.7
1106,CHHATTISGARH,22.5,35,6.5,8.5,7.5,8,208,336,�,�,0.196,2.337,�,�,14,780,22.048233,82.634978,66.2
3165,CHHATTISGARH,25.2,27.1,4.8,6,7.1,7.2,74,74,1.6,2.2,0.8,1.2,�,�,50,90,22.339305,82.692841,72.6
3168,CHHATTISGARH,25.2,27.2,4.6,5.6,7.2,7.2,78,78,2,3,1,1.5,�,�,60,106,22.282751,82.700933,72.6
1848,CHHATTISGARH,32,32,85,85,7.6,7.6,332,332,�,�,1.8,1.8,�,�,�,�,22.069453,82.190639,54.2
1849,CHHATTISGARH,20,30,7.1,7.6,7.4,8.6,192,300,1.1,2,1,1.2,�,�,64,1100,21.914789,83.404678,60.0
1850,CHHATTISGARH,20,27,6.9,7.5,7.5,7.7,196,307,1.9,2.3,1,1.3,�,�,120,1100,21.911203,83.407498,75.0
1267,ODISHA,25,35,6.8,8.3,6.9,8.4,111,218,0.4,0.8,0.1,2.405,130,1300,400,3300,22.124146,84.043157,79.8
1268,ODISHA,24,36,5.9,8.3,7,8.2,121,185,0.3,1.2,0.2,1.115,20,13000,78,24000,21.856425,84.002419,61.0
1300,ODISHA,24,37,6.5,8.3,7.4,8.2,108,186,0.2,1,0.1,0.686,20,2400,130,5400,21.863911,83.947739,76.4
1269,ODISHA,24,36,6,8.4,7.1,8.4,130,207,0.2,1.3,0.1,1.124,170,5400,490,9200,21.828126,83.941121,65.6
2403,ODISHA,23,36,6,8.6,7.3,8.3,132,455,0.1,1.5,0.1,1.1,78,1300,230,4900,21.788747,83.977666,79.8
1279,ODISHA,22,31,5,8.6,7.2,8.4,142,247,0.7,2.7,0.1,2.62,790,54000,2400,92000,20.297906,85.882365,51.8
1280,ODISHA,22,34,1.5,7.8,7,8.2,170,350,2.8,5.4,0,6.109,9200,92000,16000,160000,20.297755,85.880734,31.8
2410,ODISHA,23,33,6.6,9.9,7.6,8.3,140,229,0.4,1.8,0.1,1.8,200,7900,450,24000,20.32735,85.861197,64.0
2411,ODISHA,22,34,1.4,7.2,7,8.8,140,372,2.2,4.7,0.2,8.9,13000,54000,22000,160000,20.139142,85.758142,17.6
1301,ODISHA,21,33,6,7.9,7.1,8.7,150,420,2.1,5.6,0.2,10.13,13000,160000,28000,160000,20.444394,85.890897,43.6
2412,ODISHA,8,36,6,8.9,7.1,8.1,114,198,0.3,2.1,0,3.6,78,13000,230,24000,22.249467,84.749906,62.2
2408,ODISHA,22,37,6.7,9.3,7.8,8.6,140,216,0.3,1.3,0.1,2.2,78,1700,230,5400,20.82655,83.910444,63.9
1640,ODISHA,24,35,5.8,8.9,7.2,8.4,142,250,0.5,1.8,0.2,2.7,330,92000,1300,160000,20.546532,85.91187,61.0
1037,ODISHA,14,36,6.4,8.6,7.1,8.2,131,194,0.5,1.4,0.21,4.747,790,13000,1300,24000,22.228669,84.803932,62.2
1038,ODISHA,8,36,5.2,8.4,7.1,8.2,166,415,3.4,5.5,0.809,7.569,7000,35000,11000,54000,20.697347,85.747603,56.6
1302,ODISHA,8,35,6.1,13.5,7.1,8.3,164,327,2.7,5,0.3,7.254,3300,92000,7900,160000,22.182883,84.847889,57.8
2414,ODISHA,18,36,6,9.3,7.8,8.4,126,286,1.8,4.5,0.6,3.3,230,11000,790,35000,22.074639,84.897806,57.8
1039,ODISHA,16,36,6.4,8.9,6.9,8.4,132,254,0.5,2.6,0.708,3.606,45,24000,140,92000,21.820606,84.9516,62.2
1040,ODISHA,15,37,6.4,8.5,7.4,8.4,110,208,0.3,1.6,0.199,2.302,20,3500,45,54000,21.276098,85.035007,69.0
1041,ODISHA,18,36,6.3,8.8,6.9,8.1,134,258,0.4,2.2,0.285,2.084,130,7900,490,17000,21.074527,85.142032,64.0
1303,ODISHA,23,39,6.6,8.6,7.4,8.2,123,190,0.6,1.7,0.1,2.595,230,35000,1400,160000,20.949817,85.216631,62.2
2415,ODISHA,22,38,6.2,8.4,7.8,8.2,118,180,0.4,1.2,0.1,2.2,110,160000,1300,160000,20.996256,85.248842,62.2
2416,ODISHA,23,38,6.7,8.5,7.6,8.3,133,226,0.5,1.8,0.2,2.6,130,7000,790,17000,20.825086,85.316236,64.0
1042,ODISHA,22,38,6.2,8.7,7.7,8.4,132,221,0.1,2.7,0.299,2.72,490,14000,1300,22000,20.867785,85.278472,62.2
2417,ODISHA,25,37,5.6,8.7,7.5,8.2,145,502,0.6,2.6,0.1,2.9,3300,54000,7900,92000,20.746464,85.5563,61.0
1043,ODISHA,20,42,6.3,9.6,7.7,8.4,110,201,0.3,1.4,0.148,0.797,78,4900,230,17000,20.879162,85.835492,69.0
2418,ODISHA,24,36,6.4,8.2,7.6,8.4,124,248,0.2,1.9,0.2,1.2,78,9200,230,17000,20.889011,86.010639,62.2
1044,ODISHA,6.7,32,6.1,10.9,7.3,192,121,242,0,1.8,0.03,2300,700,5400,1100,17000,20.770422,86.149638,51.4
1045,ODISHA,19,35,5.5,9.3,7.2,8.3,148,241,0.7,2.8,0.235,2.105,230,9200,490,16000,20.585906,86.568249,61.0
2413,ODISHA,8,34,6.4,8.9,7.1,8.3,130,240,0.3,1.6,0.2,3.2,130,35000,230,92000,22.275492,84.918092,62.2
2419,ODISHA,22,33,5.6,8.5,7.3,8.3,122,198,0.4,1.3,0.1,2.6,130,3300,45,7900,20.853192,86.200283,67.8
2420,ODISHA,19,35,6.4,8.3,7.3,8.3,138,954,0.6,2.1,0.2,10.3,330,54000,1300,92000,20.694244,86.652433,62.2
1081,ODISHA,10,37,5.8,8.7,6.9,8.4,94,248,0.4,1.8,0.066,3.749,220,35000,790,92000,22.018734,85.406998,61.0
1082,ODISHA,19,37,6.6,9,6.8,8.3,130,264,0.2,1.8,0.029,3.499,220,24000,790,54000,21.214851,86.121323,62.2
1083,ODISHA,22,33,6.1,8.7,7.1,8.4,116,220,0.8,3,0.051,3.445,790,54000,2400,160000,20.851312,86.33016,62.2
1084,ODISHA,16,34,5.5,8.2,7.4,8.2,150,7669,0.3,2,0.087,3.886,2200,160000,16000,160000,20.774033,86.744211,61.0
1085,ODISHA,14,32,4.8,8.2,7.3,8.2,233,35200,0.7,2.1,0.346,1.876,45,16000,45,16000,20.795283,86.896965,51.8
2421,ODISHA,19,35,6.5,8.7,7.6,8.4,148,312,0.4,1.5,0.1,2.7,130,17000,330,28000,21.325488,86.064444,62.2
1641,ODISHA,17,30,7.4,8.4,7.6,8.4,133,320,0.4,2.9,0.1,2.5,490,11000,2200,17000,21.770058,87.156229,62.2
1312,MAHARASHTRA,25,30,6,7.3,7.4,8.9,638,1026,2,5,0.1,0.4,2,4,70,220,19.485317,75.370099,80.6
2177,MAHARASHTRA,18,27,4.7,6.7,7.3,8.7,191,442,2.2,10,0.1,2.5,10,110,60,280,20.022812,73.728178,65.8
2182,MAHARASHTRA,18,29,1.4,5.7,7,8.2,144,401,2.4,10,0.2,4.7,11,90,50,220,20.014695,74.007463,64.4
2179,MAHARASHTRA,18,27,3.2,6.5,7.3,8.4,220,551,2.4,9,0,2.3,11,110,50,300,20.008887,73.783052,74.8
2183,MAHARASHTRA,18,30,3,5.5,7.4,8.2,231,380,2.2,10,0.3,4.1,9,110,50,310,20.012385,74.113719,74.8
2181,MAHARASHTRA,18,27,1.8,6.2,7.1,8.2,348,645,2.4,16,0.1,2.8,16,170,130,350,19.98729,73.811026,60.0
2180,MAHARASHTRA,18,27,2.4,6,7.4,8.2,341,632,2.4,25,0.1,2.5,11,170,110,300,19.987307,73.811028,60.8
1096,MAHARASHTRA,18,27,2.2,6.2,7.3,8.3,209,542,2.4,5.4,0.55,3.315,16,190,60,300,20.008676,73.792361,74.0
1211,MAHARASHTRA,18,27,3.2,6.5,7.2,8,321,576,2.8,6,0.236,3.317,13,170,110,350,20.001568,73.795314,80.0
1095,MAHARASHTRA,18,27,4.3,7.1,7.8,8.5,139,534,2.2,4.2,0.017,2.27,11,60,17,170,20.048123,73.679809,84.4
2160,MAHARASHTRA,25,30,5.9,7.2,7.2,8.6,600,1080,3,8,0,0.4,2,4,24,110,19.63253,75.028605,74.9
2158,MAHARASHTRA,25,30,6,6.9,7.4,8.9,650,1126,3,9,0.1,0.4,2,2,70,170,19.478228,75.384879,76.2
2159,MAHARASHTRA,25,30,5.6,7.4,7.6,9.2,660,1110,3,8,0.1,0.7,2,4,70,280,19.467269,75.397267,74.9
2161,MAHARASHTRA,25,30,0,7.5,6.9,8.2,624,1703,2,28,0,0.8,2,4,70,170,19.360024,75.709583,55.6
12,MAHARASHTRA,22,28,5.8,7.1,7.4,9,618,1280,2,6,0,0.8,2,4,79,170,19.226068,76.367013,79.3
1210,MAHARASHTRA,29,30,6.4,7.2,7.2,8.4,710,1480,2,6,0.1,0.3,2,6,70,300,19.113106,77.288242,94.8
1209,MAHARASHTRA,28,30,6.3,7,7.6,8.5,730,1285,3,5,0.1,0.6,2,3,70,140,18.85443,77.527475,94.8
2157,MAHARASHTRA,20,28,5.8,7.3,7.3,8.4,630,1392,2,10,0,0.8,2,4,80,240,20.793322,78.139339,89.2
2360,ANDHRA PRADESH,25,30,5.8,6.8,7.8,8.6,440,708,1,1.2,1,2,4,20,62,90,18.868297,77.962194,83.7
2361,ANDHRA PRADESH,0,30,5.2,7.1,8,8.5,513,562,4,12,0,0,�,�,�,�,18.838133,79.441697,47.8
2362,ANDHRA PRADESH,0,29,5.2,6.3,8,8.6,546,784,5,9,0,0,�,�,�,�,18.819131,79.468017,37.9
2363,ANDHRA PRADESH,0,29,4.8,6.1,7.5,8.5,550,838,4,10,0,0,�,�,�,�,18.781656,79.513558,43.0
2364,ANDHRA PRADESH,0,29,5.2,6.8,8.1,8.5,524,592,4,8,0,0,�,�,�,�,18.786369,79.521028,52.2
2356,ANDHRA PRADESH,0,29,4.9,6.5,8,8.5,600,693,2,10,0,0,�,�,�,�,18.727075,79.620161,43.0
2365,ANDHRA PRADESH,0,30,3.2,7.1,7.8,8.6,352,528,4,12,0,0,�,�,�,�,18.288014,80.492375,19.2
2366,ANDHRA PRADESH,0,30,2.8,7.5,7.6,8.4,352,654,3,12,0,0,�,�,�,�,18.263814,80.538533,28.2
13,ANDHRA PRADESH,0,29,4.4,6.9,8.2,8.6,510,620,3,12,0,0,�,�,�,�,18.850151,79.442839,24.4
2367,ANDHRA PRADESH,20,21,6.6,7.4,7.7,8.1,357,485,0.5,0.7,0.3,0.5,2,2,1100,2100,17.674897,80.883094,87.2
2368,ANDHRA PRADESH,20,27,3,7,7.8,8.3,382,489,0.8,1.4,0.4,0.7,2,4,2100,2200,17.655586,80.876653,71.6
2369,ANDHRA PRADESH,18,27,5.2,6.6,7.2,8,446,697,0.7,1.4,0.6,1,2,2,2100,2200,17.648483,80.8775,86.7
2370,ANDHRA PRADESH,24,27,5,6,7.1,7.7,203,427,1,1.3,0,1.2,3,460,120,2400,17.023186,81.768181,77.6
14,ANDHRA PRADESH,25,28,4.8,6.2,7.5,8.5,256,514,1,14,0.254,1.78,3,7,9,210,17.247331,81.646613,75.6
1218,ANDHRA PRADESH,24,28,5,6.4,7.7,8.1,270,452,1,1,0.087,1.27,3,4,7,210,17.069466,81.711134,88.8
2371,ANDHRA PRADESH,23,28,4.8,6,7,7.8,264,420,1,1.2,0.1,0.9,4,240,4,2400,16.958989,81.78175,77.6
1219,ANDHRA PRADESH,21,27,5,6.2,6.8,8.2,227,301,1,1,0.02,1.28,4,150,21,2400,17.007975,81.763328,76.8
1854,CHHATTISGARH,20,30,7.4,7.6,7.4,7.5,�,�,1.2,1.9,0,0,�,�,4,6,18.900033,81.344044,83.0
1856,CHHATTISGARH,20,30,7.3,7.5,7.3,7.6,�,�,1.2,2.2,0,0,�,�,8,12,18.888807,81.370074,83.0
2673,MAHARASHTRA,25,27,5.8,7,7.6,8.2,830,2040,4,6,0.2,0.6,2,2,60,140,18.429431,76.668723,93.6
2374,ANDHRA PRADESH,25,32,5.6,6,7.6,8.6,422,548,1.2,1.4,1,3,8,20,92,108,17.64797,78.143382,83.7
2375,ANDHRA PRADESH,25,34,4.2,5.8,7.5,8.7,480,611,1,2.1,2,4,14,28,120,176,17.650778,78.134958,74.6
1781,ANDHRA PRADESH,26,30,5.8,6.8,7.9,9,408,508,0,1.2,0.5,1,6,12,86,95,17.649043,78.118479,83.7
1157,ANDHRA PRADESH,26,32,6.2,6.9,7.9,9,358,448,0.9,1,0.5,1.1,6,12,72,86,17.48468,79.107452,85.0
1891,KARNATAKA,26,29,6.8,8,7.1,8.4,294,696,1.5,3,0.1,6,500,900,900,1600,17.951522,77.649047,85.6
1215,ANDHRA PRADESH,0,30,1.4,7.2,7,8.3,289,612,4,22,0,0,�,�,�,�,17.974814,79.898686,18.6
1158,ANDHRA PRADESH,25,29,5.1,6.4,7.9,8.6,378,484,6,14,0,0,�,�,�,�,18.369532,79.626751,33.5
2719,MAHARASHTRA,8,38,3.4,6.5,8,8.5,191,782,6.4,22,0.2,2.4,140,140,220,220,19.962632,79.277747,66.0
2720,MAHARASHTRA,10,30,4.9,7,7.6,8.9,195,766,6,16,0,2.3,90,90,130,130,19.962783,79.277286,61.4
2721,MAHARASHTRA,8,29,5.3,7.4,7.7,8.9,201,1039,5.2,13,0,8.8,110,110,140,140,19.956027,79.099547,70.5
2174,MAHARASHTRA,8,30,4.1,6,7.7,8.9,193,1042,6.4,15,0.1,8.6,110,110,140,140,19.922574,79.113955,61.4
2156,MAHARASHTRA,9,28,3.3,7.1,7,8.7,191,1852,5.6,18,0.1,9.6,50,50,80,80,20.062424,78.956456,56.2
1212,MAHARASHTRA,8,28,3.9,7.6,7.6,8.9,298,1117,5.8,11.8,0.31,6.6,40,40,70,70,19.77611,79.354942,56.2
1213,MADHYA PRADESH,20,24,7,7.6,7.2,7.6,360,614,1.8,2.8,0,1.46,39,39,0,240,21.802913,80.157861,100.0
1214,MADHYA PRADESH,19,22,6.2,7.5,7.2,8.4,167,623,1.2,4.6,0.7,1.52,15,15,17,240,21.804398,80.157483,94.8
3330,MADHYA PRADESH,20,28,7.5,8.6,7.4,8.4,162,518,1,2.8,0,41.4,0,0,11,63,22.396132,79.540674,99.2
1910,MAHARASHTRA,21,38,2.6,6.3,7.9,8.7,299,708,5.6,22,0.3,33,20,500,40,900,19.731126,79.776401,38.6
2173,MAHARASHTRA,25,30,4.7,6.6,7.2,8.8,122,706,6.2,14,0.1,3.6,15,240,22,300,21.380729,79.745477,61.4
2172,MAHARASHTRA,25,30,4.2,6,7.4,8.7,118,479,6.8,16,0.1,5.8,17,280,30,500,21.380853,79.745595,61.4
2175,MAHARASHTRA,9,32,5.6,7,7.6,8.8,192,1056,6,12,0.1,8.5,110,110,170,170,20.609867,79.857681,70.5
2176,MAHARASHTRA,9,30,3.9,6,7.5,8.8,181,823,8,13.8,0.2,2.6,140,140,240,240,20.610126,79.858051,56.2
11,MAHARASHTRA,9,27,3.8,6.7,7.5,8.9,185,749,6,11,0.163,2.15,170,170,280,280,19.715385,79.685289,56.2
1908,MAHARASHTRA,14,28,4.6,6.8,7.9,8.7,298,1454,5.8,18,0.1,11.7,5,350,90,500,21.246917,79.153882,61.4
3312,MADHYA PRADESH,23,26,6.9,7.6,7.1,8.5,183,691,1,2.8,0,0.9,39,39,7,240,22.061124,78.952935,99.2
1909,MAHARASHTRA,20,39,3.8,6.7,7.8,8.7,285,704,5.8,19,0.3,38,50,300,80,500,21.087098,79.474422,56.2
2170,MAHARASHTRA,14,28,4.4,6.9,7.3,8.8,269,1254,5.8,18,0.1,9.8,30,220,90,300,21.206788,79.246193,61.4
2171,MAHARASHTRA,14,28,4,6.7,7.5,8.7,259,1274,5.6,20,0.3,9.8,60,350,90,500,21.209724,79.236711,56.2
1913,MAHARASHTRA,24,29,3,6,8,8.9,220,1419,8.8,26,0.2,59,30,350,90,500,20.933469,76.276878,51.8
2700,MAHARASHTRA,20,26,1,6,8,8.9,239,1162,9.8,24,0,38,20,1600,50,1600,21.129844,77.57423,24.3
1315,MAHARASHTRA,22,38.5,3.4,6.1,7.9,8.8,281,590,5.4,20,0.1,7.3,17,350,50,500,20.726241,78.31758,56.2
2372,ANDHRA PRADESH,19,27,6.7,7.1,6,8,452,499,0.5,1.1,0.4,0.7,2,2,800,1400,17.224489,80.127061,77.0
2373,ANDHRA PRADESH,20,24,7.2,8.2,6.6,7.9,78,963,�,�,0,0,2,2,400,400,17.616333,81.286295,91.2
2657,MAHARASHTRA,25,30,4.8,7.6,7.1,8.1,684,1632,2,18,0.1,0.8,2,4,70,220,18.916511,75.743889,75.6
2660,MAHARASHTRA,18,28,4.4,5.9,7.6,8.2,206,392,2,9.8,0.3,4.4,12,90,70,220,19.932352,73.856413,80.0
2661,MAHARASHTRA,18,31,3.6,5.5,7.5,8.3,159,440,2.4,5.4,0.2,3.2,7,60,70,170,19.761988,73.737187,79.2
2662,MAHARASHTRA,18,31,4.2,6.3,7.3,8.4,154,445,2.4,6.2,0.1,3,8,80,50,170,19.870494,73.829919,80.0
2663,MAHARASHTRA,18,31,4.5,6,7.4,8.4,163,467,2.2,6.4,0.1,3,10,110,70,220,19.872772,73.834011,80.0
2664,MAHARASHTRA,18,26,4.1,5.7,7.3,8.4,104,448,2.2,5.4,0.2,1,23,110,70,280,19.900366,73.838095,84.4
2697,MAHARASHTRA,9,29,4.1,7,7.6,8.8,200,790,4.8,12,0.1,9.6,14,14,34,34,19.597589,77.691614,61.4
2698,MAHARASHTRA,9,28,2,6.8,7.6,8.9,200,842,6.6,15,0.1,9.6,26,26,50,50,19.724881,77.446567,51.0
2699,MAHARASHTRA,23,28,3.8,6.4,8,8.9,225,1391,7.4,20,0,59,50,220,80,500,20.150364,76.560336,56.2
2722,MAHARASHTRA,21,38.5,3.4,6.9,7.8,8.8,283,653,4.8,18,0.1,8.5,22,280,34,500,20.555303,78.816456,56.2
2723,MAHARASHTRA,21,38,2.5,6.3,7.7,8.8,278,601,7.2,20,0.2,7.8,60,350,90,500,20.544289,78.811978,51.0
1194,MAHARASHTRA,22,25,5.9,7.3,7.7,8.6,83,273,2.4,3.8,0.8,8.2,5,35,60,550,17.981764,73.795456,75.3
1153,MAHARASHTRA,20,26,5.7,7.6,6.6,8.3,136,825,2,3.8,0.57,2.59,�,�,80,80,16.657053,73.521386,76.6
36,MAHARASHTRA,22,28.5,4.1,7.3,7.8,8.6,78,485,3.1,9,0.8,3.2,65,275,900,1800,17.295256,74.188776,53.8
1906,MAHARASHTRA,22,28,6,7.3,7.1,7.9,152,960,2.4,3.8,0.4,2.2,2,2,80,80,17.029275,74.380064,95.6
37,MAHARASHTRA,21,25,5.8,7.4,6.9,7.7,252,1011,2,3.6,0.29,2.98,�,�,90,90,16.824045,74.64951,77.3
1310,MAHARASHTRA,21,26,5.8,7.4,6.9,8.3,143,697,2.4,3.6,0.4,2.29,4,4,110,110,16.681396,74.590278,93.6
2187,MAHARASHTRA,20,21.5,4,7.2,8,8.6,303,672,3.2,8.7,1.4,4,17,350,140,1800,17.688548,74.063324,48.6
2188,MAHARASHTRA,20.5,23.5,4.1,7.3,8,8.8,193,591,3.5,6.3,1.4,3.9,20,275,170,1800,17.688252,74.063303,53.8
2190,MAHARASHTRA,21,24.5,4.1,7.3,7.7,8.7,301,566,3.4,10.2,0,2.6,70,350,900,1800,17.949284,73.891316,49.4
1182,KARNATAKA,27,34,5.3,9.2,7.7,8.4,330,1080,0.4,6.8,0,7.19,500,900,900,1600,16.640864,74.821308,75.4
1889,KARNATAKA,26,33,5.5,8.9,7.4,8.3,460,1500,0.2,3.6,0.1,7.6,500,1600,900,1600,16.5575,74.679717,76.4
1181,KARNATAKA,27,33,5.1,8.3,7.7,8.7,350,740,0.2,2.1,0,0.97,280,900,900,1600,16.242436,76.370678,70.0
1170,KARNATAKA,26,32,6.8,7.8,8.1,8.5,410,1161,1,2.5,0.1,0.532,300,1600,900,1600,16.380508,77.362725,82.2
1028,KARNATAKA,28,31,6.8,7.4,7.4,8.6,405,887,1.5,2.2,0.1,0.32,180,900,500,1600,16.369172,76.656647,71.3
2781,KARNATAKA,26,33,5.1,8.1,8,8.7,380,680,0.2,2,0,1.9,280,900,900,1600,16.325069,75.899925,70.0
1784,ANDHRA PRADESH,0,31,2.2,6.8,7.6,8.4,679,1069,8,12,0,0,�,�,�,�,16.424222,77.278883,28.2
1175,ANDHRA PRADESH,24,29,6.1,7.1,7.9,8.4,490,908,2.1,3.1,1,4.4,20,40,580,700,16.001874,78.364986,90.8
39,ANDHRA PRADESH,0,30,1.6,6.9,7.6,8.4,634,1081,6,14,0,0,�,�,�,�,16.338826,77.610192,23.0
1465,ANDHRA PRADESH,25,32,4.2,6.4,8.5,9.1,383,1540,1,2.9,0.3,2,10,12,80,138,16.694675,79.689933,88.8
1786,ANDHRA PRADESH,20,28,6.1,7.5,7,8.7,531,817,0.6,1.1,0.4,0.8,2,2,1300,2200,16.801875,80.129553,73.0
1787,ANDHRA PRADESH,26,32,6.5,7.6,7.1,8.5,610,773,0.5,0.7,0.3,0.6,2,2,1300,2200,16.582608,80.343451,87.2
25,ANDHRA PRADESH,22,28,6.8,7.4,7.1,8.6,568,798,0.5,1,0.46,0.82,2,2,1100,2100,16.492476,80.640839,73.0
3083,ANDHRA PRADESH,24,33,6.3,7.1,8,8.4,480,951,2.7,3.3,1,4.3,20,80,420,1680,16.087917,78.890169,82.8
1782,ANDHRA PRADESH,23,28,4.8,6.5,7.4,8.3,1910,33200,0.5,1,0.4,0.9,2,2,900,2200,16.000123,81.079082,76.8
1311,MAHARASHTRA,18,27,5.1,7.5,6.8,8.4,120,856,2.4,3.8,0.5,2.38,�,�,70,70,16.746155,74.445716,76.6
2163,MAHARASHTRA,22,27,4,7.6,6.8,8.3,142,856,2.4,3.8,0.4,2.2,�,�,70,70,16.721492,74.594819,62.2
1904,MAHARASHTRA,20,26,5.8,7.4,6.7,8.2,122,686,2,3.6,0.3,2.1,�,�,90,90,16.688467,74.169462,76.6
1905,MAHARASHTRA,22,27,5.1,7.5,6.9,8.2,178,846,2.4,3.8,0.7,2.5,�,�,140,140,16.695477,74.274998,76.6
1189,MAHARASHTRA,24,30,0,7,7.2,8.6,382,510,3.2,14.2,1.3,2.8,20,275,75,1800,18.481871,73.829569,33.8
2655,MAHARASHTRA,21,26,3.5,7.1,7.5,8.6,232,841,3.5,8.5,1.4,3.2,65,275,900,1800,18.645719,74.056442,48.6
2656,MAHARASHTRA,25.5,33.5,4.5,7.2,7.5,8.1,345,870,3.8,48,1.4,7.4,11,130,95,900,18.202061,75.088989,58.8
1190,MAHARASHTRA,25,30,0,7.1,7.1,8.3,159,520,4.2,22.4,1.7,7,175,550,1800,1800,18.54325,73.885036,42.0
1191,MAHARASHTRA,25.5,30,2.2,7.1,7.6,8.8,331,1308,3.7,11.5,1.3,6.6,140,275,1600,1800,18.560303,74.37332,39.0
1192,MAHARASHTRA,25,30.5,3.4,7.3,7.6,8.9,280,1323,3.8,10,1.4,7.2,110,275,1600,1800,18.464553,74.583576,48.6
1188,MAHARASHTRA,26,32,4.6,7.2,7.8,8.8,364,1684,2.6,10.8,0.4,3,75,900,900,1600,17.985845,75.116249,47.7
28,MAHARASHTRA,28,30,4.1,7.2,7.7,8.7,365,1676,3.9,6.8,1.1,4,115,250,900,1800,17.703734,75.544604,53.8
1183,KARNATAKA,22,30.4,5.3,8.2,8.3,8.6,430,1357,2.8,5.3,0,1,900,1600,1600,1600,17.179219,76.566603,62.2
1184,KARNATAKA,23,33,5.6,7.4,8,84,623,1530,2.1,4.7,0,1,300,1600,900,1600,17.069328,76.794283,62.2
1167,KARNATAKA,27,34,7.1,8,7.6,8.5,706,1182,2,2.5,0.1,0.325,500,1600,1600,1600,16.7341,77.130744,82.2
1888,KARNATAKA,25,34,5.1,7.8,8,8.5,591,1496,2.2,4.5,0,2,300,1600,900,1600,17.043481,76.814478,76.4
1185,KARNATAKA,25,34,5.8,8.5,7.8,8.7,200,1200,0.2,3.9,0,27.98,500,900,900,1600,16.328103,75.268333,65.6
1163,KARNATAKA,23,31,5.2,9.2,7.3,8.6,150,920,0.4,2.8,0,4.2,280,900,900,1600,16.174961,74.822508,70.0
1187,KARNATAKA,21,34,1.3,9.5,6.8,8,120,380,0.8,18.3,0,1.14,260,900,900,1600,15.633431,74.510322,47.1
1164,KARNATAKA,20,33,3.9,9.2,6.7,8.6,150,610,0.2,2.3,0,1.46,500,900,600,1600,15.797983,75.191492,55.7
1186,KARNATAKA,24,32,5.8,7.8,7.7,8.3,530,1700,0.1,22.2,0,4.79,500,900,900,1600,16.009319,75.878022,66.6
2764,KARNATAKA,20,31,6.3,7.9,7.4,8.3,530,1700,0.5,25.8,0,3.2,240,900,500,1600,15.875672,75.722272,68.0
38,KARNATAKA,24,29,6.2,7.6,7.4,8.6,182,380,2,3,0.1,0.2,40,140,110,220,14.236122,75.659356,85.0
1029,KARNATAKA,24,30,6,7.7,7.4,8.6,170,990,2.3,3,0.17,0.7,50,220,110,350,14.325397,75.771092,85.0
29,KARNATAKA,28,32,6.4,7.8,7.2,8.3,152,994,1,2.6,0.1,0.586,220,1600,900,1600,15.494844,76.692417,82.2
2768,KARNATAKA,25,31,5.7,7,7.5,8.3,330,760,3,8,0.2,1.2,90,240,280,500,14.514278,75.785697,89.2
2769,KARNATAKA,25,31,5.9,7.1,7.5,8.5,230,540,3,5,0.2,0.3,80,220,240,350,14.5265,75.796072,93.6
2770,KARNATAKA,24,31,5.8,7,7.4,8.4,260,520,3,4.5,0.1,0.8,110,170,220,350,14.515836,75.797939,93.6
2776,KARNATAKA,27,32,6.4,7.6,7.3,8.6,188,986,1.5,2.3,0.1,0.3,300,1600,900,1600,15.41225,76.58625,67.9
2766,KARNATAKA,24,30,6.1,7.9,7.4,8.6,190,410,2,3.1,0.1,0.2,40,140,90,300,14.514278,75.785697,80.6
2767,KARNATAKA,25,30,6.1,7.9,7.5,8.6,144,360,2,3.1,0.1,0.2,22,90,90,170,14.514278,75.785697,80.6
1174,ANDHRA PRADESH,24,33.4,6.7,7.3,7.8,8.8,570,1690,1.2,3,1.6,4,10,20,500,640,15.8483,78.034942,81.0
1785,ANDHRA PRADESH,24,32,6.5,7.2,8,8.6,800,1290,2.5,3.4,2.3,4.1,10,50,480,850,15.944453,77.419709,72.6
1168,KARNATAKA,24,32,5.2,6.9,7.2,8.3,100,240,2.3,5.9,0.023,0.3,50,500,110,900,13.926464,75.583336,85.6
1896,KARNATAKA,25,34,6.1,7,7.3,8.5,140,450,2,4,0,0.8,110,240,220,500,14.011333,75.676667,94.8
1091,KARNATAKA,18,28,4.6,7.7,7.2,75,180,264,1,1,0,0.17,300,1700,2100,4100,13.003125,77.565306,53.5
1387,KARNATAKA,26,35,5,6.5,7.2,8.3,140,430,3,6.6,0,0.5,500,900,900,1600,13.832272,75.713164,66.4
1169,KARNATAKA,25,34,5.6,6.8,7.3,8.5,146,300,2,4,0.03,0.44,110,350,220,900,13.989311,75.683736,85.6
2765,KARNATAKA,20,36,5.7,7.4,7.4,8.5,102,210,2,2.2,0,0.7,30,90,70,170,13.812647,75.716319,98.0
2771,KARNATAKA,18,27.7,4.6,7,7.1,8,130,242,1,1,0,0.2,220,1300,1500,2400,13.212753,75.234217,74.2
1172,ANDHRA PRADESH,0,30,4.5,8.3,7.6,8.5,391,450,4,6,0,0,�,�,�,�,17.370422,78.472561,47.4
1173,ANDHRA PRADESH,0,30,0,0,7.3,7.5,1314,1472,36,86,0,0,�,�,�,�,17.370097,78.469786,15.0
2339,ANDHRA PRADESH,0,30,0,1.8,7,8.1,1068,1473,38,132,0,0,�,�,�,�,17.382722,78.557775,14.2
3082,ANDHRA PRADESH,25,36,3.8,6.2,8,9.1,320,1912,1.2,2.8,1,7,0,36,10,87,17.247636,79.492042,69.4
1178,ANDHRA PRADESH,22,28,6.5,7.3,7.3,8.8,531,1038,0.5,1.2,0.58,0.75,2,2,1100,2100,16.951698,80.048401,73.0
1177,ANDHRA PRADESH,24,24,6.6,6.6,8.3,8.3,905,905,0.7,0.7,0.52,0.52,2,2,1400,1400,16.670823,80.297751,91.2
1895,KARNATAKA,24,33,5.7,7.8,7.8,8.5,344,918,1.6,4.5,0,1,300,1600,900,1600,17.107483,76.955311,76.4
2777,KARNATAKA,25,33.7,5.8,7.6,7.8,8.8,342,920,1.4,4.3,0,2,50,900,900,1600,17.139369,76.966739,65.6
2349,ANDHRA PRADESH,24,33,4.2,5.2,7.4,8.5,1436,2492,1.8,10.2,6,14,12,32,170,194,18.351114,78.73601,75.6
2351,ANDHRA PRADESH,24,33,6.4,7.1,7.5,8.4,430,890,2.9,3.8,2,9.3,10,40,390,900,15.49,78.4748,86.8
2763,KARNATAKA,23,32,5.5,8.1,7.6,8.7,110,1280,0.2,2.8,0,3.6,500,900,900,1600,16.503131,75.116569,70.0
1255,ANDHRA PRADESH,24,27,6.7,7.1,7.3,7.6,600,890,2.4,2.8,1.9,2.2,10,30,500,600,14.150574,77.822711,96.0
1256,ANDHRA PRADESH,25.5,39,6.5,7.1,7.6,8.4,780,1016,1.6,3.5,2,2.9,10,40,480,580,14.572795,78.79715,90.8
1257,ANDHRA PRADESH,20,31,4,7.6,7.8,8.9,671,1660,0.5,0.6,0.6,0.78,2,2,1100,1400,14.481442,79.290142,61.4
30,ANDHRA PRADESH,23,36,6.8,7.5,7.8,8.4,500,990,1,3.2,1.2,3.1,10,20,400,740,14.464393,78.964627,86.8
1198,KARNATAKA,22,28,6.3,7.4,6.2,8.1,40,76,1,1,0.03,0.075,91,210,380,940,12.314149,75.698522,77.0
1195,KARNATAKA,23,29,6,7.6,6.6,7.9,58,138,1,1,0.06,0.17,110,310,580,1500,12.448489,75.96987,92.0
33,KARNATAKA,26,30,6.2,7.3,7.4,8.9,79,300,1,2,0.06,0.29,210,380,840,1500,12.425291,76.57265,77.0
1386,KARNATAKA,26,30,6.2,8,7.3,8.6,85,308,1,2,0.1,0.3,26,320,630,1400,12.418187,76.679259,77.0
1171,KARNATAKA,25,30,5.8,7,7,8.5,112,360,1,3,0.16,0.35,700,1500,900,6300,12.423705,76.693672,74.6
34,KARNATAKA,26,29,5.7,8.4,6.7,8.4,152,464,1,3,0.17,0.44,210,840,1100,2800,12.25531,77.163515,80.2
2773,KARNATAKA,22,29,5.8,8.3,7.2,8.8,180,653,1,2,0.2,0.6,170,630,790,2100,12.321469,76.841472,70.0
2774,KARNATAKA,25,30,5.8,7.1,7.1,8.5,94,324,1,2,0.1,0.3,390,1100,1700,4300,12.425022,76.653544,78.6
50,TAMILNADU,23,30,3.9,9.7,7.5,8.7,203,481,0.2,3.5,0.05,0.34,170,17000,200,35000,11.796255,77.806971,28.0
1322,TAMILNADU,24,30,2.5,8,7.6,8.3,187,506,0.3,2.9,0,0.33,140,32000,170,39000,11.445663,77.677626,41.4
51,TAMILNADU,25,33.2,4.8,10.1,7.6,8.5,200,768,0.4,6.1,0.06,0.39,220,28000,390,35000,11.368215,77.741107,43.0
1320,TAMILNADU,26,30,0,8,7.2,8.6,188,1930,0.4,58,0.1,0.35,170,28000000,300,35000000,11.335795,77.753762,0.0
1323,TAMILNADU,25,35.4,6.1,10.1,7.9,8.7,240,1087,0.6,5.6,0.1,0.37,33,35000,49,160000,11.18,78.01,43.6
3015,TAMILNADU,27,33,6.2,8.6,7.8,8.6,298,648,0.3,3.6,0,0.5,220,35000,270,160000,10.974467,78.180075,43.6
1324,TAMILNADU,26,33,4.8,9.8,7.9,8.6,276,883,0.1,5.7,0.1,0.35,49,35000,79,160000,11.064392,78.120358,33.2
1451,TAMILNADU,26,30.7,6.1,9.3,7.7,8.7,228,637,0.3,3.7,0.1,0.4,110,28000,140,160000,11.050024,78.120645,43.6
31,TAMILNADU,24,29,6.6,10.2,7.9,8.7,303,800,0.4,3.6,0.05,0.53,170,35000,220,160000,10.955345,78.443949,43.6
3016,TAMILNADU,24,29,6.4,10.8,7.9,8.8,287,812,0.5,3.7,0,0.5,260,170000,320,350000,10.906389,78.489697,43.6
1202,TAMILNADU,23,29,5.9,9.7,7.9,8.7,236,686,0.2,7.2,0.03,0.37,220,170000,330,280000,10.833263,78.718224,37.9
1325,TAMILNADU,23,28,1.2,8.4,7.4,8.6,279,1438,0.7,18,0,6.14,320,11000000,390,22000000,10.766809,78.665272,8.8
1203,TAMILNADU,23,28,3.7,10.2,7.8,8.8,274,1323,0.8,12,0.05,0.48,320,540000,390,920000,10.830327,78.81177,19.2
1206,TAMIL NADU,19,30,7.2,10.2,8.2,8.8,264,931,0.1,5.1,0.05,0.48,140,2600,220,3200,11.34,79.24,54.4
3018,TAMILNADU,24,24,5.9,8.2,7,8.5,248,495,0.7,3.5,0,2.8,210,54000,260,92000,11.104894,79.651871,56.6
3012,TAMILNADU,25,32,1.1,9.5,7.6,8.5,217,555,0.1,6.7,0,0.5,220,28000,390,35000,11.423503,77.685261,27.4
3013,TAMILNADU,22,35,5.8,8.9,7.4,8.7,225,473,0.4,2.1,0,0.8,140,160000,170,160000,11.354178,77.750436,46.7
3014,TAMILNADU,25,32,3.8,9.2,7.6,8.7,218,578,0.2,6.4,0,0.4,170,35000,330,160000,11.361583,77.742411,23.6
3017,TAMILNADU,20,34,5.9,9.8,8.2,8.7,234,639,0.4,2.3,0,0.5,33,14000,260,22000,10.968137,79.378248,46.7
1326,TAMILNADU,27,29,4.1,10.5,7.7,8.5,378,29600,0,8.7,0.1,0.38,320,220000,390,1600000,11.326822,79.702981,43.0
1327,TAMILNADU,26,29,0,8.9,7.1,8.5,309,9810,0,10,0.1,0.48,170,1100000,200,2200000,11.418828,79.772375,27.4
1893,KARNATAKA,25,29,4.8,6.5,7.1,8.3,280,536,1,1,0,0.3,490,1400,1200,5400,13.006814,76.099553,69.4
1199,KARNATAKA,26,30,4.3,6.9,7.4,8.3,230,410,1,1,0,0.25,580,1500,1700,5400,12.809694,76.205642,69.4
1200,KARNATAKA,27,30,5.9,8,7.4,8.1,318,569,2,4,0.56,2.5,�,�,1600,1600,12.979108,76.851622,64.6
1166,KARNATAKA,25,30,6,6.8,7.2,8.8,370,733,2,4,0.35,0.74,390,1300,1700,4900,12.422764,77.226144,61.2
1165,KARNATAKA,27,27,6.8,6.9,7.1,7.4,1342,1987,5,10,3.2,20,27,110,350,1600,12.535417,77.424792,79.2
2778,KARNATAKA,25.7,38.2,6.3,6.9,7,8.2,739,1229,2,10,0.6,2.8,46,46,22,1600,12.967039,77.337053,78.4
1196,KARNATAKA,22,28,1.6,6.9,6.7,8.4,85,936,1,7,0.09,0.83,310,2100,1500,8400,12.302189,76.286164,37.6
2772,KARNATAKA,23,28,3.5,7.1,6.5,9,70,658,1,4,0.1,0.7,130,840,630,2800,12.344614,76.286175,61.6
1207,KERALA,23,30.6,5.7,7.9,7,8.2,30,158,0.2,0.8,0.01,2.3,22,110,33,180,11.697858,76.397006,98.0
1197,KARNATAKA,22,28,6.5,8.4,6.6,8.4,76,648,1,2,0.15,0.7,170,580,940,2100,12.019853,76.388075,85.6
41,KARNATAKA,24,29,6.3,8.4,6.7,8.3,80,566,1,2,0.08,0.64,170,470,840,2200,12.166761,76.792908,87.2
1445,KARNATAKA,24,29,6.4,8,7.1,8.6,122,435,1,2,0.2,0.5,170,430,940,1700,12.128439,76.683919,73.0
2775,KARNATAKA,23,29,4,6.5,6.9,8.6,132,450,1,3,0.2,0.5,170,1300,1100,5400,12.128775,76.683736,50.0
1208,KERALA,20,31,6.5,7.8,6.9,8.4,35,357,0.2,1.8,0,0.47,2,900,110,1600,11.197053,76.722381,85.6
1201,TAMILNADU,23,28,6.9,9.9,7.2,8.6,59,210,0.1,1.3,0.06,0.75,78,54000,170,160000,11.469259,77.296165,48.0
1204,TAMILNADU,23,28,5.6,10.3,6.9,8.6,81,940,0,3.6,0.07,0.48,270,35000,330,160000,11.319948,77.011429,42.3
1321,TAMILNADU,22,32,5.1,9.2,7.2,8.7,104,223,0.7,3,0,0.42,90,92000,120,160000,11.485294,77.134603,46.7
1205,TAMILNADU,22,34,1.4,10.5,7.7,8.5,311,1227,0.3,4,0.05,1.16,110,92000,140,160000,11.454094,77.679567,31.8
3019,TAMILNADU,22,33,5.2,8.9,7.6,8.3,91,1017,0.5,3.4,0.1,1,260,54000,320,160000,11.503881,77.247036,56.6
3020,TAMILNADU,25,30,4.6,7.3,7.7,8.5,145,688,0.6,1.4,0,0.4,210,49000,260,110000,11.442818,77.676045,51.8
3021,TAMILNADU,25,30,5.2,9.3,7.7,8.6,327,640,0.6,1.2,0.1,0.4,220,79000,260,170000,11.438223,77.681462,46.7
3024,TAMILNADU,23,31,0,6.8,7.6,8.4,1337,3495,1.9,182,0,6,26000,3500000000,33000,16000000000,11.649094,78.148011,14.2
3022,TAMILNADU,23,28,0,0,7.6,8.1,1392,3570,10,97,0,3.5,3500,140000000,5400,220000000,11.645876,78.120341,14.2
1947,WEST BENGAL,14,29.5,5.5,8.4,7,8.1,53,178,1.2,4.2,0.1,1,400,13000,1700,17000,26.902782,88.47309,56.6
2229,ASSAM,21,30,5.3,7.6,7.1,7.6,143,264,0.9,3.5,0.1,2.7,0,4300,360,4301,27.832518,95.672347,68.1
2231,ASSAM,18,31,6.2,7.9,6.7,7.5,257,315,0.8,1.6,0.2,3.9,0,910,360,4300,26.975605,94.630335,82.3
2232,ASSAM,21,28,5.5,12.4,5.8,7.3,47,71,0.6,1.8,0.1,1,0,910,360,15000,26.602234,93.403253,62.0
2233,ASSAM,17,27,7.3,8.2,6.1,7.1,140,244,0.4,2.3,0.2,5.5,0,2000,0,110000,27.358877,94.181102,59.9
2234,ASSAM,18,28,7.4,8.3,6.5,7.4,122,176,0.7,2.3,0.1,4.5,0,1500,0,46000,27.342717,93.816486,75.8
2236,ASSAM,20,32,5.5,8.3,5.7,7,120,152,0.6,3.8,0.1,1.4,0,700,0,2100,26.165759,92.353897,65.6
2238,ASSAM,20,33,5.4,6.1,6.7,7.6,144,293,0.6,1.7,0.1,5.5,0,910,0,2300,26.493169,90.917841,85.0
2239,ASSAM,23,34,4.3,5.9,6.4,7.1,86,177,0.7,4.9,0.2,2,0,4400,910,240000,26.311379,89.831334,40.0
2240,ASSAM,9,30,5.9,6.4,6.1,7.4,115,166,1,2.7,0.3,4.2,0,4300,0,9300,24.786736,92.813553,53.5
2241,ASSAM,9,19.5,6,6.5,6.3,7.3,117,160,0.9,1.2,0.4,3.6,360,21000,4300,110000,24.735544,92.889269,48.0
2242,ASSAM,10,18,1.2,6.6,6.3,7.4,127,281,0.9,2.6,0.7,3.7,360,1100,361,15000,24.870906,92.376439,35.6
2523,WEST BENGAL,22,34,0,7.8,6.8,7.8,40,756,1.5,9.6,0,0.7,2200,2000000,7000,4000000,26.537633,88.707053,28.2
2524,WEST BENGAL,22,34,6.8,8.8,6.9,8.5,79,157,1.5,4.8,0,0.5,1100,11000,6000,35000,26.444936,89.546458,57.8
2235,ASSAM,15,27,6.8,8.4,6.9,7.1,140,947,0.2,1.8,0.1,4.6,360,4300,910,15000,26.699918,92.335305,69.8
2195,MAHARASHTRA,23,30,3.8,7.3,7.4,9,178,896,5.2,8.9,1.8,3,70,350,900,1800,18.103405,74.234805,48.6
2682,MAHARASHTRA,23,29.5,4.7,7.1,7.3,8.6,183,627,4.2,8.4,1,3.1,35,275,550,1800,18.097756,74.213675,53.8
1463,MAHARASHTRA,23,28.5,5,7.2,7.4,8.5,70,617,3.2,7,0.4,3.2,65,275,900,1800,18.172703,73.953644,68.0
2681,MAHARASHTRA,24,30,1.8,7.2,7.4,8.9,178,1723,3.8,9,1.3,3,45,250,900,1800,18.055999,74.483941,38.2
2683,MAHARASHTRA,24,28,4.2,7.3,7.7,8.6,150,385,3.3,7.6,0.5,3.1,75,225,900,1600,18.147434,73.977285,53.8
2186,MAHARASHTRA,20.5,25,5.3,7.2,7.9,8.6,129,419,2.4,6,1.1,2.2,17,140,150,1600,17.732719,73.991512,67.3
2716,MAHARASHTRA,20,24,4.9,7.3,7.1,8.5,57,213,3.1,4.5,0.5,4,9,195,75,900,17.933739,73.665091,76.4
2717,MAHARASHTRA,20,23.5,4.2,7.3,8,8.7,148,542,3.2,7.6,1,2.9,14,275,120,1800,17.692894,74.050883,53.8
2189,MAHARASHTRA,22,27.5,4.2,7.2,7.7,8.4,65,384,3.2,9,0.2,2,25,275,550,1800,17.278589,74.183705,68.0
2194,MAHARASHTRA,25,30,0,7.2,7.2,8.3,173,695,3.6,19.6,0.8,5,55,350,1800,1800,18.5746,73.836055,48.0
2193,MAHARASHTRA,24,30,0,7.2,7.2,8.6,311,692,3.2,15.5,1.5,15,70,275,900,1800,18.567737,73.811752,33.8
2192,MAHARASHTRA,25,30,0,7.3,7.1,8.4,91,550,3.6,15,1.5,10,195,350,1800,1800,18.535371,73.933306,48.0
2677,MAHARASHTRA,21,26,1.4,7.1,7.1,8.7,95,791,4.2,12.4,1.2,3.4,25,350,1600,1800,18.521663,74.050564,33.8
2191,MAHARASHTRA,24.5,29,0,6.8,7.1,8.4,176,487,5.8,18.5,1.5,5.6,140,425,1800,1800,18.532374,73.843415,48.0
2678,MAHARASHTRA,24.5,29,0,7,7,8.5,410,488,3.8,19.2,1.2,4.2,150,350,1800,1800,18.521303,73.850578,48.0
2679,MAHARASHTRA,24,29,0,6.9,6.6,8.5,406,630,5.2,16.7,1,4.1,120,425,1800,1800,18.515539,73.844447,48.0
2680,MAHARASHTRA,21,30,0.4,7.3,7.2,8.8,69,642,2.4,4,0.4,2.2,8,20,70,350,18.430149,73.754941,54.6
2196,MAHARASHTRA,24,32,1,7.1,7.1,8.4,123,676,4.1,11.2,1.2,8.5,17,350,550,1800,18.670292,73.681639,48.0
2690,MAHARASHTRA,24,26,1.1,7.2,7.2,8.5,219,671,4.3,17.6,1.6,7.6,120,350,1600,1800,18.60677,73.821067,48.0
2691,MAHARASHTRA,24,27,0,7.1,7.1,8.4,208,660,3.6,13.9,1.2,6.8,35,425,1800,1800,18.582775,73.826155,48.0
2692,MAHARASHTRA,24,28,5.9,7.2,7.2,8.4,224,655,2.4,4.8,0.8,3.3,5,350,40,1800,18.660929,73.731891,81.6
2693,MAHARASHTRA,24,28,1.2,6.9,7.2,8.5,121,661,3.7,12.5,1.6,2.3,70,275,900,1800,18.641184,73.792731,48.0
2694,MAHARASHTRA,24,32,1.5,7.7,7.2,8.4,215,810,3.7,14.5,1.2,7.8,95,425,1800,1800,18.607788,73.797949,48.0
2197,MAHARASHTRA,22,30,3.2,7.3,6.9,8.8,164,1090,3.4,8.8,0.8,8.2,85,425,1600,1800,18.682216,73.900116,48.6
2668,MAHARASHTRA,22,30,1.7,7.3,7.1,8.6,157,735,3.2,10.2,1.4,8.4,95,350,900,1800,18.677697,73.851206,33.8
2669,MAHARASHTRA,22,30,3.5,7.2,7.5,8.5,172,1126,3.4,8,1.2,8.2,40,250,550,1800,18.677486,73.851233,62.8
1911,MAHARASHTRA,30,32,4.9,7.2,7.8,8.8,376,1803,3.5,8.4,1,2.6,40,275,550,1800,17.724868,75.323936,53.8
1912,MAHARASHTRA,31,32,2.7,7.2,7.9,8.9,371,1747,3.6,10.2,1.3,2.5,55,350,1600,1800,17.677706,75.339011,39.0
2665,MAHARASHTRA,21,26,2.7,7.2,7.7,8.6,203,1008,4.4,7.5,0.6,3.8,50,250,900,1600,18.831722,74.387839,43.4
2705,MAHARASHTRA,29,34,2.7,7.2,7.8,8.8,374,1828,3.8,8.5,1.1,2.4,50,225,550,1800,17.781359,75.723133,43.4
2711,MAHARASHTRA,20.5,25,2.7,7.3,7.9,8.7,147,751,3.2,8.5,1.4,2.8,45,225,550,1600,17.570306,74.050736,43.4
2715,MAHARASHTRA,21,26,2.7,7.1,7.8,8.8,215,665,3.5,6.2,1.4,2.8,40,225,900,1600,18.692778,74.13348,43.4
