STATION CODE,WATER_BODY_TYPE,STATE,TEMPERATURE_Min,TEMPERATURE_Max,DO_Min,DO_MAX,pH_Min,PH_Max,CONDUCTIVITY_Min,CONDUCTIVITY_Max,BOD_Min,BOD_Max,NITRATE_NITRATE_Min,NITRATE_NITRATE_Max,FECALCOLIFORM_Min,FECALCOLIFORM_Max,TOTALCOLIFORM_Min,TOTALCOLIFORM_Max,Latitude,Longitude,wqi
2354.0,CANAL,ANDHRA PRADESH,24.0,30.0,2.6,5.5,6.8,8.6,203.0,525.0,1.2,3.4,0.57,2.7,7.0,15.0,75,210.0,17.042624,82.166873,40.0
2355.0,CANAL,ANDHRA PRADESH,24.0,31.0,1.5,5,6.6,8.2,456.0,26393.0,1.9,5.8,1.15,3.4,7.0,28.0,150,2400.0,16.854914,82.231328,54.2
3051.0,CANAL,ANDHRA PRADESH,24.0,28.0,5,6.4,7.0,7.8,905.0,2179.0,2.6,8.4,1.28,5.2,3.0,4.0,210,1600.0,16.518542,80.77469,55.0
4356.0,CANAL,ANDHRA PRADESH,25.0,32.0,5.6,7.5,7.6,8.4,249.0,634.0,1.1,2.5,0.63,2.09,7.0,20.0,69,150.0,16.720398,81.108729,78.0
4370.0,CANAL,ANDHRA PRADESH,26.0,27.0,4.2,7,7.0,7.9,363.0,849.0,0.8,2.8,0.7,3.36,2.0,21.0,75,800.0,16.752674,81.02373,55.0
4374.0,CANAL,ANDHRA PRADESH,25.0,27.0,4,7.3,6.6,8.1,268.0,5000.0,1.2,3.8,0.55,4.81,4.0,15.0,120,1600.0,16.709955,81.547483,54.2
1479.0,CANAL,DELHI,,,10.2,10.2,7.6,7.8,239.0,293.0,1.1,5.2,0.91,5.12,2400.0,35000.0,9200,35000.0,28.72121,77.139675,70.0
2057.0,CANAL,DELHI,16.0,32.0,BDL,2.4,7.0,7.3,565.0,1450.0,10,58,0.2,0.5,1100000.0,16000000.0,2200000,16000000.0,28.546369,77.312597,46.7
2265.0,CANAL,GOA,27.0,30.0,5.2,8.1,5.8,7.4,47.0,641.0,BDL,2.4,BDL,1.37,78.0,1100.0,130,2300.0,15.182391,73.990575,59.8
2266.0,CANAL,GOA,27.0,30.0,4.9,8.8,5.8,7.8,52.0,605.0,BDL,2.7,BDL,1.37,130.0,1700.0,490,3300.0,15.16806,74.010058,34.0
2268.0,CANAL,GOA,26.0,31.0,4.2,6.2,5.2,8.5,83.0,44510.0,BDL,0.8,0.02,1.08,45.0,2400.0,490,5400.0,15.502818,73.949118,34.0
2073.0,CANAL,GUJARAT,25.0,30.0,6.8,7.8,7.4,8.2,239.0,360.0,0.5,1.1,0.03,0.16,,,2,37.0,23.134936,72.611525,76.9
2074.0,CANAL,GUJARAT,28.0,32.0,5.7,7.2,7.3,8.8,272.0,737.0,0.4,0.8,0.09,0.77,14.0,33.0,49,94.0,21.589419,72.975333,63.8
4421.0,CANAL,GUJARAT,25.0,33.0,7.8,8.3,7.4,8.3,253.0,336.0,0.3,0.4,0.4,0.54,2.0,2.0,4,21.0,22.803282,73.42819,79.2
1109.0,CANAL,HARYANA,19.0,27.0,4.6,8,7.0,8.1,135.0,2230.0,1.8,4,0.01,2.8,500.0,4000.0,1500,160000.0,30.104731,77.257543,48.2
1110.0,CANAL,HARYANA,26.0,26.0,5.9,7,7.6,7.8,189.0,296.0,2.4,2.6,0.02,0.09,700.0,4800.0,1500,54200.0,29.840997,77.09702,72.8
1111.0,CANAL,HARYANA,19.0,29.0,3.7,9.3,6.8,8.0,146.0,345.0,1.2,2.4,0.01,0.18,400.0,3300.0,1300,21200.0,29.041915,76.142314,49.0
1112.0,CANAL,HARYANA,21.0,29.0,1.5,7.8,7.4,7.9,151.0,2370.0,1.2,2.8,0.02,0.3,200.0,1700.0,900,20000.0,28.805764,77.046769,49.0
1113.0,CANAL,HARYANA,25.0,25.0,6.6,7.3,7.6,7.6,222.0,410.0,1.2,2.5,0.04,0.09,1700.0,1700.0,14800,17200.0,29.686206,76.957158,74.0
1114.0,CANAL,HARYANA,21.0,23.0,3.2,8.2,7.2,8.6,250.0,1180.0,2.4,24,0.12,4.2,2.0,3910.0,2210,351000.0,29.340559,76.329749,33.0
1115.0,CANAL,HARYANA,20.0,29.0,1.6,7.6,7.5,7.9,140.0,2390.0,1.5,2.6,0.02,0.62,400.0,9200.0,1400,27800.0,29.173241,76.91024,45.0
1116.0,CANAL,HARYANA,14.0,30.0,5.4,10.1,7.4,8.0,183.0,2350.0,0.8,2.6,0.05,3.5,25.0,21000.0,540,130000.0,29.358769,76.950469,68.8
1419.0,CANAL,HARYANA,,,2.6,3.9,7.0,8.3,1010.0,1320.0,18,32,3.6,5.4,3560.0,3970.0,32110,340620.0,28.506624,77.314305,47.2
1886.0,CANAL,HARYANA,20.0,27.0,5.6,9.8,7.6,8.1,141.0,2150.0,0.6,3.5,0.01,1.86,200.0,13000.0,1400,49000.0,30.296244,77.562478,68.0
2056.0,CANAL,HARYANA,24.0,26.0,6.8,8.6,7.6,8.0,186.0,295.0,1.5,3.5,0.03,0.07,200.0,1400.0,1400,12000.0,30.074141,77.216343,76.0
3461.0,CANAL,KERALA,24.0,32.0,3.2,7.5,6.6,7.7,195.0,43100.0,0.2,2.1,0.1,1.18,100.0,4900.0,200,7800.0,11.335961,75.761858,49.0
3467.0,CANAL,KERALA,25.0,32.0,1.5,4.8,6.5,7.3,319.0,30000.0,1,3.6,0.03,3.01,2600.0,70000.0,5400,110000.0,10.07305,76.286714,44.2
3469.0,CANAL,KERALA,25.0,29.0,2.6,7.3,6.5,7.6,58.0,145.0,1.1,3.5,0.17,2.83,1500.0,6300.0,3500,8400.0,10.1108,76.476031,44.2
2836.0,CANAL,MANIPUR,16.0,28.0,6.7,7.8,6.6,7.6,110.0,374.0,2.3,3.7,26,30.0,5.0,35.0,15,150.0,24.245,93.54079,80.0
2428.0,CANAL,ODISHA,24.0,28.0,6.8,7.7,7.1,7.3,151.0,192.0,0.8,3.8,0.19,0.38,700.0,4900.0,3500,25000.0,20.474944,85.901762,74.0
2429.0,CANAL,ODISHA,25.0,28.0,6.4,7.4,6.7,7.7,131.0,192.0,0.6,3.4,0.18,0.78,1700.0,92000.0,2800,160000.0,20.454888,85.924125,70.0
2430.0,CANAL,ODISHA,22.0,33.0,0.4,8.4,7.0,8.2,147.0,297.0,0.3,5.6,0.11,0.9,140.0,7900.0,330,17000.0,20.315874,86.084897,44.2
3950.0,CANAL,ODISHA,26.0,28.0,7.2,7.6,7.2,7.5,131.0,191.0,1.5,3.7,0.23,0.36,1700.0,22000.0,4300,54000.0,20.315758,86.085088,70.0
3951.0,CANAL,ODISHA,24.0,27.0,5.4,7.8,6.8,7.7,142.0,193.0,1.3,4.7,0.22,0.89,1700.0,35000.0,4900,92000.0,20.459583,85.891508,68.8
3952.0,CANAL,ODISHA,24.0,28.0,6.2,7.6,7.4,7.8,134.0,176.0,1,2.3,0.23,0.53,490.0,17000.0,1100,35000.0,20.424356,85.963655,70.0
3958.0,CANAL,ODISHA,23.0,32.0,6.2,11.8,7.0,8.4,172.0,296.0,0.6,1.8,0.12,2.25,78.0,2200.0,220,3900.0,20.310958,85.891764,73.2
3959.0,CANAL,ODISHA,23.0,34.0,5.5,9.3,7.3,8.3,137.0,280.0,0.6,2.4,0.11,0.27,170.0,2400.0,460,5400.0,20.350009,85.880072,72.0
3960.0,CANAL,ODISHA,20.0,29.0,3.1,7.6,6.5,8.4,142.0,448.0,0.6,2.8,0.16,6.51,45.0,1700.0,230,4700.0,19.887419,85.813792,48.2
2932.0,CANAL,RAJASTHAN,22.0,26.0,4.7,5.6,8.0,8.6,260.0,400.0,0.6,1.6,1.82,3.32,7.0,23.0,21,75.0,24.762569,71.73495,40.0
2933.0,CANAL,RAJASTHAN,16.0,32.0,4.6,6.8,7.8,8.2,210.0,400.0,0.9,2.2,1.66,2.74,14.0,75.0,75,150.0,30.180856,73.973639,54.2
2934.0,CANAL,RAJASTHAN,16.0,31.0,3.9,6.5,7.6,8.1,250.0,590.0,0.9,3,1.76,2.74,11.0,75.0,28,210.0,29.60093,74.321796,54.2
4773.0,CANAL,RAJASTHAN,15.0,31.0,3.9,6,7.6,8.2,250.0,440.0,0.9,2.4,1.6,2.21,9.0,39.0,28,93.0,29.326824,74.382265,54.2
30022.0,CANAL,RAJASTHAN,,,5.4,5.9,7.1,7.7,294.0,303.0,1.5,3.4,1.12,1.33,3600.0,23000.0,8200,23000.0,29.557293,74.566983,68.8
10049.0,CANAL,TAMIL NADU,28.0,28.0,,,7.6,7.6,2490.0,2490.0,17,17,3.2,3.2,2.0,2.0,45,45.0,13.126266,80.256935,72.0
10050.0,CANAL,TAMIL NADU,26.0,26.0,,,7.2,7.2,5550.0,5550.0,20,20,3.4,3.4,45.0,45.0,790,790.0,13.136803,80.249192,72.0
10052.0,CANAL,TAMIL NADU,28.0,34.0,3,3,7.2,7.3,2330.0,2870.0,8,26,1,3.05,2.0,700.0,68,2200.0,12.988133,80.25192,52.0
1729.0,CANAL,TRIPURA,21.0,28.0,4.1,6.9,6.2,7.6,208.0,288.0,6.4,38,0.39,5.73,220.0,350.0,430,920.0,23.844592,91.276394,39.0
3387.0,CANAL,TRIPURA,21.0,28.0,5.8,7,6.7,7.6,105.0,184.0,0.8,2.8,0.26,2.2,70.0,150.0,150,280.0,23.902792,91.394906,78.8
3388.0,CANAL,TRIPURA,22.0,29.0,5.7,7.2,6.9,7.8,110.0,182.0,0.9,2.7,0.22,2.8,46.0,120.0,110,240.0,23.510969,91.437092,78.8
3389.0,CANAL,TRIPURA,20.0,28.0,5.5,7.4,6.6,7.7,111.0,197.0,0.9,3.5,0.3,3.05,58.0,150.0,110,280.0,23.849131,91.924411,78.8
3390.0,CANAL,TRIPURA,20.0,27.0,5.5,7,6.4,7.3,114.0,169.0,0.8,3.5,0.21,2.25,58.0,150.0,110,240.0,23.834333,91.942208,63.8
4198.0,CANAL,TRIPURA,22.0,28.0,6.1,6.9,6.8,7.5,105.0,184.0,0.8,2.6,0.3,3.34,41.0,130.0,120,240.0,24.392541,92.157995,80.0
4199.0,CANAL,TRIPURA,22.0,28.0,4.2,7.8,6.5,7.8,110.0,202.0,2.6,24,0.43,6.64,22.0,350.0,350,540.0,24.340189,92.122992,53.2
2726.0,CANAL,UTTARAKHAND,16.0,20.0,9,10.8,7.5,8.4,127.0,140.0,1,1,,,30.0,60.0,70,130.0,29.930289,78.137206,74.1
2727.0,CANAL,UTTARAKHAND,16.0,20.0,8.6,10,7.4,8.3,128.0,143.0,1,1.2,,,40.0,90.0,110,170.0,29.851669,77.879742,74.1
3998.0,CANAL,UTTARAKHAND,17.0,20.0,9,10,7.6,8.4,119.0,140.0,1,1,,,23.0,70.0,50,130.0,29.947667,78.161833,74.1
3999.0,CANAL,UTTARAKHAND,16.0,21.0,8.6,11,7.6,8.2,117.0,138.0,1,1,,,30.0,50.0,50,110.0,29.754444,78.276056,74.1
2512.0,CANAL,WEST BENGAL,20.0,32.0,0.8,0.9,7.2,8.1,412.0,1918.0,4.8,17,0.09,0.91,40000.0,9000000.0,80000,16000000.0,22.694406,88.44775,43.2
2513.0,CANAL,WEST BENGAL,21.0,32.0,,,7.3,7.6,617.0,869.0,17.9,93.6,0.1,0.78,1300000.0,50000000.0,2100000,90000000.0,22.518705,88.323864,46.7
4013.0,BEACH,GOA,27.0,32.0,5.9,6.9,6.6,8.0,27750.0,58010.0,BDL,2.3,BDL,0.55,8.0,1300.0,23,2800.0,15.720857,73.68186,74.8
4014.0,BEACH,GOA,26.0,32.0,5.8,7.7,6.3,8.3,2037.0,57350.0,BDL,2.8,0.09,1.7,13.0,1300.0,33,2200.0,15.482664,73.807302,59.8
4015.0,BEACH,GOA,27.0,32.0,5.8,6.7,6.1,8.2,4520.0,55860.0,BDL,0.7,BDL,1.13,8.0,490.0,BDL,17000.0,15.531787,73.75851,63.8
4016.0,BEACH,GOA,27.0,37.0,5.8,7,7.2,8.2,17550.0,56840.0,BDL,2.7,BDL,0.62,8.0,1300.0,33,3500.0,15.629169,73.725747,74.0
4017.0,BEACH,GOA,27.0,32.0,5.5,6.9,7.3,8.2,33546.0,54980.0,BDL,2.5,BDL,0.32,8.0,1100.0,23,3500.0,15.156355,73.944955,74.0
4018.0,BEACH,GOA,28.0,32.0,4.2,6.9,7.3,8.2,26870.0,68180.0,BDL,3.3,0.01,0.64,33.0,540.0,110,1100.0,15.39155,73.806607,52.2
4019.0,BEACH,GOA,27.0,32.0,5.2,7.3,6.4,8.1,50.0,58130.0,BDL,2.9,BDL,0.44,8.0,5400.0,23,9200.0,14.969011,74.045068,55.8
4020.0,BEACH,GOA,27.0,32.0,5.3,6.9,7.4,8.2,31870.0,85160.0,BDL,3.3,0.02,0.62,33.0,1100.0,79,2200.0,15.277315,73.912572,74.0
4021.0,BEACH,GOA,27.0,32.0,5.6,7.3,6.2,8.1,13370.0,60310.0,BDL,2.8,BDL,0.61,5.0,790.0,13,1700.0,15.603125,73.733511,59.8
4022.0,BEACH,GOA,28.0,32.0,5.9,7,7.4,8.1,32490.0,55980.0,BDL,4.6,0.01,0.51,5.0,790.0,23,1400.0,15.354661,73.883923,74.0
2267.0,CREEK,GOA,27.0,35.0,4.8,16,6.4,8.3,160.0,19710.0,BDL,2.8,0.22,20.65,230.0,4900.0,490,7900.0,15.354489,73.883148,34.0
2080.0,CREEK,GUJARAT,26.0,30.0,5,7.1,7.3,7.9,865.0,24820.0,0.9,2,0.04,0.36,8.0,33.0,26,142.0,21.296333,72.760033,55.0
2081.0,CREEK,GUJARAT,28.0,33.0,BDL,4.7,7.0,8.1,755.0,3250.0,2,31,0.19,0.73,33.0,79.0,140,280.0,21.615413,72.941847,71.0
3196.0,CREEK,GUJARAT,28.0,32.0,BDL,6.5,6.7,7.7,688.0,4640.0,0.7,23,0.13,1.72,49.0,170.0,170,470.0,21.628255,73.016715,72.0
1316.0,CREEK,MAHARASHTRA,24.0,41.0,3.7,7.4,6.9,7.8,83.0,60580.0,3,14,0.2,4.7,21.0,79.0,79,350.0,19.229456,73.002085,54.0
1317.0,CREEK,MAHARASHTRA,25.0,32.0,3,5.2,6.7,7.6,8212.0,65500.0,8,20,0.8,2.2,70.0,920.0,210,1600.0,18.967313,72.929655,50.0
1318.0,CREEK,MAHARASHTRA,25.0,34.0,BDL,5.5,6.8,7.8,415.0,59980.0,6,50,0.5,6.4,23.0,920.0,170,920.0,19.038979,72.827674,54.7
2184.0,CREEK,MAHARASHTRA,23.0,32.0,3.6,7.3,6.8,7.8,184.0,43360.0,3,13,0.6,3.4,21.0,110.0,170,430.0,19.15042,72.980893,54.0
2185.0,CREEK,MAHARASHTRA,20.0,29.0,3.2,6.8,6.6,7.8,418.0,57400.0,4,20,1.2,3.7,23.0,110.0,210,350.0,19.061371,72.970377,54.0
2791.0,CREEK,MAHARASHTRA,24.0,36.0,3.5,7.3,6.5,7.8,136.0,16470.0,3,15,0.3,3.2,2.0,110.0,9,1600.0,19.244118,73.117187,53.2
2792.0,CREEK,MAHARASHTRA,24.0,32.0,3.3,5.6,6.3,8.0,165.0,34280.0,5,16,0.7,7.4,21.0,170.0,150,350.0,19.202275,73.02209,39.0
2793.0,CREEK,MAHARASHTRA,24.0,32.0,3.3,6.6,6.5,8.0,156.0,34360.0,4,15,0.2,7.4,11.0,84.0,46,430.0,19.197132,72.985993,53.2
2794.0,CREEK,MAHARASHTRA,24.0,32.0,3.5,6.8,6.5,8.1,142.0,34400.0,4,14,0.6,6.6,11.0,70.0,47,350.0,19.236012,72.999586,53.2
2795.0,CREEK,MAHARASHTRA,24.0,32.0,3.6,6.5,6.6,7.9,115.0,39390.0,4,12,0.1,7.4,17.0,920.0,58,920.0,19.28702,72.937644,50.0
2796.0,CREEK,MAHARASHTRA,24.0,35.0,3.9,5.9,6.6,7.9,184.0,53480.0,5,13,0.8,4.6,17.0,79.0,140,350.0,19.287397,72.904918,54.0
2797.0,CREEK,MAHARASHTRA,24.0,35.0,3.6,5.7,6.8,8.1,191.0,58050.0,6,14,1,4.9,5.0,280.0,170,920.0,19.318553,72.851316,53.2
2798.0,CREEK,MAHARASHTRA,22.0,35.0,BDL,4.6,6.3,7.9,14540.0,66760.0,8,60,0.8,3.6,21.0,130.0,140,540.0,19.74137,72.711521,40.0
2799.0,CREEK,MAHARASHTRA,22.0,35.0,BDL,6.7,6.5,8.0,103.0,67690.0,4,55,0.3,3.1,17.0,350.0,70,920.0,19.800635,72.684874,59.0
2800.0,CREEK,MAHARASHTRA,22.0,35.0,3.4,6.8,6.5,8.6,101.0,57800.0,4,14,0.3,4.5,13.0,110.0,84,280.0,19.775596,72.755901,53.2
2801.0,CREEK,MAHARASHTRA,25.0,30.0,3.4,5.4,7.1,8.1,1256.0,66530.0,6,16,0.4,1.7,17.0,70.0,140,350.0,19.965659,72.779863,53.2
2802.0,CREEK,MAHARASHTRA,25.0,30.0,3.8,7.2,7.3,7.9,68.0,66540.0,3,15,0.1,1.7,8.0,94.0,33,350.0,19.972691,72.717154,54.0
2803.0,CREEK,MAHARASHTRA,28.0,29.0,4.5,7.1,6.5,8.7,92.0,23840.0,3,11,0.1,2.8,17.0,79.0,33,350.0,19.034286,73.082422,53.2
2804.0,CREEK,MAHARASHTRA,26.0,31.0,3.4,7.1,6.8,7.9,75.0,55880.0,1.8,14,0.23,3.82,4.0,920.0,40,920.0,17.579149,73.426908,50.0
2439.0,CREEK,ODISHA,20.0,29.0,6,8.1,7.3,8.2,31390.0,49630.0,0.2,1.6,0.12,0.39,2.0,350.0,2,16000.0,19.793145,85.823008,79.2
2440.0,CREEK,ODISHA,20.0,32.0,5.8,8.4,7.1,8.2,32160.0,48750.0,0.3,1.4,0.14,0.93,2.0,2.0,2,140.0,20.297233,86.711367,78.0
2441.0,CREEK,ODISHA,11.0,26.0,6.5,8.8,7.3,8.2,32470.0,48246.0,0.2,2.5,0.19,1.01,2.0,330.0,2,790.0,19.256114,84.908246,79.2
3961.0,CREEK,ODISHA,21.0,33.0,3.8,7.8,6.8,8.1,896.0,25710.0,1.3,4.2,0.14,2.28,220.0,5400.0,230,9200.0,20.289536,86.649164,46.2
4349.0,MARINE,ANDHRA PRADESH,19.0,30.0,4.2,7,7.3,8.3,30100.0,62086.0,1,4,0.44,2.88,4.0,11.0,28,120.0,18.0783,83.664886,54.2
4352.0,MARINE,ANDHRA PRADESH,25.0,37.0,4.5,7.2,6.8,8.1,32100.0,67820.0,1.2,6,0.36,1.85,4.0,11.0,63,110.0,18.031067,83.602401,54.2
4371.0,MARINE,ANDHRA PRADESH,25.0,32.0,4.5,8.6,6.4,8.2,29000.0,56470.0,1.2,2.6,0.44,1.18,4.0,9.0,93,120.0,16.319709,81.70582,40.0
4378.0,MARINE,ANDHRA PRADESH,25.0,28.0,4.3,5.7,7.6,7.9,32850.0,56150.0,2.2,3,0.72,2.06,3.0,4.0,150,1600.0,16.242517,81.241292,55.0
4383.0,MARINE,ANDHRA PRADESH,20.0,25.0,3.9,5.9,7.4,8.5,14420.0,57900.0,2.2,24,0.46,1.32,3.0,4.0,120,1600.0,15.877884,80.652347,53.2
4385.0,MARINE,ANDHRA PRADESH,25.0,30.0,4.6,6,7.0,8.2,31200.0,52850.0,2.3,3,0.32,0.82,3.0,10.0,210,1600.0,15.419125,80.168512,54.2
4386.0,MARINE,ANDHRA PRADESH,23.0,30.0,4.3,5.7,7.1,8.3,28000.0,58900.0,2.2,3.8,0.36,0.93,3.0,4.0,150,1600.0,15.780704,80.411638,54.2
4387.0,MARINE,ANDHRA PRADESH,18.0,23.0,3.8,6,7.2,8.1,19000.0,52700.0,2,3.6,0.42,0.97,3.0,4.0,210,1600.0,14.252922,80.110153,54.2
2805.0,MARINE,MAHARASHTRA,24.0,35.0,3.2,7,6.7,8.0,99.0,60880.0,3,17,0.2,4.5,23.0,920.0,63,1600.0,19.452095,72.747609,50.0
2806.0,MARINE,MAHARASHTRA,24.0,35.0,BDL,4.9,6.9,7.8,231.0,60750.0,7,50,0.6,4.4,33.0,920.0,140,920.0,19.28193,72.783267,54.7
2807.0,MARINE,MAHARASHTRA,22.0,36.0,BDL,6.5,6.5,8.4,160.0,67400.0,4,470,0.8,9.8,21.0,79.0,70,350.0,19.789433,72.68845,59.0
2808.0,MARINE,MAHARASHTRA,25.0,32.0,3.1,5.1,6.6,7.7,609.0,66330.0,8,20,0.9,2.2,110.0,17000.0,430,54000.0,18.922538,72.823514,44.0
2809.0,MARINE,MAHARASHTRA,26.0,32.0,3.4,5.4,6.7,7.6,18470.0,66680.0,6,15,1.1,1.6,70.0,1600.0,350,1600.0,18.950337,72.803241,48.0
2810.0,MARINE,MAHARASHTRA,25.0,33.0,BDL,4.9,6.9,7.7,15870.0,66460.0,9,16,0.9,12.5,49.0,1600.0,540,1600.0,18.982292,72.808923,64.0
2811.0,MARINE,MAHARASHTRA,26.0,33.0,BDL,6.4,6.8,7.7,229.0,64680.0,4,45,0.4,1.8,49.0,1600.0,220,1600.0,19.026945,72.834925,64.0
2812.0,MARINE,MAHARASHTRA,24.0,39.0,3.8,7.6,6.2,8.2,180.0,65600.0,3,14,0.2,1.6,33.0,1600.0,110,1600.0,19.089151,72.826028,33.0
2813.0,MARINE,MAHARASHTRA,24.0,30.0,4.2,7.1,6.8,7.9,17780.0,59320.0,2.4,11,0.09,3.89,11.0,920.0,220,1600.0,17.147195,73.26473,50.0
2814.0,MARINE,MAHARASHTRA,24.0,30.0,4,6.9,7.1,7.9,17260.0,56120.0,2.2,14,0.06,4.1,14.0,84.0,210,920.0,16.997318,73.272523,54.0
2815.0,MARINE,MAHARASHTRA,24.0,30.0,4.3,6.8,6.9,8.1,334.0,57750.0,2.8,12,0.05,3.2,9.0,920.0,170,1600.0,16.989085,73.284499,49.2
4361.0,SEA,ANDHRA PRADESH,27.0,34.0,5.4,6.6,6.8,8.2,300.0,50800.0,1.6,2.8,0.63,2.47,4.0,20.0,63,460.0,17.076024,82.335507,78.0
4362.0,SEA,ANDHRA PRADESH,26.0,34.0,0.7,5.8,6.7,8.1,645.0,74900.0,BDL,3.6,0.76,4.19,7.0,15.0,69,210.0,16.970619,82.280728,54.2
4363.0,SEA,ANDHRA PRADESH,27.0,33.0,1,7.5,6.9,8.1,14310.0,61090.0,1.1,4.6,1.24,3.1,7.0,15.0,93,210.0,16.957749,82.269867,54.2
2165.0,SEA,MAHARASHTRA,25.0,32.0,3.2,5,6.9,7.7,18250.0,65760.0,9,16,0.8,4.0,33.0,1600.0,540,1600.0,18.92178,72.834732,48.0
2166.0,SEA,MAHARASHTRA,25.0,34.0,3.2,4.9,7.0,7.9,18290.0,66240.0,8,17,0.9,1.7,46.0,1600.0,210,1600.0,18.949037,72.819111,48.0
2167.0,SEA,MAHARASHTRA,26.0,34.0,3.2,4.8,6.9,7.9,18500.0,66760.0,9,16,0.31,2.0,49.0,920.0,240,1600.0,18.997883,72.811319,50.0
2169.0,SEA,MAHARASHTRA,24.0,39.0,3.8,7.2,6.4,8.2,182.0,65470.0,3,14,0.2,1.5,11.0,1600.0,40,1600.0,19.133791,72.810349,33.0
10047.0,NALLAH,TAMIL NADU,35.0,35.0,3.2,3.2,7.3,7.4,2370.0,3260.0,21,24,3.05,6.5,2.0,3500.0,210,16000.0,13.099796,80.196273,48.0
10048.0,NALLAH,TAMIL NADU,32.0,36.0,BDL,3.4,7.1,7.4,1186.0,3090.0,20,26,1,9.3,2.0,270.0,110,2200.0,13.086538,80.234507,72.0
20004.0,STP,ANDHRA PRADESH,25.0,30.0,2.1,8,6.7,8.1,,,8,27,,,11.0,21.0,150,1100.0,16.991222,81.790125,55.4
20013.0,STP,GOA,,,,,5.9,8.3,,,3.2,700,,,24000000.0,24000000.0,54000000,54000000.0,15.482447,73.81748,
20015.0,STP,GUJARAT,25.0,28.0,,,7.1,8.0,,,19,159,,,33.0,1600.0,350,1600.0,23.00557,72.583329,
20016.0,STP,GUJARAT,28.0,30.0,,,7.1,7.5,,,24,109,,,46.0,1600.0,350,1600.0,22.990861,72.533077,
20017.0,STP,KERALA,,,,,6.9,8.6,,,20,380,,,,,,,9.419602,77.065306,
20018.0,STP,ODISHA,,,,,6.7,7.1,,,3.5,200.5,,,54000.0,160000.0,54000,160000.0,20.473086,85.848652,
20019.0,STP,ODISHA,,,,,6.9,7.8,,,14.5,172.7,,,2.0,160000.0,2,160000.0,19.812635,85.797951,
20020.0,STP,ODISHA,,,,,6.8,7.5,,,17.3,84.1,,,24000.0,160000.0,54000,160000.0,20.951944,85.24,
20021.0,STP,PUNJAB,,,,,7.2,7.4,,,28,120,,,,,,,31.274476,75.591422,
20022.0,STP,PUNJAB,23.0,34.0,,,6.2,7.6,,,38,173,,,11000.0,11000.0,,,31.06944,75.7816,
20023.0,STP,PUNJAB,18.0,27.0,,,6.6,7.6,,,26,261,,,28000.0,28000.0,,,30.934096,75.79425,
20024.0,STP,PUNJAB,24.0,34.0,,,6.8,7.7,,,75,243,,,,,,,31.528404,75.612356,
20025.0,STP,PUNJAB,,,,,6.8,7.9,,,26,114,,,,,,,31.245564,75.761199,
20026.0,STP,PUNJAB,,,,,7.8,8.9,,,26,83,,,,,,,30.998154,75.79065,
20027.0,STP,PUNJAB,,,,,6.8,8.1,,,34,118,,,,,,,31.366672,75.379655,
20028.0,STP,PUNJAB,,,,,7.1,7.9,,,26,98,,,,,,,31.215153,75.190901,
20032.0,STP,TAMIL NADU,28.0,33.0,5.3,5.5,7.2,8.7,2240.0,2520.0,5,10,0.55,0.95,2.0,2.0,2,140.0,13.035832,80.193265,63.8
20033.0,STP,TAMIL NADU,30.0,33.0,BDL,BDL,7.1,7.4,1641.0,1696.0,10,27,,,2.0,270.0,460,1700.0,12.9566,80.23435,61.8
20034.0,STP,TAMIL NADU,26.0,36.0,5.5,5.5,7.4,7.7,334.0,334.0,5,15,3.05,3.05,2.0,260.0,140,2200.0,13.138808,80.260799,77.8
20035.0,STP,TAMIL NADU,26.0,33.0,1.8,1.8,7.4,7.7,2270.0,2270.0,5,13,1.05,1.05,2.0,330.0,200,2400.0,13.0642,80.200156,54.0
20038.0,STP,TAMIL NADU,29.0,29.0,,,7.1,7.8,1496.0,1496.0,0.9,83,3.81,3.81,27.0,630.0,79,1700.0,11.338655,77.74513,57.3
20040.0,STP,TAMIL NADU,30.0,30.0,,,7.3,7.5,1218.0,1249.0,33,50,3.13,9.0,610.0,630.0,1500,1700.0,10.783566,78.696665,57.3
20041.0,STP,TAMIL NADU,,,,,7.6,7.6,,,6,24,,,170.0,2200.0,350,4100.0,10.955411,78.055554,
20043.0,STP,TAMIL NADU,30.0,30.0,,,7.3,7.5,1218.0,1249.0,33,50,3.11,8.8,610.0,630.0,1500,1700.0,10.822062,78.688706,57.3
20044.0,STP,TAMIL NADU,30.0,30.0,,,6.7,6.9,1332.0,1349.0,70,70,0.76,2.0,1200.0,1700.0,2800,3200.0,10.786359,79.157779,51.0
20045.0,STP,TAMIL NADU,26.0,26.0,,,6.8,6.8,1048.0,1048.0,2.5,2.5,0.4,0.4,1700.0,1700.0,7000,7000.0,8.707446,77.742528,64.3
20047.0,STP,TAMIL NADU,30.0,32.0,,,6.9,7.1,1383.0,1414.0,75,80,1.95,8.2,1100.0,1400.0,2600,3400.0,10.78627,79.15819,54.7
20048.0,STP,UTTARAKHAND,19.0,21.0,9.2,10.2,7.9,8.1,105.0,292.0,1,1,,,40.0,60.0,110,170.0,30.116167,78.310696,74.1
20049.0,STP,UTTARAKHAND,19.0,28.0,8.8,10.2,7.8,8.4,272.0,390.0,1,1,,,40.0,70.0,90,170.0,30.053389,78.259472,74.1
3041.0,WTP,DELHI,,,8.6,8.6,7.8,8.0,351.0,527.0,1.2,1.2,0.04,7.38,1300.0,1700.0,2400,2800.0,28.717325,77.232284,74.0
3042.0,WTP,DELHI,,,9.8,9.8,7.7,7.8,149.0,225.0,BDL,BDL,BDL,1.9,230.0,7000.0,1100,7900.0,28.709748,77.246467,66.7
3043.0,WTP,DELHI,,,8.6,8.6,7.8,8.0,351.0,527.0,1.2,1.2,0.04,7.38,1300.0,1700.0,2400,2800.0,28.694234,77.226118,74.0
3044.0,WTP,DELHI,,,7.8,7.8,7.4,7.6,189.0,280.0,BDL,1.7,1.91,1.91,170.0,3500.0,2200,5400.0,28.671142,77.049299,74.0
3045.0,WTP,DELHI,,,10.2,10.2,7.6,7.6,239.0,239.0,1.1,1.1,5.12,5.12,35000.0,35000.0,35000,35000.0,28.721325,77.140314,70.0
3046.0,WTP,DELHI,,,7.9,7.9,7.2,7.7,186.0,333.0,2.5,2.5,BDL,1.41,14.0,16000.0,25,16000.0,28.600367,77.061682,70.0
3047.0,WTP,HARYANA,,,,,7.1,7.5,209.0,322.0,1.8,3.2,0.41,0.71,170.0,2800.0,330,16000.0,28.461753,76.971806,65.3
3050.0,WTP,UTTAR PRADESH,,,,,7.1,7.5,164.0,751.0,BDL,BDL,0.4,2.1,2.0,3300.0,2,4900.0,28.643984,77.405794,60.0
,,,,,,,,,,,,,,,,,,,,,
