STATION CODE,STATE,TEMPERATURE_Min,TEMPERATURE_Max,DO_Min,DO_MAX,pH_Min,PH_Max,CONDUCTIVITY_Min,CONDUCTIVITY_Max,BOD_Min,BOD_Max,NITRATE_NITRATE_Min,NITRATE_NITRATE_Max,FECALCOLIFORM_Min,FECALCOLIFORM_Max,TOTALCOLIFORM_Min,TOTALCOLIFORM_Max,FecalStreptococci_Min,FecalStreptococci_Max,Unnamed: 20,Latitude,Longitude
1001,HIMACHAL PRADESH,3,13,8.7,11.5,7.5,8.1,61,119,BDL,BDL,BDL,0.66,11,58,32,280,2,2,,32.237794,77.190564
4444,HIMACHAL PRADESH,3,12,8,10.6,6.5,8.2,47,94,BDL,1,BDL,1.12,26,94,170,350,2,2,,32.235933,77.190982
4037,HIMACHAL PRADESH,3,13,8.5,11.4,6.5,8.2,59,845,BDL,1,BDL,0.84,2,58,12,240,2,2,,32.254308,77.181865
2601,HIMACHAL PRADESH,1,13,8.5,10.8,6.7,8.0,66,720,BDL,1,BDL,0.81,21,84,110,350,2,2,,32.263247,77.185664
2602,HIMACHAL PRADESH,4,18,8.5,10.6,7.2,8.0,57,920,BDL,1,BDL,0.7,23,120,140,430,2,2,,31.958136,77.115783
4445,HIMACHAL PRADESH,4,20,8.5,10.2,7.3,7.9,60,139,BDL,1,BDL,1.16,32,220,130,920,2,2,,31.956695,77.114211
1002,HIMACHAL PRADESH,4,18,8.5,10,7.4,7.9,65,156,BDL,1,BDL,0.94,17,150,150,540,2,2,,31.963639,77.116392
1003,HIMACHAL PRADESH,5,12,8.4,9.9,7.1,7.8,51,141,BDL,1,BDL,1.19,21,94,94,350,2,2,,31.740194,77.207533
1004,HIMACHAL PRADESH,17,23,7.6,10.5,7.1,8.0,62,153,BDL,1,BDL,0.81,22,49,94,220,2,2,,31.669367,77.064236
2603,HIMACHAL PRADESH,17,22,8.4,10.3,7.6,8.0,81,147,BDL,1,BDL,0.81,23,79,94,350,2,2,,31.686472,77.045619
1005,HIMACHAL PRADESH,14,24,8.1,9.7,7.4,8.5,84,205,BDL,1,BDL,0.51,23,79,110,350,2,2,,31.422647,76.812947
1550,HIMACHAL PRADESH,17,22,8.3,9.9,7.1,8.2,71,176,BDL,1,BDL,0.95,21,49,94,170,2,2,,31.705853,76.934903
1006,HIMACHAL PRADESH,9,23,8.5,10.3,7.3,8.6,62,1582,BDL,1.2,BDL,1.48,13,350,220,1600,2,4,,31.712408,76.933089
2604,HIMACHAL PRADESH,11,24,8.5,9.2,7.7,8.2,112,378,BDL,1,BDL,1.35,2,4,21,49,2,2,,31.880753,76.614514
1007,HIMACHAL PRADESH,12,32,8.7,9.4,7.5,8.2,148,347,BDL,1,BDL,2.34,2,4,21,48,2,2,,31.83865,76.505144
3855,HIMACHAL PRADESH,12,26,8,9.4,7.5,8.2,116,393,BDL,1,BDL,1.23,2,4,26,40,2,2,,31.791444,76.345222
1009,HIMACHAL PRADESH,11.5,27.5,5.2,9.2,6.8,8.0,172,309,BDL,1,BDL,1.16,2,2,31,79,2,2,,31.935022,76.053444
1008,HIMACHAL PRADESH,13,27,8.6,9.3,7.6,8.1,135,362,BDL,1,BDL,1.59,2,2,21,58,2,2,,31.878094,76.203311
4435,HIMACHAL PRADESH,12.2,26,8.2,9.8,7.1,8.2,151,364,BDL,1,BDL,1.32,2,2,23,47,2,2,,31.834143,76.494413
4436,HIMACHAL PRADESH,12.1,26,8.1,9.7,7.6,8.5,157,478,BDL,1,BDL,1.5,2,2,26,79,2,2,,31.838933,76.510001
4437,HIMACHAL PRADESH,7.6,28,8.2,9.9,7.3,8.3,199,587,BDL,1,BDL,0.97,2,2,22,48,2,2,,31.783778,76.339531
4438,HIMACHAL PRADESH,10,29,7.8,9.9,7.5,8.3,163,336,BDL,1,0.3,1.35,2,4,31,58,2,2,,31.773095,76.315363
4443,HIMACHAL PRADESH,3,13,8.5,11.5,7.2,8.0,52,136,BDL,1,BDL,0.75,31,70,170,280,2,2,,32.055762,77.135767
30083,INTER-STATE,23,23,9.2,9.2,8.1,8.1,194,194,1,1,BDL,1.66,2,2,31,31,-,-,,31.992975,76.104857
30084,INTER-STATE,33,33,8.1,8.1,7.2,7.2,244,244,1,1,BDL,1.4,92,92,220,220,-,-,,31.958888,75.873028
1693,PUNJAB,8,36,6.9,7.9,7.5,8.1,160,262,1,1.4,BDL,0.7,17,68,84,170,-,-,,31.989016,75.832499
1694,PUNJAB,10,36,6.6,8,7.4,7.9,219,394,1,1.4,0.5,0.8,20,68,70,250,-,-,,32.111503,75.663325
1010,PUNJAB,9,36,7.2,8.1,7.5,8.1,216,380,1,1.5,0.4,0.8,31,170,84,390,-,-,,32.097933,75.611474
1695,PUNJAB,10,35,6.8,7.8,7.4,8.1,232,390,1,1.7,0.4,0.9,58,130,170,490,-,-,,32.093633,75.609725
1294,PUNJAB,16.5,32.4,6.1,7.9,7.6,8.0,218,365,1,1.6,0.4,0.9,78,210,330,490,-,-,,31.923867,75.541467
4164,PUNJAB,17.9,31.3,6.4,8.3,7.6,8.1,213,321,1,1.4,0.5,0.9,78,210,210,490,-,-,,31.910587,75.54461
1011,PUNJAB,10,36,6.8,8.5,7.8,8.1,205,300,1,1.5,0.5,0.8,63,360,140,610,-,-,,31.51012,75.304936
1012,PUNJAB,11,33,7.1,8.8,7.6,8.1,197,270,1,1.3,BDL,0.7,78,210,220,490,-,-,,31.374996,75.162691
1696,PUNJAB,10,32,0.3,8.9,7.8,8.1,190,268,1,1.3,BDL,0.7,68,200,150,450,-,-,,31.385361,75.176625
1697,PUNJAB,14,34,7.3,9.1,7.7,8.2,192,280,1,1.2,BDL,0.8,70,210,170,480,-,-,,31.508844,75.307539
3866,HIMACHAL PRADESH,3,11,8.8,11.2,7.0,8.5,29,430,BDL,1,BDL,0.73,12,46,46,210,2,2,,32.254608,77.18548
3867,HIMACHAL PRADESH,5,18,8.7,10.7,7.0,7.8,119,187,BDL,BDL,0.35,0.58,-,-,0.35,0.58,23,63,,31.959208,77.113219
3868,HIMACHAL PRADESH,3,11,8.9,11.2,6.9,8.1,39,110,BDL,BDL,0.37,0.66,-,-,0.37,0.66,21,58,,32.138571,77.153347
1867,HIMACHAL PRADESH,6,9,9,9.5,7.2,8.4,962,4420,BDL,BDL,BDL,0.5,20,94,140,540,-,-,,31.804453,78.643214
2611,HIMACHAL PRADESH,6,9,9,9.6,7.2,8.4,355,3351,BDL,BDL,BDL,0.72,17,120,140,540,-,-,,31.798494,78.639769
3872,HIMACHAL PRADESH,7,11,7.8,9.4,7.6,8.4,228,3843,BDL,1,BDL,0.96,7,84,210,540,2,2,,31.575155,78.445304
4448,HIMACHAL PRADESH,7,11,8.1,9.4,7.4,8.5,348,4317,BDL,1,BDL,0.61,7,39,170,430,2,2,,31.590541,78.441513
4449,HIMACHAL PRADESH,7,11,8,9.3,7.7,8.5,338,4235,BDL,1,BDL,0.55,11,54,170,540,2,2,,31.582156,78.428551
4452,HIMACHAL PRADESH,7,12,8.5,9.6,7.5,8.7,170,4165,BDL,1,BDL,0.47,9,79,170,920,2,2,,31.498702,78.207331
3871,HIMACHAL PRADESH,7,12,8.2,9,7.5,8.4,359,4304,BDL,1,BDL,0.56,7,47,130,540,2,2,,31.599289,78.304295
3870,HIMACHAL PRADESH,8,12,8,9,7.8,8.6,124,4180,BDL,1,BDL,0.58,5,70,49,920,2,2,,31.500595,78.176732
1389,HIMACHAL PRADESH,8,12,8,9,7.3,8.3,161,3698,BDL,1.4,BDL,0.69,14,110,140,920,2,2,,31.859386,77.165125
3869,HIMACHAL PRADESH,8,15,8.2,8.7,7.3,8.4,145,3828,BDL,1.1,0.26,1.06,11,700,180,920,2,14,,31.399332,77.589413
1086,HIMACHAL PRADESH,8,14,8.4,9.1,7.4,8.4,152,2923,BDL,1.1,BDL,0.56,22,150,140,920,2,2,,31.448039,77.628283
1087,HIMACHAL PRADESH,8.9,14,5,9.2,7.1,8.4,147,3759,BDL,1.6,BDL,0.92,2,170,39,1600,2,4,,31.432236,77.622567
1013,HIMACHAL PRADESH,9,15,8,8.9,7.4,8.4,158,3745,BDL,1,BDL,0.56,11,79,280,920,2,9,,31.247458,77.088208
4446,HIMACHAL PRADESH,8,14,8.4,9.2,7.3,8.5,148,3721,BDL,1.6,BDL,0.91,13,45,130,920,2,6,,31.448534,77.63401
4447,HIMACHAL PRADESH,8,14,8.3,9,7.5,8.4,141,3763,BDL,6,BDL,1.03,4,110,13,1600,2,9,,31.443072,77.627852
1014,HIMACHAL PRADESH,14,23,8.3,9.6,7.4,8.4,85,221,BDL,1,BDL,0.51,22,84,94,280,2,2,,31.421014,76.837836
1015,HIMACHAL PRADESH,14,24,7.9,9.2,7.5,8.2,90,200,BDL,1,BDL,4.68,23,110,94,350,2,2,,31.412833,76.874881
1016,HIMACHAL PRADESH,15,23.4,7.7,9.8,7.1,8.2,137,310,BDL,1,BDL,1.21,2,4,21,84,2,2,,31.425772,76.421883
4032,HIMACHAL PRADESH,15,23,7.5,9.8,7.7,8.6,77,406,BDL,1,BDL,1.24,23,150,94,350,2,2,,31.339444,76.751667
4033,HIMACHAL PRADESH,16,22,8.2,10.6,7.4,8.3,173,400,BDL,1.2,BDL,2.53,23,170,120,540,2,2,,31.358333,76.760278
4450,HIMACHAL PRADESH,7,13,8.4,9.7,7.7,8.4,111,3774,BDL,1,BDL,0.56,8,36,70,920,2,2,,31.547992,77.792487
4451,HIMACHAL PRADESH,7,13,8.4,9.8,7.7,8.3,140,3810,BDL,1,BDL,0.66,11,42,79,920,2,2,,31.536062,77.777423
30009,INTER-STATE,,,8.9,10.2,7.0,8.0,223,1871,1,1.4,0.41,0.61,13,680,33,3300,7,45,,31.407469,76.389551
30010,INTER-STATE,,,9.1,9.8,7.3,8.1,221,1888,1,1,0.31,0.51,8,1100,170,7000,23,70,,31.035309,76.52233
30087,INTER-STATE,24,24,8.9,8.9,7.1,7.1,181,181,1,1,-,-,2,2,34,34,-,-,,31.41804,76.393821
1814,PUNJAB,11,29,7,10.6,7.3,8.4,194,306,1,1,1.1,2.69,82,230,250,700,-,-,,31.182044,76.563547
2915,PUNJAB,12,24,7.5,10.3,7.5,8.5,196,377,1,1.2,1.2,2.61,20,93,140,340,-,-,,31.370617,76.359056
1380,PUNJAB,12,23,8,9.9,7.7,10.2,190,376,1,1,1,3.2,20,110,140,330,-,-,,31.356053,76.372837
10020,PUNJAB,12,28,7.6,10,7.4,8.8,225,369,1,1,1.2,3.98,82,220,310,490,-,-,,31.213915,76.501458
10021,PUNJAB,12,19,7.4,10.5,7.6,8.5,190,271,1,1.2,1.3,1.86,100,260,330,630,-,-,,31.003962,76.151872
10022,PUNJAB,14,37,6.4,7.4,7.0,7.4,232,320,1,4,BDL,0.9,120,1700,280,4900,-,-,,30.996977,75.786695
10023,PUNJAB,15,37,1.2,4,6.9,7.4,717,962,3.6,16,0.4,0.72,170,4000,790,11000,-,-,,31.271047,75.690923
10024,PUNJAB,15,36,0.3,1,7.1,7.4,1003,1104,10,20,0.8,1.6,700,13000,2600,33000,-,-,,31.207777,75.610449
10027,PUNJAB,11,25,5.2,9.6,7.3,8.4,211,391,1,1.4,1.3,3.25,100,790,580,3500,-,-,,30.993962,75.795903
10028,PUNJAB,13,28,0.3,6.8,6.7,7.7,243,1219,2,27,1.2,579,33000,330000,94000,840000,-,-,,30.996657,75.788897
1017,PUNJAB,12,23,7.3,10.4,7.3,8.3,192,349,1,1,1,2.44,18,78,100,230,-,-,,31.380831,76.367228
1018,PUNJAB,11,24,7.9,10.2,7.3,8.5,187,302,1,1,1.2,2.41,11,110,170,330,-,-,,31.375996,76.364695
1293,PUNJAB,11,22,6.5,9.9,7.3,8.5,204,421,1,1,1.2,2.56,170,780,580,2100,-,-,,30.984964,76.4672
1019,PUNJAB,11,19,6.4,10.2,7.4,8.5,213,341,1,1.6,1.2,3.18,130,460,470,1700,-,-,,31.379027,76.372115
1690,PUNJAB,11,27,6.3,9,7.4,8.0,221,436,1,3,1.3,2.6,170,1700,700,6300,-,-,,30.922369,75.919469
1020,PUNJAB,13,31,0.3,4.1,6.6,7.6,306,1410,5,38,1.4,5.96,70000,1400000,170000,2200000,-,-,,30.975026,75.608293
1022,PUNJAB,11,29,4.1,7.2,6.8,8.2,264,438,1.2,4.2,1.1,3.74,260,2100,1100,7900,-,-,,31.139816,74.936455
10025,PUNJAB,15,36,0.3,0.3,7.1,7.4,1060,1124,42,68,1.4,2.6,9300,46000,28000,94000,-,-,,31.216777,75.597842
10026,PUNJAB,13,38,0.3,0.3,7.1,7.5,1058,1205,48,75,1,3.1,11000,46000,58000,110000,-,-,,31.34787,75.337827
1021,PUNJAB,12,30,1.8,5.8,6.9,8.2,292,642,1.8,14,1.1,2.4,11000,140000,58000,280000,-,-,,30.99775,75.371988
1381,PUNJAB,13,31,0.3,5.6,6.9,8.0,287,939,2.2,15,1.1,2.66,22000,110000,84000,540000,-,-,,31.01532,75.715315
1691,PUNJAB,11,30,6.2,11.8,7.5,8.5,227,269,1,1.4,1.1,2.45,92,400,580,1200,-,-,,30.995289,74.552492
1692,PUNJAB,10,39,6.4,11.6,7.4,8.5,229,268,1,1.5,1.1,2.3,110,400,610,1000,-,-,,30.99008,74.54847
1088,HIMACHAL PRADESH,10,32,6.9,9,6.9,7.9,118,265,BDL,1,BDL,1.16,2,4,22,63,2,2,,32.492399,76.176291
1089,HIMACHAL PRADESH,3,16,8,9.5,7.3,8.0,101,281,BDL,1,BDL,6.2,2,2,20,33,2,2,,32.555144,76.121039
2614,HIMACHAL PRADESH,3,20,8.1,9.4,7.6,7.8,123,232,BDL,1,BDL,1.21,2,4,25,110,2,2,,32.6083,76.013308
2615,HIMACHAL PRADESH,3,16,8.2,9.8,7.3,8.0,101,303,BDL,1,BDL,3.1,2,2,21,46,2,2,,32.596661,75.992383
2613,HIMACHAL PRADESH,3,16,7.8,9.5,6.8,7.8,127,328,BDL,1,BDL,2.09,2,4,26,41,2,2,,32.57045,76.119792
30085,INTER-STATE,33,33,8.1,8.1,7.8,7.8,159,159,1,1,BDL,0.5,20,20,94,94,-,-,,32.373092,75.604553
1097,PUNJAB,6,34,7.9,8.6,7.4,8.1,138,212,1,1.2,BDL,0.6,18,81,61,170,-,-,,32.372983,75.61039
4059,JAMMU & KASHMIR,21,21,7.6,7.6,7.6,7.6,198,198,BDL,BDL,BDL,BDL,-,-,-,-,-,-,,32.495603,75.821496
4082,JAMMU & KASHMIR,22,22,6.2,6.2,8.1,8.1,339,339,1.8,1.8,-,-,BDL,BDL,BDL,BDL,-,-,,32.371085,75.566168
4061,JAMMU & KASHMIR,22,22,7.5,7.5,7.8,7.8,264,264,BDL,BDL,BDL,BDL,-,-,-,-,-,-,,32.379336,75.59833
1290,HIMACHAL PRADESH,3,11,8.5,10.6,6.7,7.6,34,100,BDL,1,BDL,0.53,21,70,70,220,2,2,,31.896167,77.147692
2605,HIMACHAL PRADESH,1,10,8.1,11.4,6.8,8.2,31,930,BDL,1,BDL,0.57,13,33,63,140,2,2,,32.027531,77.348536
2606,HIMACHAL PRADESH,1,10,7.9,11.4,6.8,7.6,35,91,BDL,1,BDL,0.61,17,40,70,170,2,2,,32.019789,77.331117
1090,HIMACHAL PRADESH,6,15,8.6,10.5,7.3,8.0,53,860,BDL,1,BDL,0.67,17,79,94,280,2,2,,31.701264,77.169233
1551,HIMACHAL PRADESH,17,30,5.8,8.5,6.6,8.0,281,924,BDL,2.2,-,-,4,21,17,49,2,2,,30.919003,76.806214
1552,HIMACHAL PRADESH,18,35,5.6,9.8,7.4,8.2,484,12290,BDL,1.8,-,-,11,49,32,220,2,2,,30.915403,76.791131
1868,HIMACHAL PRADESH,18,36,5.8,9.9,7.1,8.2,423,1246,1,2.8,-,-,9,22,26,110,2,2,,30.998567,76.738231
2616,HIMACHAL PRADESH,3,18,8.2,9.4,7.3,7.9,129,246,BDL,1,BDL,1.25,2,2,21,63,2,2,,32.721486,76.089586
2607,HIMACHAL PRADESH,16,22,8.2,9.9,7.7,8.6,210,342,BDL,1,BDL,2.7,38,1600,280,1600,2,2,,31.756389,76.936111
2608,HIMACHAL PRADESH,11,23,7.3,9.2,7.5,8.0,94,163,BDL,1,BDL,1.09,2,4,21,110,2,2,,32.052972,76.649286
2609,HIMACHAL PRADESH,10,30,8.6,9.1,7.5,8.1,111,284,BDL,1,BDL,1.59,2,2,17,47,2,2,,31.908625,76.466739
2610,HIMACHAL PRADESH,6,8,9.4,9.9,7.4,8.4,357,2900,BDL,BDL,BDL,0.95,11,120,130,350,-,-,,31.806619,78.641953
2612,HIMACHAL PRADESH,6,11,9.2,9.8,7.5,8.5,138,3651,BDL,1,BDL,0.64,2,46,33,350,2,2,,31.389297,78.353714
2755,JAMMU & KASHMIR,11,23,6.1,7.5,8.2,8.7,280,380,1.1,4.2,BDL,0.78,-,-,-,-,-,-,,32.983326,74.90052
2756,JAMMU & KASHMIR,11,24,6.1,7.7,8.4,8.6,300,342,1.4,5.6,BDL,0.79,-,-,-,-,-,-,,33.072819,74.834372
2752,JAMMU & KASHMIR,15,22,6.4,7.4,8.4,8.5,210,340,1,1.6,BDL,0.72,-,-,-,-,-,-,,32.635833,75.170278
2748,JAMMU & KASHMIR,13,16,8.2,9,7.8,8.1,126,180,BDL,BDL,BDL,BDL,-,-,-,-,-,-,,33.151325,74.882478
2749,JAMMU & KASHMIR,13,16,8,9.1,7.7,8.1,128,180,BDL,BDL,BDL,BDL,-,-,-,-,-,-,,32.956944,74.961389
2750,JAMMU & KASHMIR,13,16,8,9.1,7.6,8.1,128,183,BDL,BDL,BDL,BDL,-,-,-,-,-,-,,33.013333,74.774167
2751,JAMMU & KASHMIR,13,16,8.3,8.3,8.1,8.2,104,184,BDL,BDL,BDL,BDL,-,-,-,-,-,-,,32.895309,74.740171
2754,JAMMU & KASHMIR,16,24,5,6.7,7.3,7.9,430,540,3,7.2,0.3,1.9,-,-,-,-,-,-,,32.920611,75.125547
2757,JAMMU & KASHMIR,16,20,8.1,8.2,8.6,8.8,386,400,BDL,BDL,BDL,BDL,-,-,-,-,-,-,,32.571694,75.111288
2742,JAMMU & KASHMIR,14,23,7.7,9.1,7.4,8.2,100,286,BDL,BDL,BDL,BDL,-,-,-,-,-,-,,32.804021,74.923034
2743,JAMMU & KASHMIR,14,23,7.3,9,7.2,8.3,110,373,BDL,BDL,BDL,BDL,-,-,-,-,-,-,,32.724181,74.875506
1412,JAMMU & KASHMIR,14.2,25,5.2,6.8,7.8,8.6,440,650,2,2.5,BDL,0.47,-,-,-,-,-,-,,32.721426,74.85681
2744,JAMMU & KASHMIR,14,24,6.5,8.2,7.2,8.7,114,380,1.5,2.8,BDL,BDL,-,-,-,-,-,-,,32.72058,74.857312
2745,JAMMU & KASHMIR,14,24,5.2,8,7.7,8.9,120,705,3,8.5,BDL,0.3,-,-,-,-,-,-,,32.720904,74.835609
2746,JAMMU & KASHMIR,14,24,7.2,8.5,7.5,8.7,116,353,BDL,1,BDL,BDL,-,-,-,-,-,-,,32.698334,74.830353
2747,JAMMU & KASHMIR,14,24,7.5,8.6,7.5,8.6,118,350,BDL,BDL,BDL,1,-,-,-,-,-,-,,32.786667,74.978889
1307,JAMMU & KASHMIR,16.9,27,1.5,5.5,7.1,7.5,131,320,2.5,6.8,-,-,-,-,-,-,-,-,,34.078121,74.813495
1306,JAMMU & KASHMIR,15.5,21.5,4.1,6.7,7.0,8.1,123,333,2.0,3.7,-,-,-,-,-,-,-,-,,34.074254,74.807199
1304,JAMMU & KASHMIR,12,22,5.5,8.5,7.2,7.7,156,425,1.3,4.3,-,-,-,-,-,-,-,-,,33.739602,75.134049
1410,JAMMU & KASHMIR,14.8,22,4.7,9.8,7.1,8.8,126,321,1.5,3.3,-,-,-,-,-,-,-,-,,34.07107,74.827465
1411,JAMMU & KASHMIR,14.1,28.1,4.2,6.5,7.1,7.8,125,335,1.7,3.1,-,-,-,-,-,-,-,-,,34.09033,74.784796
3272,JAMMU & KASHMIR,12,18,6.3,8.0,7.1,7.6,270,355,BDL,BDL,-,-,-,-,-,-,-,-,,33.542289,75.253556
3273,JAMMU & KASHMIR,11,23,5,7,7.2,7.7,113,318,1.5,2.0,-,-,-,-,-,-,-,-,,34.202011,75.475319
3274,JAMMU & KASHMIR,11,22.5,4.9,6,7.5,7.6,192,277,1.6,2.1,-,-,-,-,-,-,-,-,,33.922416,75.011699
3275,JAMMU & KASHMIR,10,25.5,4.6,7.7,7.3,7.6,106,312,1.7,2.6,-,-,-,-,-,-,-,-,,34.005819,74.912056
3276,JAMMU & KASHMIR,11.8,25.8,4.3,8.5,7.2,7.6,165,300,1.5,3.0,-,-,-,-,-,-,-,-,,34.207703,74.353433
3277,JAMMU & KASHMIR,12,25.5,5,6.6,7.2,7.7,175,370,1.8,3.2,-,-,-,-,-,-,-,-,,34.208794,74.334486
4053,JAMMU & KASHMIR,11,22,4.9,6.5,7.5,7.6,163,363,1.3,2.0,-,-,-,-,-,-,-,-,,33.788097,75.10493
4054,JAMMU & KASHMIR,1,22,5.2,7,7.3,7.7,106,310,1.8,3.2,-,-,-,-,-,-,-,-,,34.038738,74.883134
3278,JAMMU & KASHMIR,10.1,14.4,7.1,8.7,7.6,7.9,87,141,BDL,BDL,-,-,-,-,-,-,-,-,,34.035358,75.324533
3279,JAMMU & KASHMIR,9.8,14.5,6.8,8.5,7.4,7.9,92,142,BDL,BDL,-,-,-,-,-,-,-,-,,34.021817,75.317388
3280,JAMMU & KASHMIR,10.3,14.8,7.0,8.2,7.2,7.9,80,166,BDL,1.1,-,-,-,-,-,-,-,-,,34.246647,74.767647
3281,JAMMU & KASHMIR,13.0,17.3,7.1,8.9,7.2,8.3,71,122,BDL,BDL,-,-,-,-,-,-,-,-,,34.013002,75.31251
3282,JAMMU & KASHMIR,14,18.7,6.4,8.8,7.3,8.0,88,192,BDL,1.2,-,-,-,-,-,-,-,-,,33.717786,75.091692
4051,JAMMU & KASHMIR,13.2,15.8,7.3,8.8,7.5,7.9,74,110,BDL,1.0,-,-,-,-,-,-,-,-,,34.003293,75.316204
4052,JAMMU & KASHMIR,10.3,14.6,7.3,8.5,7.5,7.9,91,142,BDL,BDL,-,-,-,-,-,-,-,-,,34.017888,75.316001
3283,JAMMU & KASHMIR,6.8,14.2,6.6,8.4,7.2,8.0,136,347,BDL,1.1,-,-,-,-,-,-,-,-,,34.3045,75.292767
3284,JAMMU & KASHMIR,6,14.1,6.9,8.5,7.8,8.0,140,346,BDL,BDL,-,-,-,-,-,-,-,-,,34.307819,75.283686
3285,JAMMU & KASHMIR,11.6,18.4,6.8,8.8,7.7,7.9,147,255,BDL,1.2,-,-,-,-,-,-,-,-,,34.229837,74.762405
3286,JAMMU & KASHMIR,12.5,19.1,6.7,8,7.4,7.7,209,345,1,1.5,-,-,-,-,-,-,-,-,,34.21323,74.768681
3287,JAMMU & KASHMIR,10.2,19.9,5.7,8.7,7.4,7.7,117,283,BDL,1.1,-,-,-,-,-,-,-,-,,34.195508,74.769814
2758,JAMMU & KASHMIR,20,20,7.8,7.8,7.8,7.8,238,238,BDL,BDL,-,-,-,-,-,-,-,-,,32.667971,75.486415
1870,HIMACHAL PRADESH,17,19,5.2,7,6.2,8.1,284,855,BDL,3.8,-,-,7,21,32,70,2,5,,30.83115,76.967303
4161,PUNJAB,11,20,7,10.5,7.5,8.5,239,505,1,1,1.3,3.52,91,370,310,1100,,,,31.057309,76.540857
3856,HIMACHAL PRADESH,22,30,6.5,8.1,7.7,8.0,332,497,BDL,1,0.4,3.71,2,6,33,130,2,2,,31.684629,76.075096
3857,HIMACHAL PRADESH,22,29,6,8.2,7.7,8.0,345,490,BDL,1,0.42,4.14,2,6,41,150,2,2,,31.662493,76.077951
3858,HIMACHAL PRADESH,21,30,6.3,8.3,7.6,8.2,385,773,BDL,1,0.41,2.34,2,4,32,120,2,2,,31.356798,76.310396
3859,HIMACHAL PRADESH,20,30,6.1,9.1,7.7,8.0,338,462,BDL,10,0.41,2.7,2,6,27,240,2,2,,31.482709,76.221968
4030,HIMACHAL PRADESH,21.5,31,6.3,8.2,7.8,8.1,318,526,BDL,1,0.53,3.7,2,4,33,110,2,2,,31.594396,76.144815
4031,HIMACHAL PRADESH,21,28,6.1,8.3,7.6,8.0,326,500,BDL,1,0.47,2.9,2,4,39,130,2,2,,31.576741,76.153032
4433,HIMACHAL PRADESH,20,30,6.1,8.3,7.7,8.3,358,487,BDL,1,0.54,1.6,2,4,34,130,2,2,,31.480187,76.222113
1869,HIMACHAL PRADESH,21,34,7,8.1,7.4,7.9,355,589,BDL,1,0.55,1.81,2,6,39,210,2,2,,31.365081,76.306519
4038,HIMACHAL PRADESH,6,16,8.5,10.1,7.3,8.1,65,257,BDL,1,BDL,0.8,13,40,70,170,2,2,,31.706232,77.261636
2617,HIMACHAL PRADESH,5,16,8.6,9.5,7.4,8.4,51,7578,BDL,1,BDL,0.79,2,27,20,240,2,2,,31.126891,77.74353
2618,HIMACHAL PRADESH,8,19,8,12.8,7.3,8.2,45,8729,BDL,1,BDL,0.72,9,33,76,350,2,2,,31.200297,77.753211
4039,HIMACHAL PRADESH,11,23,7.5,13.8,7.2,8.1,67,1179,BDL,1,BDL,2.06,9,34,84,540,2,13,,31.131481,77.748914
4464,HIMACHAL PRADESH,16,23,8,9.2,7.9,8.8,60,415,BDL,1,BDL,4.95,17,49,110,220,2,2,,31.3725,76.783889
4465,HIMACHAL PRADESH,16,22,7.5,9.1,7.2,8.5,265,565,BDL,1,BDL,0.62,13,38,94,170,2,2,,31.491667,76.873056
4036,HIMACHAL PRADESH,16,19,7.1,8.2,7.0,8.5,279,1862,BDL,1.6,-,-,3,13,14,31,2,2,,31.086917,76.956937
4479,HIMACHAL PRADESH,17,19,5.8,7.8,6.4,9.0,256,636,BDL,2.4,-,-,2,68,10,38,2,2,,30.993685,77.160996
2620,HIMACHAL PRADESH,17,19,5.8,8,6.6,8.6,204,1946,BDL,1.8,-,-,2,14,21,41,2,2,,30.892361,77.210569
4023,HIMACHAL PRADESH,8,18,8.7,9.4,7.2,8.5,76,230,BDL,9.4,BDL,1.13,2,2,21,47,2,2,,32.214684,76.354446
4024,HIMACHAL PRADESH,9,20,8.1,9,7.1,8.4,82,263,BDL,1,BDL,1.06,2,2,24,47,2,2,,32.156344,76.267619
4025,HIMACHAL PRADESH,9,23,7.2,8.9,7.6,8.0,102,181,BDL,1,BDL,1.7,2,2,20,58,2,2,,32.129837,76.545715
4026,HIMACHAL PRADESH,9,24,7.4,9,7.5,8.1,115,154,BDL,1,BDL,0.49,2,2,24,46,2,2,,32.125412,76.544342
4060,JAMMU & KASHMIR,21,21,7.4,7.4,7.5,7.5,196,196,BDL,BDL,BDL,BDL,-,-,-,-,-,-,,32.413614,75.689685
4457,HIMACHAL PRADESH,8,20,6.9,9.1,7.1,7.9,94,206,BDL,1,BDL,1.02,2,2,17,40,2,2,,32.022035,76.228191
4458,HIMACHAL PRADESH,8,20,6.8,9.1,7.1,8.0,94,233,BDL,1,BDL,0.83,2,2,25,46,2,2,,32.005553,76.156208
4460,HIMACHAL PRADESH,9,19.5,7.8,9.2,6.9,8.1,62,110,BDL,1,BDL,1.08,2,2,13,48,2,2,,32.221173,76.329502
4428,HIMACHAL PRADESH,9,25,7.2,8.9,6.9,8.2,80,4306,BDL,5.4,0.39,7.5,13,240,110,1600,2,11,,31.075267,77.153808
4429,HIMACHAL PRADESH,11.5,27,6.8,8.4,6.9,8.1,390,5919,1.8,75,1.04,8.88,70,1600,920,1600,2,22,,31.027695,77.176476
4424,HIMACHAL PRADESH,10,28,7.7,9.5,8.1,8.8,305,3624,BDL,1,BDL,1.87,2,33,11,920,2,2,,31.9513,77.141019
4432,HIMACHAL PRADESH,21,27,6.5,8.1,7.8,8.1,348,764,BDL,1,BDL,1.44,2,4,26,84,2,2,,31.52808,76.161891
4431,HIMACHAL PRADESH,11,28,7.1,10.6,7.4,8.2,132,1976,BDL,1.8,BDL,2.08,14,1600,150,1600,2,23,,31.203302,77.750076
2626,HIMACHAL PRADESH,11,35,7,9,7.1,7.7,308,443,BDL,2.2,BDL,1.08,6,220,26,1100,2,2,,30.455225,77.584234
2627,HIMACHAL PRADESH,14,33,6.9,8.4,7.2,7.7,238,448,BDL,2.4,BDL,1.28,11,70,38,170,2,2,,30.429819,77.578623
2913,PUNJAB,15,38,3.7,5.7,7.2,7.9,254,402,2,3.4,0.6,1.6,210,2100,1100,8400,-,-,,31.160771,74.984326
1491,UTTARAKHAND,-,-,9.8,9.8,7.1,7.1,109,109,1.5,1.5,0.32,0.32,2,2,2,2,2,2,,30.946033,78.688498
1484,UTTARAKHAND,12,19,9.2,10.8,7.3,8.0,173,303,1,1,BDL,BDL,2,2,2,2,2,2,,30.287506,78.985451
1486,UTTARAKHAND,13,20,10,10.8,7.4,8.0,116,284,1,1,BDL,0.35,2,2,2,2,2,2,,30.285854,78.978295
1488,UTTARAKHAND,14,20,8.8,11,7.2,8.1,78,197,BDL,1,BDL,BDL,2,2,2,2,2,2,,30.147103,78.598107
1487,UTTARAKHAND,15,20,9,12.8,7.3,8.1,87,223,BDL,1,BDL,BDL,2,2,2,2,2,2,,30.144753,78.601484
1489,UTTARAKHAND,14,21,9.8,11.8,7.3,8.0,83,263,BDL,1,BDL,0.39,2,2,2,2,2,2,,30.140504,78.597358
1060,UTTARAKHAND,16,26,8.8,11.6,7.1,8.4,79,194,BDL,1,BDL,2.9,2,26,2,50,2,2,,30.115135,78.307032
1485,UTTARAKHAND,12,20,9.4,10.6,7.4,7.8,111,207,1,1,BDL,BDL,2,2,2,2,2,2,,30.290028,78.979932
10147,UTTARAKHAND,17,25,8.8,10.6,7.0,8.3,91,211,BDL,4,BDL,0.75,2,30,2,50,2,2,,30.0305,78.245833
2725,UTTARAKHAND,17,29,8.2,10.8,7.1,8.4,164,726,1,2,BDL,2.59,2,84,2,140,2,2,,30.019619,78.22939
3997,UTTARAKHAND,19,27,8.2,10.4,7.4,8.1,114,275,1,1.2,BDL,0.43,30,60,60,110,2,2,,29.945445,78.165028
10148,UTTARAKHAND,17,27,8,10.8,7.3,8.0,96,396,BDL,1.2,BDL,0.36,2,60,2,90,2,2,,29.943552,78.166796
1061,UTTARAKHAND,16,29,8,10.6,7.1,8.0,103,441,1,2.2,BDL,0.53,2,110,2,170,2,2,,29.945254,78.164675
30005,INTER-STATE,-,-,8.4,9.1,6.8,7.7,150,281,1,4.2,0.31,1.61,68,4900,450,54000,4,170,,29.640072,78.103486
30006,INTER-STATE,-,-,8.6,9,7.3,7.7,179,211,1,1.6,BDL,1.31,78,1300,1300,5400,78,700,,29.373164,78.036474
10150,UTTAR PRADESH,-,-,8,9.9,7.4,8.1,110,239,BDL,1.5,-,-,700,1300,1200,2800,2,14,,29.373468,78.040547
1062,UTTAR PRADESH,15.4,22,7.1,10.8,7.0,8.5,150,275,BDL,9.8,BDL,0.5,140,7000,280,9400,120,540,,28.76062,78.143766
10149,UTTAR PRADESH,15,22,7.5,11.2,7.0,8.3,150,250,BDL,2.1,BDL,9.4,120,920,220,1600,94,280,,28.802444,78.128722
2488,UTTAR PRADESH,14,28,7.5,9.2,6.7,7.3,164,2200,1,2.7,BDL,0.35,150,930,180,2100,2,2,,28.364396,78.270269
2489,UTTAR PRADESH,14,28,7.6,9.3,6.9,7.4,196,224,1,2.6,BDL,4.1,220,1400,540,4800,2,68,,28.274208,78.324338
1145,UTTAR PRADESH,15,29,7.8,9.4,6.9,7.3,168,212,BDL,2.6,BDL,0.42,430,1700,750,3300,2,20,,28.1897,78.395878
2490,UTTAR PRADESH,17.5,22.5,8.8,10.7,7.1,7.7,48,1960,BDL,1.6,BDL,4.72,140,320,170,480,2,2,,27.927803,78.866289
10151,UTTAR PRADESH,16,30,7.2,11.5,7.2,8.4,160,324,1.2,2.6,-,-,920,2100,1700,4000,2,2,,27.398639,79.627389
1063,UTTAR PRADESH,16,30,6.7,11,7.6,8.5,177,396,2,2.8,-,-,1100,11000,1300,4900,2,2,,27.138451,79.930775
1066,UTTAR PRADESH,16,30,6.3,10.6,7.5,8.4,182,488,2.2,3.1,-,-,1700,4600,4200,9400,2,2,,27.010953,79.986442
1146,UTTAR PRADESH,16,31,6.2,12,7.6,8.6,186,370,2.4,3.2,-,-,1100,4900,3300,9400,40,68,,26.610906,80.275419
1067,UTTAR PRADESH,20,31,6.2,12.1,7.5,8.52,212,356,2.9,6.3,-,-,1400,9200,3900,17000,20,45,,26.505542,80.314344
10154,UTTAR PRADESH,20,31,6,11.8,7.6,8.59,212,351,2.5,3.4,-,-,1300,13000,2300,23000,45,78,,25.51411,83.850678
10155,UTTAR PRADESH,20,31,6,11.7,7.4,8.5,180,372,3.1,3.8,-,-,2200,21000,5800,40000,2,20,,26.474194,80.376139
1068,UTTAR PRADESH,20,31,5.6,10.9,7.3,8.4,210,448,4,4.4,-,-,9400,27000,21000,54000,2,2,,26.436185,80.40961
10157,UTTAR PRADESH,20,31,5.8,11.3,7.4,8.5,225,410,3.9,4.5,-,-,7900,21000,17000,39000,20,20,,26.434322,80.408587
1147,UTTAR PRADESH,19,26,7.6,10.5,7.7,8.2,231,341,3.4,4.2,BDL,0.84,1100,3100,1600,4000,20,20,,26.074386,81.024075
2498,UTTAR PRADESH,19,26,7.8,10.6,7.7,8.2,228,347,3.3,4,BDL,0.8,1300,3000,1700,3900,20,20,,25.774293,81.382673
1046,UTTAR PRADESH,18.8,28,7.6,12.5,7.3,8.5,214,334,2,3.2,BDL,1.47,610,2300,2100,4900,2,40,,25.502474,81.855439
2487,UTTAR PRADESH,18.7,26.7,7,11.7,7.4,8.5,263,338,2,2.9,BDL,1.53,680,2200,1500,4600,2,2,,25.443124,81.887148
1049,UTTAR PRADESH,18.8,26.9,7.1,11.8,7.8,8.4,285,369,2,2.7,0.42,1.76,680,3300,2000,7900,2,20,,25.419206,81.900522
10158,UTTAR PRADESH,18.8,26.9,7.7,12,7.6,8.5,285,514,2.1,2.9,0.36,1.68,610,3300,2000,9400,20,20,,25.259363,82.096478
2485,UTTAR PRADESH,19.5,32,6.4,9.9,7.8,8.5,238,824,1.7,3.3,-,-,500,2300,1400,4300,2,4900,,25.244031,82.418272
2486,UTTAR PRADESH,19.5,32,5.8,8.8,7.7,8.7,246,536,3.1,4.4,-,-,5400,17000,11000,33000,2,11000,,25.177058,82.602225
10153,UTTAR PRADESH,19.5,33,6.2,9.1,3.3,8.5,238,532,2.8,4.1,-,-,1700,13000,3400,22000,2,6300,,25.129278,82.877278
1070,UTTAR PRADESH,17.5,31.5,6.5,10.4,7.9,8.6,242,512,2.1,6.5,BDL,0.6,500,1400,1100,3400,700,6300,,25.289358,83.006389
1071,UTTAR PRADESH,17.5,31.5,5.8,9.5,7.8,8.7,254,546,3.5,4.2,BDL,0.7,7000,17000,14000,31000,7000,13000,,25.321486,83.035285
10152,UTTAR PRADESH,18,31.5,6.3,9.9,7.9,8.7,250,530,2.8,3.8,BDL,0.6,2100,13000,4600,22000,5000,9000,,25.345102,82.479827
10156,UTTAR PRADESH,20,31,5.7,11.5,7.4,8.6,175,388,2.5,4.4,-,-,2100,23000,3300,54000,2,20,,25.580128,83.589787
1073,UTTAR PRADESH,18,32,5.7,9,7.8,8.8,260,538,3.4,4.3,BDL,0.7,4300,17000,11000,31000,7000,11000,,25.578175,83.609594
30076,INTER-STATE,19,30,6.4,11.8,7.8,8.9,232,496,3.3,5.3,BDL,1,200,11000,400,21000,-,-,,25.744119,84.676765
1074,BIHAR,13,33,5.2,11.1,7.7,8.6,209,550,1.2,2,BDL,0.88,2200,160000,3900,160000,2,700,,25.573508,83.966669
10113,BIHAR,12,34,5.6,9.8,7.7,8.4,233,530,1.2,2.2,BDL,0.77,3300,160000,4000,160000,45,3500,,25.484321,85.668239
2551,BIHAR,12,34,5.6,10.1,7.7,8.6,257,565,1.3,2.4,BDL,1.35,2200,160000,13000,160000,2,1400,,25.576142,83.970428
3113,BIHAR,12,34,5.4,10.1,7.6,8.5,261,554,1.1,2.3,BDL,0.78,11000,160000,28000,160000,140,1700,,25.588972,83.985861
10131,BIHAR,18,30,6,9.6,7.4,8.4,247,382,1.3,2.6,BDL,0.44,1700,160000,7000,160000,45,1700,,25.586863,84.693046
10162,BIHAR,15,34,5.6,10,7.2,8.5,204,503,1.2,3,BDL,1.57,1700,35000,3300,160000,18,2200,,25.68032,84.785773
2564,BIHAR,16,31,5.7,9.8,7.2,8.5,166,387,1.4,3.1,BDL,1.39,1400,160000,3300,160000,40,9200,,25.708441,84.889727
10114,BIHAR,12,31,5.8,9.5,7.3,8.4,206,487,1.4,2.3,BDL,0.44,1700,160000,17000,160000,45,5400,,25.740235,84.963161
3114,BIHAR,20,34,5,9.5,7.1,8.4,214,361,1.1,3,BDL,BDL,680,160000,1400,160000,45,5400,,25.588972,83.985861
1077,BIHAR,18,35,5.6,10,7.5,8.5,239,388,1.3,2.4,BDL,0.65,2200,160000,3300,160000,170,2400,,25.650869,85.115085
2552,BIHAR,19,36,5.4,9.7,7.3,8.5,259,500,1.4,4,BDL,0.46,2200,160000,17000,160000,210,9200,,25.622179,85.172816
10115,BIHAR,19,36,5.4,9.8,7.3,8.4,245,500,1.4,2.9,BDL,0.67,14000,160000,28000,160000,40,9200,,25.620356,85.179995
1079,BIHAR,20,36,5.5,9.5,7.3,8.4,237,598,1.3,3,BDL,0.62,2200,160000,4000,160000,1300,3500,,25.613753,85.204131
3122,BIHAR,20,35,7.4,9.8,7.9,8.5,304,500,1.1,1.9,BDL,BDL,1700,92000,4000,160000,270,2400,,25.557806,85.275648
4297,BIHAR,20,34,5.6,9.6,7.6,8.4,245,405,1.2,3,BDL,0.54,1100,92000,3900,92000,20,1300,,25.548238,85.279377
10122,BIHAR,18,34,5.4,10.4,7.3,8.4,235,473,1.4,2.4,BDL,0.44,1300,54000,2100,92000,18,2200,,25.515132,85.301372
4301,BIHAR,18,34,5.4,9.7,7.5,8.9,228,401,1.2,2.4,BDL,0.41,1400,160000,2600,160000,2,270,,25.655635,85.096308
2553,BIHAR,18,34,5.2,8.7,7.3,8.3,240,500,1.4,3,BDL,0.98,3300,160000,17000,160000,140,2200,,25.511611,85.307417
2555,BIHAR,23,34,0.8,8,7.2,8.4,288,896,2,4.8,BDL,0.5,17000,160000,35000,160000,45,3500,,25.627333,85.155472
3115,BIHAR,18,34,5.2,9.7,7.6,8.4,230,412,1.2,2.3,BDL,0.45,3300,160000,13000,160000,68,3500,,25.487275,85.705236
10130,BIHAR,18,29,5.3,9.8,7.3,8.5,222,436,1.3,2.2,BDL,39,1400,160000,2400,160000,2,3500,,24.890805,85.56
1817,BIHAR,16,34,5.8,9.8,7.7,8.5,215,424,1.2,2.7,BDL,0.46,1100,160000,2700,160000,93,9200,,25.401104,85.923198
1815,BIHAR,19,37,5.1,9.8,6.8,8.5,200,406,1.4,2,BDL,0.42,2600,160000,7900,160000,2,490,,25.381441,85.987169
3123,BIHAR,16,30,5.4,10.5,7.6,8.5,219,429,1.3,2.4,BDL,0.36,1400,160000,2300,160000,2,1300,,25.315313,86.029821
3116,BIHAR,15,30,5.3,9.8,7.5,8.5,222,370,1.2,3.3,BDL,0.43,1400,160000,3300,160000,2,1300,,25.368174,86.464302
1818,BIHAR,15,30,5.1,9.7,7.4,8.3,222,394,1.3,2.9,BDL,0.49,2200,160000,11000,160000,2,450,,25.384978,86.458978
3117,BIHAR,18,30,5,9.6,7.4,8.3,226,377,1.3,2.6,BDL,0.45,1400,160000,2700,160000,2,3500,,25.252575,86.725558
4398,BIHAR,17,32,5.5,9.8,7.2,8.5,241,632,1.4,6.7,BDL,3.64,1700,160000,35000,160000,790,16000,,25.257757,86.978188
2554,BIHAR,18,30,5.2,9.6,7.4,8.5,221,371,1.4,2.5,BDL,0.98,2200,160000,14000,160000,68,5400,,25.257511,86.747053
10138,BIHAR,17,32,5.5,9.5,7.2,8.2,228,856,1.2,4.2,BDL,0.63,1700,92000,2200,160000,20,490,,25.242256,86.925987
1819,BIHAR,16,40,6.1,9.8,7.5,8.4,222,396,1.1,2.3,BDL,2.2,1100,160000,2200,160000,20,9200,,25.254387,86.948424
3118,BIHAR,16,32,4.3,9.8,6.9,8.4,234,493,1.4,3.4,BDL,0.82,1700,160000,3300,160000,110,9200,,25.271603,87.025665
1816,BIHAR,16,30,6,9.8,7.7,8.4,220,372,1.3,2,BDL,0.37,1300,160000,3200,160000,45,2800,,25.267334,87.227318
10143,BIHAR,16,30,6,9.8,7.5,8.4,219,394,1.2,2.2,BDL,0.39,1700,160000,13000,160000,2,330,,25.31074,83.014205
30075,INTER-STATE,19,29.5,5.7,11.6,6.8,8.7,260,486,3.5,5,BDL,0.96,18,14000,450,27000,-,-,,25.577156,83.584219
10144,JHARKHAND,14,36,2.4,10.4,7.1,8.5,120,330,1.6,2.6,-,-,-,-,-,-,-,-,,25.292498,87.63183
10145,JHARKHAND,15,37,7.6,9.8,7.1,8.4,308,330,1.6,2.8,-,-,-,-,-,-,-,-,,25.210819,87.769721
10146,JHARKHAND,14,35,7.8,10.5,7.0,8.4,125,334,1.4,2.6,-,-,-,-,-,-,-,-,,25.05634,87.83515
1059,JHARKHAND,15,34,8.1,10.5,7.0,8.5,310,335,1.4,2.8,-,-,-,-,-,-,-,-,,25.056707,87.831867
1080,WEST BENGAL,17,32,5.3,11.8,7.87,8.85,222,410,1,4.95,0.3,0.63,800,140000,1300,300000,60,3500,,24.100312,88.244054
10159,WEST BENGAL,17,32,5,11.3,7.68,8.72,220,464,1.2,5.5,BDL,0.62,1700,140000,2300,300000,20,5400,,24.100163,88.245205
10160,WEST BENGAL,17,32,5,11.2,7.72,8.66,219,472,1.05,4.3,BDL,0.62,1300,110000,3000,350000,40,1700,,24.101003,88.243238
2511,WEST BENGAL,17,32,5.2,11.1,7.84,8.75,188,392,1.35,6.2,BDL,0.73,1300,300000,2300,900000,20,1400,,23.386728,88.364884
2506,WEST BENGAL,16,33.5,4.6,11.2,7.41,8.64,221,402,1.2,7.75,BDL,1.14,400,240000,8000,500000,70,2400,,22.984402,88.40197
10161,WEST BENGAL,18.5,32,4.5,11.5,7.62,8.68,235,407,1.25,6.2,0.38,0.76,8000,350000,13000,900000,130,2800,,22.774972,88.334278
1054,WEST BENGAL,19,32,4.4,11.5,7.86,8.7,202,373,1.85,6.7,0.35,0.75,7000,170000,14000,350000,110,5400,,22.780189,88.3338
1472,WEST BENGAL,18,34,4.2,12.5,7.7,8.84,228,384,1.3,4.4,0.36,0.9,7000,70000,17000,300000,130,2400,,22.761306,88.340319
1053,WEST BENGAL,17,34,4.1,8.1,6.92,7.98,178,559,1.55,5,BDL,2.68,49000,170000,80000,490000,40,220,,22.653061,88.357589
1471,WEST BENGAL,20,35,3.9,7.8,6.75,8.05,160,770,1.15,4.9,0.3,2.21,23000,130000,110000,220000,40,220,,22.558292,88.324394
1470,WEST BENGAL,20,34,3.7,7.6,6.77,7.98,177,589,1.1,5.3,BDL,2.1,30000,140000,70000,700000,20,170,,22.549717,88.296125
1052,WEST BENGAL,16,33,3.9,8.2,6.78,7.98,231,623,1.05,3.9,0.35,2.45,8000,70000,13000,110000,20,130,,22.453473,88.115051
1335,WEST BENGAL,21,32,4.6,8.6,6.13,8.54,566,11980,BDL,3.33,BDL,3.4,450,17000,2200,35000,110,220,,22.066481,88.068869
1469,WEST BENGAL,22,32,4.5,7.5,6.82,8.11,275,4210,1.2,4.2,BDL,1.92,790,17000,1300,170000,2,68,,22.183383,88.193783
1492,UTTARAKHAND,-,-,10.8,10.8,7.4,7.4,79,79,1,1,BDL,BDL,4,4,4,4,49,49,,30.976465,78.438614
1493,UTTARAKHAND,-,-,11.6,11.6,7.9,7.9,145,145,1,1,0.32,0.32,94,94,140,140,33,33,,30.932423,78.400244
1494,UTTARAKHAND,16,22,8.6,10.8,7.7,8.4,142,320,BDL,1,BDL,0.33,2,9,2,30,2,2,,30.518822,77.949536
30025,INTER-STATE,-,-,8.6,10.3,7.2,7.9,144,266,1,1.1,0.41,0.61,45,330,230,1300,49,49,,30.504457,77.79621
1490,UTTARAKHAND,17,24,8.2,10.2,8.0,8.2,106,162,1,1.2,BDL,0.38,17,34,40,70,2,2,,30.498618,77.803498
30027,INTER-STATE,-,-,8.8,10,7.7,8.2,170,452,1,2.2,0.51,1.23,78,170,260,790,14,49,,30.432892,77.625932
1553,HIMACHAL PRADESH,13,28,7.1,9.1,6.4,8.0,214,5866,BDL,1.8,BDL,1.11,9,46,32,140,2,2,,30.392244,77.572103
1554,HIMACHAL PRADESH,11,31,7,9,6.6,7.7,248,448,BDL,2,BDL,1.17,11,27,38,94,2,2,,30.465256,77.661758
30028,INTER-STATE,-,-,8.9,9.8,7.6,8.1,220,312,1,1.9,BDL,1.04,20,180,130,2200,11,23,,30.120771,77.394978
30035,INTER-STATE,-,-,8.3,10.2,7.5,8.1,190,300,1,1,0.61,0.91,78,610,490,92000,13,110,,30.315098,77.583348
1117,HARYANA,21,29,7.1,8.5,7.3,8.3,192,620,2.4,6.6,BDL,0.65,200,3200,110,21200,-,-,,30.314987,77.583328
1496,HARYANA,19,29,6.8,9.3,7.2,8.3,197,608,2.2,5.2,BDL,26,200,49000,3900,1600000,-,-,,30.069997,77.355057
30032,HARYANA,-,-,6.9,9,7.1,8.3,175,392,1.2,6.4,BDL,1.01,26,18000,33,330000,4,920,,29.383776,77.154398
10004,HARYANA,24,26,5.6,8.6,6.9,8.4,230,761,1.5,9.1,BDL,1.95,34,110000,240,540000,9.3,28000,,29.260009,77.130143
30029,HARYANA,-,-,6.7,8.6,7.2,8.6,212,624,2.8,4.4,BDL,1.23,18,49000,92,79000,23,3400,,28.943495,77.20329
1119,HARYANA,14,35,7.1,10.6,6.5,8.6,235,683,1.8,5.5,BDL,0.36,110,220000,330,1600000,-,-,,29.002116,77.023752
10005,HARYANA,14,35,5.8,12.5,6.7,8.6,271,682,1.6,5.6,BDL,0.54,170,94000,410,345000,-,-,,28.861862,77.207316
30026,INTER-STATE,-,-,7.2,17.1,7.7,8.6,323,665,3.7,7.9,0.5,1.4,110,79000,490,170000,7,2200,,28.862454,77.207282
1120,DELHI,15.5,33,5.6,17.1,7.6,9.0,273,789,1.4,7.9,BDL,1.4,78,79000,330,350000,13,5400,,28.85018,77.210184
1121,DELHI,13,31,0.3,2.4,7.1,7.9,460,1641,5.6,57,BDL,2.8,210000,11000000,700000,28000000,13000,920000,,28.598582,77.263308
1375,DELHI,15,31,0.3,2.6,7.1,7.9,488,1526,5.6,27,BDL,1.2,78000,3300000,350000,16000000,9200,920000,,28.566967,77.294665
1812,DELHI,15,33,0.3,5.6,7.2,7.8,499,1773,7.7,114,BDL,2,68000,7900000,490000,35000000,7900,"5400000
0",,28.533295,77.330724
1497,UTTAR PRADESH,13,14,0.1,2.3,6.4,8.1,978,1719,8.7,59,BDL,1.81,680,4900000,3300,9200000,230,920000,,28.095092,77.477669
30030,INTER-STATE,-,-,0.2,7.2,7.4,7.6,499,1202,7.7,51,0.7,0.81,68000,140000,490000,1300000,7900,540000,,28.517811,77.343608
30031,INTER-STATE,-,-,3.4,4.8,7.5,8.2,1341,1456,5.7,16,0.41,0.55,490,47000,790,54000,20,3500,,27.954647,77.537365
30024,INTER-STATE,-,-,0.2,2.3,6.4,8.1,1283,1719,19,59,BDL,1.81,680,3900000,3300,4600000,16000,470000,,28.21916,77.459387
2493,UTTAR PRADESH,14,32,4.6,6.9,7.1,7.5,-,-,5.8,10,-,-,31000,85000,53000,110000,-,-,,29.604121,77.109833
2495,UTTAR PRADESH,15,32,4,7.6,7.1,7.6,-,-,6,10.4,-,-,24000,65000,46000,88000,-,-,,27.586087,77.696364
1123,UTTAR PRADESH,12,13,0.3,4.6,6.5,8.5,1096,1816,7.3,30,0.5,1.66,400,920000,1100,9200000,79,54000,,27.564981,77.708718
2494,UTTAR PRADESH,14,32,4.1,7.4,6.9,7.6,-,-,6.8,12,-,-,31000,92000,54000,140000,-,-,,27.504755,77.686524
1124,UTTAR PRADESH,12,12,1.6,6.8,6.5,8.3,1195,1903,6.9,21,0.51,1.61,1700,170000,2200,1400000,490,170000,,27.443052,77.716133
1125,UTTAR PRADESH,12,12,1.4,9.6,6.5,8.5,1154,1872,4.7,25,0.48,2.4,220,3300000,2200,7900000,23,35000,,27.250657,77.861624
1126,UTTAR PRADESH,-,-,3.8,16.2,6.5,8.7,875,1920,9.1,25,0.44,3.56,450,6100000,2200,32000000,220,33000,,27.17969,78.119555
1498,UTTAR PRADESH,-,-,2.6,9.2,7.8,7.9,1054,1471,14,20,0.76,2.8,450,1400,3300,13000,130,1700,,26.932682,78.54366
10081,UTTAR PRADESH,26,29,5.2,6.9,7.3,7.9,814,1044,11.6,18.8,-,-,-,-,-,-,-,-,,26.601531,79.119907
10082,UTTAR PRADESH,26,29,5.4,7.1,7.5,8.0,784,1088,10.4,17.2,-,-,-,-,-,-,-,-,,26.714524,79.014885
1127,UTTAR PRADESH,-,-,7.3,7.3,7.7,7.9,1288,1507,13,15,0.75,1.02,20,200,1300,1700,23,23,,26.752436,79.01967
1499,UTTAR PRADESH,-,-,8.1,11.3,7.7,8.2,846,937,8.7,13,1.65,3.8,68,7800,1700,220000,240,330,,26.42602,79.478799
30034,UTTAR PRADESH,-,-,7.3,7.6,7.7,7.9,1507,1814,15,25,0.75,1.4,200,4000,1300,5000,23,28000,,26.744994,78.988315
30033,INTER-STATE,-,-,8.1,9.6,7.7,8.4,406,937,2.9,8.7,BDL,3.05,2,7800,9,220000,49,330,,26.42834,79.244561
1069,UTTAR PRADESH,18.9,27.4,7.3,11.5,7.8,8.4,418,725,1.8,2.4,BDL,1.66,310,2100,1700,3900,2,2,,25.422471,81.838806
2283,UTTAR PRADESH,-,-,8.4,8.4,8.0,8.4,750,832,2.8,6,1.14,3.1,330,2200,1300,13000,920,920,,25.956967,80.157122
1510,HIMACHAL PRADESH,8,26,4.4,12.8,7.4,8.2,55,9759,BDL,1.1,BDL,1.08,4,79,31,540,2,2,,30.556089,77.777152
30023,INTER-STATE,-,-,8.8,10.1,7.6,8.1,85,218,1,5,0.41,0.61,18,3300,110,14000,14,79,,30.517139,77.818659
4027,HIMACHAL PRADESH,13,25,6.7,9.6,6.9,7.9,248,453,BDL,1.7,BDL,0.9,6,22,26,70,2,2,,30.799381,77.282001
4441,HIMACHAL PRADESH,14,26,7,9.1,6.7,7.9,298,512,BDL,2.2,BDL,1.14,8,78,26,79,2,2,,30.613634,77.442374
4442,HIMACHAL PRADESH,14,26,6.6,9,6.7,7.9,272,396,BDL,2.4,BDL,1.01,8,33,31,94,2,2,,30.603186,77.441056
4028,HIMACHAL PRADESH,13,26,6.7,9.7,6.8,7.9,251,622,BDL,2,BDL,0.85,9,32,32,110,2,2,,30.760455,77.303572
4427,HIMACHAL PRADESH,2.4,27,7.6,9.9,7.5,8.7,128,2267,BDL,1.6,BDL,1.81,2,76,79,350,2,2,,30.914863,77.243539
2621,HIMACHAL PRADESH,17,19,6.2,8.2,7.0,8.8,198,1623,BDL,1.8,BDL,BDL,4,13,20,38,2,2,,30.882006,77.211344
2622,HIMACHAL PRADESH,19,31,7.2,9.4,7.4,7.9,315,809,BDL,1.6,BDL,0.97,7,93,26,40,2,2,,30.522537,77.667622
2623,HIMACHAL PRADESH,19,33,7.1,9.2,7.4,7.8,504,841,BDL,1,BDL,1.59,9,20,31,47,2,2,,30.552658,77.643922
3877,HIMACHAL PRADESH,9,27,7.4,9.3,7.2,8.7,147,2564,BDL,1,0.36,1.8,2,49,58,430,2,2,,31.769476,77.306086
3878,HIMACHAL PRADESH,10,27,7.4,9.6,7.2,8.8,146,2736,BDL,1.2,0.34,2,2,70,84,540,2,5,,31.785054,77.330491
3860,HIMACHAL PRADESH,16,30,6.9,9.5,7.2,7.7,496,756,BDL,1.1,BDL,1.02,9,93,32,49,2,2,,30.526326,77.66857
3876,HIMACHAL PRADESH,17,18,6.3,8.5,6.4,8.5,219,878,BDL,2.2,-,-,5,17,14,58,2,2,,30.891819,77.21002
1357,UTTAR PRADESH,20,22,-,-,7.8,8.1,670,750,42,48,-,-,-,-,-,-,-,-,,29.910025,77.600275
10098,UTTAR PRADESH,16,22,-,-,7.3,8.3,590,790,38,52,-,-,-,-,-,-,-,-,,28.635716,77.394552
10102,UTTAR PRADESH,18,25,0.4,2.5,6.5,7.7,348,740,12,29,0.46,67,110000,1100000,150000,2800000,-,-,,28.685329,77.392467
10103,UTTAR PRADESH,19,43,0.5,0.5,6.3,7.9,500,1350,20,45,0.54,1.9,21000,2400000,170000,3500000,-,-,,28.664419,77.399531
10106,UTTAR PRADESH,18,23,0.7,2.8,6.6,7.8,327,766,8.9,25,0.43,0.96,90000,3500000,150000,4300000,-,-,,28.733891,77.385236
1483,UTTAR PRADESH,-,-,0.3,0.8,7.5,8.0,735,1370,15,125,0.41,3.61,40000,140000,170000,920000,49000,1400000,,28.635922,77.394341
2496,UTTAR PRADESH,14,24,0.3,0.3,7.4,7.7,670,1310,54,80,21.4,27.4,2,94000,110000,170000,2,2,,29.186169,77.494114
1358,UTTAR PRADESH,18,25,-,-,6.8,7.8,819,1505,30,49,0.6,1.6,130000,2800000,210000,4300000,-,-,,28.673761,77.402644
1356,UTTAR PRADESH,14,35.9,6.4,7.4,7.5,8.2,259,3720,4.6,5.6,-,-,1100,2400,14000,21000,-,-,,25.94085,80.153822
30079,INTER-STATE,20.4,21.4,7.4,10.1,7.6,8.2,229,378,1,2.8,BDL,1,2,600,200,1200,-,-,,25.193044,78.539141
1735,UTTAR PRADESH,16.1,35.8,6.8,8.4,7.2,8.3,174,392,2.4,3.9,-,-,1100,1300,1300,2400,-,-,,24.651228,78.423136
1614,MADHYA PRADESH,17,33,7.8,10.8,7.4,8.1,283,4362,BDL,2.3,BDL,5.33,2,3300,63,160000,2,2,,23.541173,77.801938
2107,MADHYA PRADESH,20,29,6.9,7.5,7.3,8.5,297,3786,BDL,1.2,BDL,BDL,2,2,6,26,2,2,,25.767472,79.331309
2108,MADHYA PRADESH,19,30,6.9,7.3,7.3,8.4,288,430,BDL,1.4,BDL,BDL,2,2,4,25,2,2,,24.317042,78.127198
2124,MADHYA PRADESH,20,32,7.9,8.7,7.4,8.4,263,3609,1,2.4,BDL,6.2,2,35000,94,160000,2,49,,23.540606,77.802246
2125,MADHYA PRADESH,19,33,6.4,9,6.6,8.2,248,688,1,2.8,BDL,15.05,2,24000,130,160000,2,33,,23.550512,77.79947
3832,MADHYA PRADESH,17,31,6.7,7.5,7.0,7.8,228,337,BDL,1.4,BDL,BDL,2,2,4,26,2,2,,25.393032,78.661879
30080,INTER-STATE,20,21.5,8.7,10.2,7.9,8.1,388,493,1.8,2.3,0.55,0.82,2,200,200,400,-,-,,24.398043,78.17802
2953,RAJASTHAN,20,29,3.5,6.3,8.3,8.5,330,600,BDL,2.6,1.2,1.7,14,39,64,75,11,23,,25.160724,76.22887
2956,RAJASTHAN,18,29,3.1,5.9,8.4,8.6,360,550,1.5,2.8,0.84,2.06,20,39,28,75,14,28,,25.393522,76.327061
2950,RAJASTHAN,16.5,26,3.2,7.3,7.7,8.3,240,360,1,3.2,1.02,2.06,20,75,64,120,-,-,,24.692006,72.929236
2951,RAJASTHAN,21,32,4.5,6.2,7.8,8.4,280,410,BDL,2.6,1.04,1.82,20,39,28,75,-,-,,25.905847,75.463861
2952,RAJASTHAN,18,35,0.3,7.3,8.6,9.3,950,1710,2.8,13.5,1.71,3.69,93,240,210,460,-,-,,26.919491,75.930328
2945,RAJASTHAN,21,30,5.2,6.8,8.2,8.4,250,380,BDL,2.1,0.74,1.82,21,39,28,64,14,21,,24.600889,76.152494
2946,RAJASTHAN,21,30,4,6.3,8.1,8.4,230,330,1,2,0.58,1.84,14,75,28,210,28,39,,24.6087,76.170272
2955,RAJASTHAN,18,32,4,7.9,8.0,8.3,260,380,BDL,2.7,0.80,98,21,93,75,240,-,-,,24.07656,75.526392
3309,MADHYA PRADESH,27,29,6.8,7.9,7.3,8.5,450,2847,2,6,BDL,7.42,3,430,70,1600,-,-,,23.725166,75.377851
1365,MADHYA PRADESH,24,29,6.8,7.7,7.4,8.7,304,1054,1.9,2.2,0.47,1.19,2,4,47,49,-,-,,22.428806,75.508689
1366,MADHYA PRADESH,24,30,2,6.9,2.0,8.5,587,9819,3,34,1.09,7.79,10,14000,150,160000,14,25,,22.428791,75.508684
1432,MADHYA PRADESH,18,26,6.2,7.8,7.3,8.5,202,745,1.7,2.4,BDL,0.8,2,4,24,70,-,-,,24.586045,77.069419
2954,RAJASTHAN,19,30,3.7,7.4,8.3,8.5,400,670,1.2,2.4,0.84,1.842,20,75,28,120,20,21,,25.681506,76.485765
2109,MADHYA PRADESH,20,26,6.8,7.8,7.1,8.6,254,1020,1.4,2.2,BDL,0.8,2,4,22,63,-,-,,24.634714,77.2978
2126,MADHYA PRADESH,11,26,6.8,7.5,7.3,8.1,358,680,1.4,2.4,BDL,1,2,4,28,79,-,-,,23.495145,77.100818
1367,MADHYA PRADESH,20,25,0.8,2.1,7.2,7.9,937,10301,7,26,3.69,7.96,170,1600,1500,2200,110,350,,22.703363,75.877149
2110,MADHYA PRADESH,19,25,0.8,2,7.1,7.8,907,1440,10,28,3.10,8.05,150,1600,1200,2200,100,370,,22.703191,75.877117
2111,MADHYA PRADESH,15,25,2.4,5.4,7.2,7.7,805,4076,2.6,14,2.15,7.22,17,1600,540,1600,21,220,,22.970572,75.838654
1369,MADHYA PRADESH,20,30,6.2,7.7,7.7,8.4,543,1318,4,8,0.95,2.50,34,5400,920,160000,-,-,,23.187353,75.764282
1370,MADHYA PRADESH,29,29,7,7.9,7.3,8.3,549,1250,3.2,6,0.83,2.01,24,5400,1600,160000,-,-,,22.97582,75.917157
1468,MADHYA PRADESH,22,29,5.9,8.1,7.3,8.5,561,1792,6,15,1.06,2.81,540,54000,1600,160000,10,47,,23.211447,75.774618
3315,MADHYA PRADESH,25,29,6.5,7.8,7.6,8.5,532,1363,3.4,7,0.92,2.70,36,5400,1400,160000,-,-,,22.975913,75.917152
3316,MADHYA PRADESH,26,29,6.6,7.6,7.1,8.4,568,1942,2,4,0.40,1.93,3,540,70,9200,-,-,,23.486294,75.654008
3317,MADHYA PRADESH,22,26,7,7.5,7.2,7.9,300,674,1.6,14,BDL,1.70,2,10,26,58,5,5,,22.969472,76.056836
2724,UTTARAKHAND,17,26,2.6,4.2,6.6,8.3,390,1153,26,34,BDL,2.85,2,1600,2,1600,2,2,,30.25,78.016667
2734,UTTARAKHAND,8,39,3.2,8.4,7.0,8.1,158,440,3,7.9,-,-,-,-,-,-,-,-,,29.206769,78.986242
2735,UTTARAKHAND,8,39,0.2,4,6.2,7.6,330,690,18,28,-,-,-,-,-,-,-,-,,29.146732,78.982975
2732,UTTARAKHAND,8,39,3.4,7.8,7.2,8.4,240,520,4,15,-,-,-,-,-,-,-,-,,29.111195,78.908723
2733,UTTARAKHAND,8,32,0.3,3.4,7.1,7.9,410,650,6,26,-,-,-,-,-,-,-,-,,29.15049,78.893386
2731,UTTARAKHAND,17,40,3.2,6.7,7.3,8.3,200,450,3,4.9,-,-,-,-,-,-,-,-,,29.158694,79.03956
2728,UTTARAKHAND,14,27,6.2,8,7.2,8.1,180,280,1.2,3.6,-,-,110,110,170,170,-,-,,29.209064,79.537174
2729,UTTARAKHAND,10,39,2.4,6.9,7.0,8.8,310,820,3,12,-,-,-,-,-,-,-,-,,28.899748,79.525623
2730,UTTARAKHAND,9,33,4,7.2,7.1,8.2,320,580,4,9.2,-,-,-,-,-,-,-,-,,28.848162,79.158928
2736,UTTARAKHAND,10,33,3,6.9,7.0,8.5,180,310,5,9,-,-,-,-,-,-,-,-,,28.957324,79.692169
2737,UTTARAKHAND,10,41,2.6,6.3,7.5,8.9,170,520,2.5,12,-,-,-,-,-,-,-,-,,28.91,79.691
3439,UTTARAKHAND,10,39,1.4,7.3,6.9,7.9,410,760,4.1,20,-,-,-,-,-,-,-,-,,28.932,79.388
3438,UTTARAKHAND,10,39,2,8,7.1,8.5,260,540,3,10,-,-,-,-,-,-,-,-,,28.978,79.399
1064,UTTAR PRADESH,16,32,5.9,10.3,7.8,8.5,296,616,2.8,5,-,-,3200,17000,5800,26000,2,2,,27.190822,79.818261
30078,INTER-STATE,16,16,8.5,9.5,6.8,7.4,185,195,1.1,1.9,BDL,0.67,450,23000,780,490000,-,-,,29.515201,78.755946
30077,INTER-STATE,16,16.2,7,9,6.9,7.3,152,359,1,2.9,BDL,0.55,2,7800,780,23000,-,-,,29.310032,78.63653
2497,UTTAR PRADESH,14,23,0.3,0.3,7.2,7.6,1000,1590,47,67,21.4,44.4,120000,120000,110000,260000,-,-,,28.980857,77.790428
1477,UTTAR PRADESH,-,-,0.3,6.2,7.2,7.8,331,427,4.8,10,0.54,1.28,270,140000,3500,1600000,920,17000,,29.474581,77.67095
1478,UTTAR PRADESH,-,-,0.3,0.3,6.8,7.7,625,1805,24,440,0.51,7.31,490000,35000000,790000,54000000,27000,"7800000
0",,29.432533,77.675953
1065,UTTAR PRADESH,16,30,5.5,8.2,7.4,7.9,278,1135,3,6,-,-,2000,11000,4200,27000,2,2,,27.161314,79.919914
30037,UTTAR PRADESH,-,-,3.6,7.6,7.7,7.9,524,582,1.4,6.9,0.66,3.22,78,790,1300,5400,33,490,,29.184058,77.32613
30038,UTTAR PRADESH,-,-,5.7,7.2,7.6,7.9,415,496,1,2.7,0.61,3.35,78,7900,170,17000,27,170,,29.491551,77.990514
2482,UTTAR PRADESH,18.5,32,6.2,8.7,8.2,8.9,236,522,2.8,3.6,BDL,0.35,800,1700,2100,3400,-,-,,25.386717,82.852628
2483,UTTAR PRADESH,18.5,32.5,2.1,4.5,7.0,7.8,158,782,7.6,18.2,BDL,1.42,33000,70000,49000,110000,-,-,,25.332956,83.043393
1361,UTTAR PRADESH,18,32,6,9.2,7.7,8.3,224,487,3.1,3.9,-,-,2600,4300,4600,9400,-,-,,26.649979,80.793854
2484,UTTAR PRADESH,18.5,32.5,6.2,8.6,7.9,8.5,248,486,2.8,3.9,BDL,0.4,6300,13000,11000,21000,-,-,,25.629922,82.756208
1350,UTTAR PRADESH,12.5,35,6.1,12.4,7.7,8.6,244,436,1.9,2.8,BDL,1.45,330,2200,790,2600,2,2,,27.572878,80.67895
1351,UTTAR PRADESH,12,33.5,4,11.6,7.6,8.4,282,495,2.5,4,BDL,2,2300,9300,3300,14000,2,20,,26.862031,80.931322
1352,UTTAR PRADESH,13,34.5,1.5,3.8,7.3,7.8,309,680,8.5,12.5,BDL,3.8,49000,130000,130000,350000,2,45,,26.833275,80.995211
1353,UTTAR PRADESH,18,32.5,6,8.7,7.9,8.7,250,548,3.5,4.6,BDL,0.5,4600,14000,9000,26000,-,-,,25.751611,82.726469
1072,UTTAR PRADESH,18,32.5,6.2,8.8,8.0,8.7,248,534,3.1,4.3,BDL,0.6,3300,13000,7000,23000,-,-,,25.507856,83.158181
10095,UTTAR PRADESH,21,28,5.8,7,7.8,8.3,311,369,4.5,4.9,BDL,0.82,4300,5200,7900,8300,-,-,,26.289367,82.066786
10096,UTTAR PRADESH,21,28,6,7.2,7.7,8.2,309,361,4.4,4.7,BDL,0.8,4100,4900,7000,8000,-,-,,26.264406,82.142486
10097,UTTAR PRADESH,18,32.5,6.4,9.3,8.1,8.6,238,506,2,3.6,BDL,0.4,500,1400,1300,3100,-,-,,25.748703,82.68484
2491,UTTAR PRADESH,16,28,7,7.8,7.4,7.7,326,356,5,6,-,-,20000,30000,42000,50000,-,-,,26.733174,83.347894
1363,UTTAR PRADESH,16,26,7.4,8.5,7.5,8.1,272,298,3.4,4.6,-,-,6000,20000,22000,30000,-,-,,26.754692,83.334211
1354,UTTAR PRADESH,18,24,9,10.8,7.7,7.8,201,311,2.7,3.2,BDL,0.7,1100,2900,2100,3900,-,-,,26.797519,82.234306
1355,UTTAR PRADESH,16,26,7.2,8,7.4,7.8,312,332,3.2,4.4,-,-,11000,25000,22000,33000,-,-,,26.169467,83.868992
2492,UTTAR PRADESH,18,28,6.9,7.8,7.6,7.8,378,398,3.9,7.8,-,-,18000,34000,34000,52000,-,-,,26.278524,83.513885
1076,BIHAR,16,30,5.8,10,7.3,8.5,160,389,1.4,2.5,BDL,0.45,2200,160000,11000,160000,20,45,,25.771153,84.654639
1359,UTTAR PRADESH,17,29,7.5,10.2,3.1,8.3,224,322,1.4,7.6,-,-,200,800,800,14000,2,2,,24.339814,83.003589
1360,UTTAR PRADESH,17,30,7.2,9.5,6.3,8.5,238,340,2.5,3.5,-,-,800,2100,2200,4300,-,-,,24.261214,83.009353
1030,ASSAM,20,25,6.8,9.9,7.0,8.1,134,203,1.3,2.1,0.5,1.6,300,910,720,2100,-,-,,27.510417,94.953333
1262,ASSAM,16,27,6.1,8,7.3,7.8,146,172,1,2.8,0.3,1.4,2,360,300,910,-,-,,26.830744,94.172775
1526,ASSAM,19,30,6.6,8,7.2,7.9,127,150,1.1,2.2,0.4,1.4,300,1500,910,3500,-,-,,26.616375,92.82735
1031,ASSAM,17,30,6.6,10.3,7.0,8.1,108,156,1.6,1.8,0.6,1.2,300,1400,720,2800,-,-,,26.176,91.68375
1299,ASSAM,20,30,5.1,7.7,7.0,8.0,153,174,1.2,2,0.7,1.4,300,1500,360,2800,-,-,,26.214866,90.557934
2069,ASSAM,20,33,6.1,10.4,7.3,8.0,97,186,1.3,2.6,0.5,1.6,360,1100,1100,2700,-,-,,26.190372,91.745589
2064,ASSAM,20,33,5.2,10.2,7.0,7.8,108,188,1.2,2.8,0.6,1.4,300,910,720,2100,-,-,,26.24776,91.918205
2067,ASSAM,18,30,6.8,10.8,7.0,8.2,115,189,1.5,2.8,0.7,2,300,730,1100,2100,-,-,,26.160268,91.56994
2066,ASSAM,22,35,5.2,7.3,6.8,7.7,156,211,1.6,2.4,0.6,1.2,360,1100,730,2800,-,-,,26.015519,89.993294
3781,ASSAM,19,26,5.6,8.7,7.2,7.8,117,157,1.6,2.6,0.4,1.4,300,730,700,1500,-,-,,27.412578,94.757007
4004,ASSAM,17,30,7.2,7.8,7.2,8.0,146,208,1.4,2.3,0.6,1.4,300,1100,1100,2800,-,-,,26.660261,93.174272
1422,ASSAM,21,25,5.6,9.5,7.0,7.8,114,228,1.2,2.1,0.6,1.2,300,910,360,2000,-,-,,27.284622,95.662347
2062,ASSAM,20,28,6.2,9,7.0,8.1,151,186,1,2.2,0.3,1.8,300,910,720,2100,-,-,,27.321156,95.309064
2230,ASSAM,20,26,5.9,7.7,7.4,8.1,160,196,1.1,2.4,BDL,1.4,300,910,360,1500,-,-,,27.320585,95.308605
1796,NAGALAND,17.9,31,0.4,8.8,7.2,8.2,97,229,1.4,2.4,BDL,2.4,-,-,-,-,-,-,,25.888505,93.733632
1797,NAGALAND,18,31,5,9.2,7.0,8.2,74,300,1.8,2.6,BDL,1.8,-,-,-,-,-,-,,25.912708,93.743269
1800,NAGALAND,16.6,29.8,1.4,4.8,6.7,7.9,102,302,1.9,6.2,BDL,2.2,-,-,-,-,-,-,,25.802,93.606574
1798,NAGALAND,17.8,32,4.8,6.8,7.1,7.8,100,254,1.8,2.9,BDL,1.4,-,-,-,-,-,-,,25.910359,93.743963
1259,ASSAM,20,32,5.8,10,7.0,7.7,103,130,1.7,2.1,0.3,1.3,300,1100,720,2100,-,-,,26.503075,93.952372
1799,NAGALAND,15.1,30.2,4.4,6.2,7.0,8.4,59,198,1.1,2.1,BDL,1.7,-,-,-,-,-,-,,26.622872,93.773159
1928,NAGALAND,18.7,31.2,4.5,7.7,6.7,8.1,99,251,2,3.5,BDL,1.9,-,-,-,-,-,-,,25.801511,93.606777
3764,ASSAM,19,28,6.2,7.3,7.2,7.7,95,128,1.2,2.1,0.3,1.7,300,730,720,1500,-,-,,26.695365,92.256473
3792,ASSAM,20,32,6.6,10.3,7.2,7.7,133,162,1.6,2.2,0.4,1,300,730,720,2000,-,-,,25.234537,92.847473
3759,ASSAM,19,36,5.4,7.1,6.9,8.0,113,138,1.3,2,0.7,1.2,300,730,720,2000,-,-,,27.101722,93.838085
3786,ASSAM,19,25,5.2,8,7.0,7.8,165,196,1.2,2.1,0.6,1.4,300,730,700,2000,-,-,,27.467718,94.557012
3807,ASSAM,19,30,6.5,9.8,7.0,7.7,47,96,1.4,2.2,0.6,1.1,300,1500,1100,3500,-,-,,26.120322,91.977702
1530,ASSAM,21,26,1.4,6.8,7.0,7.8,271,300,2.2,2.8,1,2.1,610,1100,1100,2800,-,-,,27.381964,95.622819
2231,ASSAM,18,31,5.4,7.8,7.3,8.0,156,234,BDL,2.1,0.3,1.3,2,360,300,930,-,-,,26.975605,94.630335
3776,ASSAM,17,29,6.2,7.8,7.1,7.8,126,245,1.2,1.9,0.3,1.4,2,360,2,930,-,-,,26.814742,94.805697
3778,ASSAM,20,28,5.7,8.8,7.0,8.1,158,180,1.3,2.1,0.3,1.2,300,910,720,2100,-,-,,26.999059,94.468503
3821,ASSAM,21,34,4.1,5.1,7.1,7.5,43,57,1.2,2.4,0.6,0.9,300,730,360,1400,-,-,,26.236174,90.300305
1298,ASSAM,16,28,5.1,7.9,6.8,7.7,172,210,BDL,2.1,0.6,2.1,2,300,2,730,-,-,,27.311023,95.101786
2058,ASSAM,19,26,5.2,9.2,7.0,8.1,131,152,1.1,2.2,0.7,1.6,300,1100,720,2700,-,-,,27.141901,95.36639
4005,ASSAM,18,29,5.4,7.7,7.2,7.8,90,206,BDL,1.9,0.7,1.9,2,360,300,730,-,-,,27.053317,94.67365
3763,ASSAM,18,30,5,6.8,6.6,7.5,74,96,1.3,2.1,0.4,1.2,300,730,720,2100,-,-,,26.779777,92.836601
4011,ASSAM,18,30,5.4,7.1,6.9,8.0,98,176,2,2.6,0.7,1.6,360,930,730,1900,-,-,,26.732834,94.231503
4012,ASSAM,24,32,5.1,5.7,7.2,7.7,97,124,1.2,2.4,0.5,1.1,300,1100,720,2800,-,-,,26.4214,90.51945
4329,ASSAM,20,24,5.2,6.1,7.0,7.3,92,112,1.6,2.3,0.5,1,300,730,610,2000,-,-,,24.854133,92.82625
4331,ASSAM,22,25,5.1,5.6,6.8,7.6,126,157,1.9,2.3,0.6,1.2,300,910,1100,2100,-,-,,24.679936,92.560945
4332,ASSAM,18,29,5.2,7.5,6.9,7.6,116,200,BDL,2.3,0.4,1.3,2,720,2,1100,-,-,,27.130021,94.738353
4336,ASSAM,15,30,5.3,8.2,6.9,7.5,54,90,BDL,2.2,0.5,1.2,2,300,2,910,-,-,,26.786797,94.627518
4341,ASSAM,18,35,5.7,10.1,7.0,8.2,81,144,1.3,2,0.6,1.2,300,730,600,2100,-,-,,26.348056,91.816389
4342,ASSAM,19,34,6.1,10.2,7.0,8.2,90,176,1.2,2.2,0.5,1,300,1100,730,2800,-,-,,26.437483,91.624267
4343,ASSAM,18,34,5.3,10.1,7.0,8.1,131,160,1.3,1.9,0.5,1.8,300,730,720,2700,-,-,,26.458611,91.395278
4344,ASSAM,18,32,5.9,11.6,7.2,8.2,138,177,1.2,1.8,0.5,1.4,300,910,1100,2700,-,-,,26.515419,91.264215
4345,ASSAM,20,35,6.5,10.6,7.0,7.8,48,70,1.5,1.8,0.4,1.1,300,730,720,2000,-,-,,25.943333,91.148889
3380,MEGHALAYA,17,31.5,7,7.8,7.1,7.4,28,78,1.3,2,0.37,0.52,22,79,170,420,-,-,,25.904203,90.606251
3381,MEGHALAYA,17,30.4,7,7.9,6.7,7.3,50,80,1.2,1.9,0.33,0.47,14,49,140,320,-,-,,25.65076,90.80859
3382,MEGHALAYA,17,31.5,7,8.3,7.1,7.7,58,88,1,1.8,0.32,0.78,12,58,110,320,-,-,,25.8358,90.78135
1802,SIKKIM,15,21,8.5,12,6.5,7.1,165,280,1,2.2,1.2,2.5,30,55,95,135,2,2,,27.402553,88.519402
1930,NAGALAND,14.4,28,5.1,6.8,7.6,8.5,142,586,1.8,2.9,BDL,2.4,-,-,-,-,-,-,,25.67564,94.109775
1929,NAGALAND,14.5,30.8,5.4,7.4,7.2,8.3,80,185,1.4,2.7,BDL,1.8,-,-,-,-,-,-,,25.752349,93.869559
2888,NAGALAND,17.1,28,5.4,7.6,7.1,8.0,28,181,1.2,2.9,BDL,1.2,-,-,-,-,-,-,,25.860778,93.780081
2891,NAGALAND,11.4,25.5,5.4,8,7.5,8.4,78,280,1,2.3,0.6,1.5,-,-,-,-,-,-,,25.675285,94.107884
2889,NAGALAND,10,26.1,5.4,8.8,7.0,8.4,57,142,BDL,1.8,BDL,2.7,-,-,-,-,-,-,,25.674565,94.107658
2892,NAGALAND,11.5,25.4,5.2,7.2,7.2,8.3,32,386,1.2,2.4,1,2.4,-,-,-,-,-,-,,25.670679,94.107976
2893,NAGALAND,11.3,25.7,5.4,7,7.0,8.1,135,375,1.2,2.3,1.1,3.1,-,-,-,-,-,-,,25.675346,94.108799
4719,WEST BENGAL,14,29,6.8,7.4,6.8,7.8,72,166,1.2,2.6,BDL,1.37,1300,5000,5000,11000,21,33,,26.355748,89.369404
4724,WEST BENGAL,18,29,6.1,8.6,6.9,7.82,39,87,1.2,2.1,BDL,1.83,1300,5000,5000,22000,33,220,,26.728854,89.324331
1232,RAJASTHAN,19,32,4.4,6.5,8.2,8.6,360,560,BDL,2.9,1.10,2.07,28,460,75,1100,93,93,,23.648483,74.126708
1864,GUJARAT,26,32,1.3,7.9,7.8,8.4,385,2860,BDL,2.3,BDL,0.59,4,30,63,210,-,-,,22.254744,72.982618
1233,MADHYA PRADESH,17,26,6.8,7.9,7.5,8.7,306,511,BDL,1.3,0.62,2.12,2,2,40,70,-,-,,23.031056,75.210878
4,GUJARAT,20,30,6.3,8.8,7.3,8.6,308,508,BDL,1,BDL,0.68,4,12,33,63,-,-,,22.81225,73.359778
5,GUJARAT,23,30,6.9,8.5,7.9,8.4,312,533,BDL,1,BDL,0.58,4,33,49,130,-,-,,22.4405,73.073361
1229,GUJARAT,26,31,7.1,8.8,7.7,8.3,277,483,BDL,BDL,BDL,0.63,2,4,11,34,-,-,,23.285842,73.831736
1230,GUJARAT,26,31,7.1,8.7,7.8,8.4,360,476,BDL,BDL,BDL,0.57,2,12,11,70,-,-,,23.324822,73.9021
1231,GUJARAT,26,30,7.6,8.6,7.9,8.3,264,480,BDL,BDL,BDL,0.60,2,12,21,64,-,-,,23.152072,73.551372
1863,GUJARAT,23,32,7.2,8.5,7.9,8.5,387,599,BDL,BDL,BDL,0.58,6,26,49,130,-,-,,22.342298,73.052575
3206,GUJARAT,22,32,2.3,8.6,8.0,8.8,320,1663,BDL,8.9,BDL,0.58,4,47,47,350,-,-,,22.342339,73.054185
3318,MADHYA PRADESH,25,29,6.2,7.9,7.6,7.9,280,570,1.4,2.1,0.61,1.13,2,8,43,50,-,-,,23.177764,74.92737
3848,MADHYA PRADESH,17,26,6.9,8,7.6,8.3,262,669,BDL,1.4,0.59,1.73,2,2,39,84,-,-,,22.769157,74.605708
1228,GUJARAT,26,31,6.7,8.2,7.9,8.4,318,754,BDL,BDL,BDL,0.75,4,40,31,210,-,-,,22.846264,74.291789
2104,MADHYA PRADESH,24,28,6.8,7.8,7.3,8.1,324,1040,1.8,2.8,0.49,1.25,2,12,46,90,-,-,,23.639659,75.126136
2102,MADHYA PRADESH,24,26,6.5,7.7,7.3,7.8,218,750,1.8,2,0.52,0.96,2,7,48,58,-,-,,24.05703,75.074378
1227,GUJARAT,26,30,7.1,8.4,7.6,8.6,361,513,BDL,BDL,BDL,0.58,2,21,33,120,-,-,,23.055164,73.716378
1221,GUJARAT,26,27.7,4.2,8.7,7.2,8.1,420,1248,BDL,1.9,BDL,1.76,4,70,21,280,-,-,,24.22986,73.005317
1223,GUJARAT,27,30,0.3,6.5,7.1,8.0,510,2661,5,48,BDL,0.52,2,540,70,1700,-,-,,22.721547,72.530103
1409,GUJARAT,25,29,6,8.2,7.4,8.5,220,340,BDL,2.5,BDL,0.68,17,220,150,540,-,-,,23.06353,72.589064
1866,GUJARAT,25,29,6.2,8,7.3,8.1,223,403,BDL,2.6,BDL,1.02,6,63,47,280,-,-,,23.090926,72.629239
1,GUJARAT,23,29,5.3,8,7.4,8.3,340,512,BDL,0.8,BDL,BDL,2,4,4,27,-,-,,24.004528,72.853278
2,GUJARAT,25,30,0.3,7.5,7.0,8.4,247,3047,1.9,168,BDL,0.78,45,1600,280,2200,-,-,,22.982611,72.543139
1407,GUJARAT,27,29,7,7.9,7.7,8.3,322,362,1.1,1.9,BDL,0.31,4,47,21,240,-,-,,23.245906,72.68218
1408,GUJARAT,29,33,0.3,4.2,7.1,8.2,664,2630,9,76,BDL,0.61,170,1600,920,5400,-,-,,23.031314,72.575114
1482,GUJARAT,28,28,7,7.3,7.9,8.2,415,452,1,2,BDL,BDL,4,12,33,70,-,-,,23.496903,72.796265
2075,GUJARAT,24,29,5,8.1,7.6,8.3,334,643,0.5,1.1,BDL,BDL,2,4,2,27,-,-,,24.004247,72.854736
1222,GUJARAT,24,33,2.3,6.1,7.5,8.5,460,2530,1.3,8.7,BDL,1.12,17,1600,110,1600,-,-,,22.739321,72.679059
1437,GUJARAT,27,30,BDL,0.3,7.2,8.0,230,3422,42,189,BDL,1.463,540,4300,1600,21000,-,-,,22.868749,72.627351
3321,MADHYA PRADESH,18.5,29.5,7.5,8.4,7.5,8.01,218,387,BDL,1.7,BDL,0.49,2,18,26,43,2,2,,22.672558,81.766411
1242,MADHYA PRADESH,18,29.5,3.6,7.7,7.0,7.9,183,2216,BDL,0.4,BDL,0.42,2,18,2,44,2,2,,22.67244,81.759518
1241,MADHYA PRADESH,17.2,26,6.8,8.3,7.2,8.7,160,363,BDL,2.6,BDL,0.8,2,14,17,48,-,-,,22.598638,80.371449
1240,MADHYA PRADESH,17,23.5,7,8.6,7.0,8.3,170,357,BDL,1.9,BDL,1.16,2,11,12,49,-,-,,22.948622,79.190171
2106,MADHYA PRADESH,22,28,7,7.9,7.3,8.3,279,360,BDL,2,0.31,51,2,18,28,49,2,2,,22.496589,76.980555
45,MADHYA PRADESH,20,24,7.3,8.6,7.4,8.5,214,340,BDL,1.3,0.51,1.33,2,2,32,47,-,-,,22.177393,75.659194
1239,MADHYA PRADESH,20,24.6,7.2,8,7.7,8.3,152,594,BDL,1.2,BDL,1.24,2,2,34,48,-,-,,22.037618,74.901793
1431,MADHYA PRADESH,19,24.3,7.3,8,7.4,8.1,258,338,BDL,1.3,0.61,1.11,2,2,38,49,-,-,,22.169213,75.583684
2099,MADHYA PRADESH,17,25,7,8.7,7.4,8.6,130,378,BDL,1.9,BDL,0.87,2,4,9,39,-,-,,23.124913,79.774671
1234,MADHYA PRADESH,17,32,8.3,9.8,7.5,7.9,246,298,1.1,1.7,0.95,1.75,2,2,26,63,2,2,,22.756614,77.690036
2112,MADHYA PRADESH,19,24.2,7.2,8.3,7.0,8.3,270,489,BDL,1.2,BDL,3.65,2,2,34,49,,,,22.226413,76.045534
44,MADHYA PRADESH,18,31,5.8,9.1,7.6,8.39,268,367,1,1.5,1.62,7.64,2,35000,38,160000,2,8,,22.762685,77.71649
1235,MADHYA PRADESH,18,30,5.6,8.7,7.4,8.2,278,365,1,1.5,2.12,8.12,2,57000,84,160000,2,9,,22.756584,77.687182
2113,MADHYA PRADESH,19,24.3,7.1,8.2,7.3,8.4,242,2676,BDL,1.1,0.59,1.02,2,2,27,49,-,-,,22.283823,76.471463
1430,MADHYA PRADESH,19,24.4,7,8.1,7.4,8.2,224,292,BDL,1.2,0.58,1.11,2,2,31,49,-,-,,22.243694,76.150756
3322,MADHYA PRADESH,13,26,7,7.8,7.3,8.6,160,366,BDL,2,BDL,0.85,2,6,14,48,-,-,,22.598282,80.370419
3323,MADHYA PRADESH,17,25.2,7,8.6,7.2,8.7,138,411,BDL,1.8,BDL,1.1,2,59,20,48,-,-,,23.124518,79.775616
3324,MADHYA PRADESH,17.2,23.5,7,8.1,7.3,8.3,218,385,BDL,1.9,BDL,1.2,2,6,8,400,-,-,,23.133109,79.800745
3325,MADHYA PRADESH,17.2,23.3,7,7.8,7.3,8.3,226,2600,BDL,1.9,BDL,1.34,2,6,10,49,-,-,,23.133838,79.800558
2118,MADHYA PRADESH,18.2,29.6,7.1,7.8,7.19,8.0,179,311,BDL,1.7,BDL,0.45,2,18,33,47,2,2,,23.08306,81.567668
2123,MADHYA PRADESH,17,30,5.8,8.6,7.59,8.34,251,388,1,1.4,1.42,10.72,2,35000,63,92000,2,13,,22.761672,77.7185
3847,MADHYA PRADESH,20,24.6,7.1,8,7.6,8.3,244,306,BDL,1.4,0.66,1.778,2,2,32,49,-,-,,22.146769,75.346636
4582,MADHYA PRADESH,17.3,25.9,7,8.4,7.4,8.3,150,3330,0.4,2,0.31,1.3,1.8,4,39,39,-,-,,23.100994,79.966769
4583,MADHYA PRADESH,17.4,23.6,7,8.2,7.2,8.1,160,390,0.7,1.8,0.46,2.44,1.8,6,40,40,-,-,,23.109371,79.586374
4584,MADHYA PRADESH,17.3,23.4,7,8.1,7.1,8.3,160,352,0.7,1.9,0.36,1.21,1.8,10,430,430,-,-,,23.030243,79.019407
4586,MADHYA PRADESH,17.3,23.6,7,8,7.1,8.2,147,2800,0.8,1.8,0.53,2.42,1.8,1.8,0,0,4,4,,23.003329,79.192231
4587,MADHYA PRADESH,18,25,8.6,8.9,8.0,8.1,208,288,1,1.1,1.02,1.55,2,2,41,58,2,2,,22.910862,78.352357
4588,MADHYA PRADESH,18,32,8.8,9.3,7.7,8.0,216,307,1,1.2,0.87,4.6,1.8,2,58,63,2,2,,22.862205,77.916949
4589,MADHYA PRADESH,17,32,8.5,9.2,7.8,8.0,258,327,1.2,1.5,1.37,3.03,1.8,2,70,84,2,2,,22.862872,77.914305
4590,MADHYA PRADESH,18,31,8.7,9.9,7.9,8.0,237,295,1,1.4,1.29,2.08,1.8,2,49,70,2,2,,22.803009,77.777088
4591,MADHYA PRADESH,17,31,8.1,9.7,7.8,8.0,251,306,1.1,1.6,1.83,2.2,1.8,2,58,79,2,2,,22.795902,77.761918
4592,MADHYA PRADESH,18,31,8.2,9.9,7.5,8.0,178,287,1.1,1.7,0.97,2.04,1.8,2,58,84,2,2,,22.766248,77.687799
4593,MADHYA PRADESH,18,32,8.6,9.3,7.7,8.0,218,285,1.2,1.5,0.17,3.8,1.8,2,58,79,2,2,,22.751431,77.609669
4594,MADHYA PRADESH,22,28,7.1,7.8,7.4,8.6,319,352,0.7,2.4,0.581,0.857,2,18,30,49,-,-,,22.496059,76.979299
4595,MADHYA PRADESH,20,28,7,7.8,7.4,8.3,325,343,0.7,2.8,0.011,0.918,2,6,29,58,-,-,,22.497439,76.97156
4596,MADHYA PRADESH,19,24.8,7.2,8.2,7.5,8.5,208,284,0.6,1.1,0.602,0.932,1,1,14,43,-,-,,22.145048,76.587208
4597,MADHYA PRADESH,19,24.4,7,8.2,7.4,8.2,248,429,0.6,1.1,0.512,0.908,1,1,31,43,-,-,,22.245668,76.150971
4598,MADHYA PRADESH,20,25,7.2,8.4,7.5,8.4,248,328,0.5,1.2,0.521,1.291,1,1,31,49,-,-,,22.196054,75.915996
4599,MADHYA PRADESH,19,24.3,7.3,8,7.5,8.1,207,305,0.6,1,0.601,1.098,1,1,32,43,-,-,,22.158717,75.690453
4600,MADHYA PRADESH,19,24.3,7.2,8.3,7.6,8.3,254,341,0.5,1.1,0.521,1.966,1,1,33,48,-,-,,22.162334,75.545073
4601,MADHYA PRADESH,19,24.6,6.9,8.1,7.6,8.8,264,307,0.6,1.2,0.451,1.238,1,1,36,49,-,-,,22.157587,75.446411
7,GUJARAT,27,30,6,8,7.1,8.3,264,346,BDL,1,BDL,0.32,4,27,47,152,-,-,,21.887833,73.645444
1244,GUJARAT,27,33,6.9,8,7.6,8.3,248,2656,BDL,1.1,BDL,BDL,21,32,46,94,-,-,,21.950608,73.584697
1245,GUJARAT,22,28,6.8,8.7,7.1,8.0,288,510,BDL,1,BDL,0.704,4,18,21,210,-,-,,21.983722,73.456331
1981,GUJARAT,26,30,6.4,7.7,7.5,8.4,321,481,BDL,1.1,BDL,BDL,21,49,68,92,-,-,,21.714997,73.042891
1243,GUJARAT,26,30,3.6,7.5,7.5,8.2,244,972,BDL,1,BDL,BDL,70,170,210,320,-,-,,21.665906,72.916681
1236,MADHYA PRADESH,20,24,6.8,8.2,7.4,8.5,298,661,BDL,1.4,BDL,1.25,2,2,40,70,-,-,,22.562555,77.978245
2100,MADHYA PRADESH,17,26,7,7.8,7.2,8.7,130,410,BDL,1.6,BDL,0.8,2,2,12,47,-,-,,23.117239,79.99781
2114,MADHYA PRADESH,19,25,5.6,7.6,7.7,8.7,345,569,BDL,1.8,BDL,6.12,2,150,40,1600,2,60,,22.168429,75.723814
3305,MADHYA PRADESH,17.3,26.5,7,7.8,7.4,8.6,160,3680,BDL,1.9,BDL,0.8,2,4,11,46,-,-,,22.049425,80.716076
3326,MADHYA PRADESH,23.4,27.8,5.1,6.9,7.3,8.6,160,368,BDL,1.9,BDL,2.21,2,10,14,41,2,2,,23.833509,80.389749
3828,MADHYA PRADESH,17.2,24.6,6.1,7.9,7.2,8.9,210,1168,1,2.4,BDL,1.16,2,34,17,480,-,-,,23.277289,79.649662
3829,MADHYA PRADESH,17.5,23.5,7,7.8,7.1,8.6,182,398,BDL,2.8,BDL,0.75,2,24,17,210,-,-,,23.277283,79.648869
2115,MADHYA PRADESH,19,26,6.6,8.2,7.3,8.5,255,490,BDL,1.6,BDL,1.64,2,12,38,210,4,4,,21.435417,76.436112
9,MADHYA PRADESH,19,26,6.8,8,7.3,8.4,208,430,BDL,1.2,BDL,0.91,2,2,32,49,-,-,,21.4345,76.436556
10,MADHYA PRADESH,19,26,4.6,8.3,7.6,8.5,285,686,1.3,2.4,BDL,9.60,2,3,48,220,2,3,,21.286389,76.222361
1250,MADHYA PRADESH,19,26,4.8,8.2,7.6,8.3,280,659,1.3,1.9,BDL,1.29,2,6,47,170,3,36,,21.264413,76.190181
46,GUJARAT,24,34,6.6,7.5,6.8,8.4,320,4848,BDL,1.2,BDL,0.19,2,54,2,73,-,-,,21.259844,73.565783
1247,GUJARAT,26,29,7,7.6,7.0,8.3,321,4128,BDL,1.2,BDL,0.81,2,14,2,58,-,-,,21.247908,73.301033
1983,GUJARAT,25,30,6.5,7.4,7.0,7.9,335,553,BDL,0.9,BDL,0.19,2,17,2,63,-,-,,21.221618,73.170007
47,GUJARAT,25,29,7,7.6,7.0,8.0,232,4708,BDL,1.2,BDL,0.36,2,11,2,54,-,-,,21.284075,72.952236
1248,GUJARAT,25,29,7,7.4,7.1,8.0,240,678,BDL,1.8,BDL,0.54,2,23,2,79,-,-,,21.2855,72.935483
1982,GUJARAT,25,29,7,7.4,7.1,8.4,216,813,BDL,1.3,BDL,0.47,2,14,2,83,-,-,,21.194545,72.811552
2071,GUJARAT,26,32,0.7,7,7.1,7.7,2005,61120,BDL,2.3,BDL,0.34,6,23,47,150,-,-,,21.148919,72.743684
2070,GUJARAT,25,30,4.8,7.2,7.1,8.2,211,3160,BDL,2,BDL,0.55,6,21,39,64,-,-,,21.461094,72.726327
3203,GUJARAT,27,31,6.1,8.2,7.4,8.2,298,1410,BDL,1.6,BDL,0.35,27,79,94,170,-,-,,21.635384,73.064972
1851,CHHATTISGARH,23,27,6.5,7.1,7.3,7.5,176,356,2.2,3,-,-,9,11,2,41,-,-,,20.308614,81.917614
1264,CHHATTISGARH,22,26,6.6,7.4,7.4,7.4,184,378,1.2,7,-,-,2,2,4,40,-,-,,20.652037,81.551365
1099,CHHATTISGARH,22,29,6.2,6.8,7.3,7.6,288,2940,2,4.6,-,-,2,32,12,94,-,-,,20.969822,81.876732
1852,CHHATTISGARH,22,28,6.4,6.8,7.5,7.6,284,386,1,2.6,-,-,11,21,6,48,-,-,,21.15025,82.002864
1100,CHHATTISGARH,19,32,7.3,7.9,8.0,8.6,222,298,1.1,2.2,1.9,4.7,2,20,2,220,-,-,,21.730837,82.565689
1282,CHHATTISGARH,19.5,32,6.3,7.5,8.2,8.7,70,292,1.3,2.5,2.1,5.2,2,30,10,220,-,-,,21.728709,82.568814
1467,CHHATTISGARH,20,31.5,6.5,7.5,8.0,8.7,244,322,1.2,2.6,2.8,4.9,2,40,2,280,-,-,,21.695876,83.2426
3168,CHHATTISGARH,25.5,26.1,6.4,6.9,7.1,7.2,118,12621,BDL,1.4,BDL,7.84,13,260,49,700,-,-,,22.282751,82.700933
1101,CHHATTISGARH,19,27,6.5,7.4,7.0,7.6,194,224,1.2,4.2,0.84,44.03,2,9,9,48,-,-,,21.665195,83.433435
1281,ODISHA,22,31,7.4,8.8,6.8,8.3,124,215,BDL,1.5,BDL,1.23,20,490,130,2400,-,-,,21.516358,83.851139
1270,ODISHA,21,30,6.6,8.6,6.6,8.2,143,299,BDL,1.4,BDL,0.88,45,1400,130,3500,2,11,,21.455443,83.960359
1271,ODISHA,22,31,7,8.4,6.9,8.5,157,342,1,2.7,BDL,1.80,130,2200,540,7000,2,79,,21.460108,83.969058
2405,ODISHA,23,29,6.8,8.4,7.0,8.3,140,206,BDL,1.5,BDL,1.02,130,2200,330,3500,2,17,,21.466747,83.980098
1272,ODISHA,23,30,6.8,8.8,7.1,8.3,128,255,BDL,1.5,BDL,1.29,2,1300,20,3300,2,17,,20.865096,83.91172
1274,ODISHA,23,31,6.2,8.8,7.1,8.3,147,287,BDL,1.9,BDL,2.24,20,1700,170,3400,2,70,,20.855331,83.904147
2404,ODISHA,22,30,6.8,8,7.1,7.9,143,208,BDL,1.7,BDL,1.23,20,1300,170,2400,-,-,,21.489937,83.889449
2406,ODISHA,19,33,7.1,8.8,7.2,8.4,142,212,BDL,1.4,BDL,2.49,20,790,170,2400,2,32,,20.470289,85.764033
3887,ODISHA,23,29,5.3,8.2,6.6,8.0,140,408,BDL,1.8,BDL,1.07,170,1700,790,4900,2,22,,21.391,83.977889
1275,ODISHA,18,28,5.8,10.4,6.8,8.3,145,272,BDL,1.6,BDL,1.91,2,780,78,1700,2,49,,20.612579,84.790163
1276,ODISHA,19,35,7.2,9.2,7.2,8.4,146,225,BDL,1.7,BDL,1.82,45,1400,170,2800,2,22,,20.463775,85.083179
1277,ODISHA,19,33,6.8,9.4,7.3,8.5,82,209,BDL,1.5,BDL,1.62,78,1300,230,3500,2,49,,20.490062,85.895865
1278,ODISHA,20,31,6.3,8.9,7.3,8.3,135,230,BDL,2.6,BDL,1.99,220,2300,790,4900,2,70,,20.48147,85.893506
3888,ODISHA,22,31,6.8,8.2,6.9,8.1,146,195,BDL,1.4,BDL,1.18,2,330,78,790,-,-,,21.493582,83.901828
3890,ODISHA,19,30,6.2,8.6,7.1,8.4,124,212,BDL,1.7,BDL,1.61,130,1700,330,3500,2,79,,20.437919,85.978858
2407,ODISHA,21,33,6.4,8.6,7.1,8.1,146,7746,BDL,1.3,BDL,1.06,2,490,2,1700,2,21,,20.332506,86.573781
1639,ODISHA,21,34,6,8.6,7.1,8.4,292,42560,BDL,2.4,BDL,2.13,2,700,2,1700,2,79,,20.268444,86.6548
1107,CHHATTISGARH,23,36,7.4,7.6,7.0,7.5,229,229,1,1.8,BDL,0.33,4,380,2,1600,-,-,,21.038264,80.973647
1266,CHHATTISGARH,24,27,6.4,7.2,7.4,7.6,274,398,2.8,3.8,-,-,4,46,2,94,-,-,,21.618808,81.695639
1845,CHHATTISGARH,22,28,7.1,7.8,7.1,7.5,200,204,1.1,1.8,BDL,BDL,5,270,2,1600,-,-,,21.189994,81.280092
3166,CHHATTISGARH,22,36,5.5,7.4,7.4,7.8,465,465,2,3.8,BDL,0.78,2,360,4,1600,260,260,,21.304368,81.304163
3167,CHHATTISGARH,23,35,7.3,7.6,7.1,7.5,208,208,1.2,1.8,BDL,34.02,2,500,9,1700,-,-,,21.047808,81.065781
1265,CHHATTISGARH,21,26,6.6,7.1,7.3,7.5,186,387,2,2.7,-,-,14,25,9,84,-,-,,21.248011,81.542917
1846,CHHATTISGARH,22,36,7,7.6,7.1,7.6,294,294,1.5,2.2,BDL,0.64,12,300,2,1700,2,2,,21.179853,81.2545
1847,CHHATTISGARH,23,35,6.7,7.6,7.2,7.5,285,285,1.6,2.1,BDL,0.98,10,210,2,1600,2,2,,21.200022,81.237472
1853,CHHATTISGARH,23,26,6.4,6.5,7.3,7.6,192,396,1.9,2.6,-,-,11,11,7,79,-,-,,21.105793,81.579948
1105,CHHATTISGARH,25.4,25.9,7,8,7.0,7.1,126,10403,BDL,0.6,BDL,2.63,11,78,33,270,-,-,,22.380472,82.708433
1106,CHHATTISGARH,19,30,6.9,7.5,7.4,8.5,298,350,1.2,7.5,2.1,6,4,40,22,170,-,-,,22.048233,82.634978
3165,CHHATTISGARH,25.5,26.1,0.6,7.4,7.1,7.1,107,15134,BDL,0.8,BDL,5.05,9,140,27,490,2,2,,22.339305,82.692841
3169,CHHATTISGARH,25.5,26.2,0.6,8,7.1,7.1,118,12896,BDL,0.6,BDL,2.65,2,37,17,240,-,-,,22.397187,82.707022
3170,CHHATTISGARH,25.6,26.3,7.2,8,7.1,7.2,114,15723,BDL,0.4,BDL,2.3,18,20,18,20,-,-,,22.382936,82.716442
1267,ODISHA,20,31,6.4,8.2,6.8,8.3,66,183,BDL,1.6,BDL,7.43,110,1400,330,1800,-,-,,22.124146,84.043157
1268,ODISHA,18,29,7.4,8.6,6.8,8.3,109,204,BDL,1.8,BDL,1.07,45,1100,230,2200,2,2,,21.856425,84.002419
1269,ODISHA,17,29,7.4,8.8,6.9,8.1,102,248,BDL,1.8,BDL,0.941,130,2200,490,3500,2,2,,21.828126,83.941121
1300,ODISHA,18,30,7.8,8.6,6.9,8.3,97,242,BDL,1.8,BDL,0.81,45,790,330,3500,2,2,,21.863911,83.947739
2409,ODISHA,20,31,6.1,8.8,7.0,8.5,128,301,BDL,3.8,BDL,2.51,130,22000,490,54000,8,49,,20.395008,85.907675
1279,ODISHA,19,30,5.4,8.9,7.1,8.3,141,258,BDL,1.9,BDL,0.81,330,2400,1300,5400,2,27,,20.297906,85.882365
1280,ODISHA,19,30,4.2,8.8,7.0,8.4,152,391,2.2,4.7,BDL,8.2,1300,92000,2400,160000,2,170,,20.297755,85.880734
2410,ODISHA,19,30,4.7,9.7,7.4,8.3,113,251,BDL,1.7,BDL,0.70,130,1700,490,3500,2,46,,20.32735,85.861197
1301,ODISHA,19,30,6.1,8.4,7.5,8.5,162,318,BDL,3.6,BDL,2.34,1300,24000,1700,54000,5,140,,20.444394,85.890897
1640,ODISHA,20,33,6.2,8.6,7.0,8.5,121,226,BDL,1.3,BDL,1.42,45,4900,230,7000,-,-,,20.546532,85.91187
1848,CHHATTISGARH,20.6,29.2,6.4,7.3,8.0,8.6,298,3240,1.7,2.8,3.7,6.8,4,60,17,280,-,-,,22.069453,82.190639
1849,CHHATTISGARH,19,27,6.5,7.3,7.1,7.5,198,2240,1.2,4.1,0.92,1.14,4,83,17,27,-,-,,21.914789,83.404678
1850,CHHATTISGARH,19,27,5.7,7.4,7.3,7.9,202,226,2.2,7,0.99,1.36,6,26,31,84,-,-,,21.911203,83.407498
2411,ODISHA,19,30,4.1,8.9,7.0,8.1,148,402,1.7,4.2,BDL,9.25,790,160000,2400,160000,2,220,,20.139142,85.758142
3894,ODISHA,19,30,4.7,9.5,7.0,8.3,151,346,BDL,1.4,BDL,1.3,490,13000,1400,35000,4,17,,20.209517,85.851342
3895,ODISHA,19,31,5.5,8.5,7.0,7.9,162,430,BDL,2.9,BDL,3.52,450,17000,1400,35000,4,79,,19.971978,85.616683
3891,ODISHA,21,31,7.4,8.6,7.6,8.4,136,225,BDL,1.3,BDL,1.42,45,1700,170,3500,2,17,,20.4805,85.775961
3892,ODISHA,21,33,5.6,9,7.2,8.2,147,334,BDL,3.3,BDL,2.08,68,7900,330,17000,4,170,,20.432714,85.951767
3893,ODISHA,20,34,6.2,9.2,7.4,8.2,130,287,BDL,1.4,BDL,1.37,45,1700,230,4900,-,-,,20.351511,86.024825
3900,ODISHA,23,33,5.2,8.2,7.0,8.2,110,1644,BDL,1.6,BDL,1.92,20,1100,230,2800,-,-,,20.538867,86.386464
3901,ODISHA,23,33,4.6,8,6.8,8.2,178,1645,BDL,2.4,BDL,1.96,45,2200,470,4700,-,-,,20.504644,86.438661
3902,ODISHA,21,32,5.8,8.4,6.9,8.2,147,24960,BDL,2.1,BDL,1.28,2,1300,45,3300,-,-,,20.064036,86.277083
3896,ODISHA,20,31,0.6,3.4,6.9,7.9,186,391,3.3,13.3,BDL,9.93,14000,160000,92000,160000,110,280,,20.332353,85.849592
3897,ODISHA,20,29,0.4,2.3,5.9,7.8,180,642,3.8,19.9,BDL,9.05,16000,160000,54000,160000,130,920,,20.304894,85.867533
3898,ODISHA,21,29,0.2,3.2,5.7,7.8,212,511,5.1,13.8,BDL,11.92,13000,160000,35000,160000,79,350,,20.225675,85.842164
3899,ODISHA,21,28,1.3,8.3,6.1,7.9,175,401,3.4,8.5,BDL,9.52,2100,54000,7900,92000,23,170,,20.140372,85.78135
3903,ODISHA,22,33,5.5,11.3,6.6,8.2,172,359,BDL,2.2,BDL,5.64,330,7900,790,17000,49,49,,20.26265,85.933058
3904,ODISHA,23,32,5.8,10.3,6.8,8.0,166,401,BDL,2,BDL,3.64,110,4900,780,13000,-,-,,20.060761,86.005786
3905,ODISHA,23,32,5.3,8.6,6.7,8.0,148,318,BDL,2.1,BDL,6.19,700,13000,1300,22000,-,-,,19.983075,86.01477
3906,ODISHA,20,32,6.1,7.8,6.7,8.3,128,3286,BDL,1.7,BDL,1.4,45,4900,130,11000,13,13,,19.869631,85.659306
3907,ODISHA,23,33,4.5,15.7,6.8,8.3,163,16140,1.3,4.6,BDL,8.86,130,22000,490,160000,2,140,,19.813689,85.792191
3908,ODISHA,20,31,5.8,8.3,6.9,7.9,148,1100,BDL,1.4,BDL,2.24,78,2300,230,4900,-,-,,19.892367,85.804156
3909,ODISHA,20,30,5.9,8.3,7.2,8.3,166,290,BDL,1.9,BDL,0.80,230,1100,790,3500,-,-,,19.785089,85.216181
3910,ODISHA,19,30,5.6,8,6.9,7.8,315,877,BDL,2.1,BDL,0.67,130,2800,330,4900,-,-,,19.664692,85.165217
3911,ODISHA,20,32,5.4,8.3,6.6,7.9,173,627,BDL,1.8,BDL,3.6,170,1700,220,4900,2,49,,19.899743,85.778318
3912,ODISHA,18,30,5.3,8.8,7.0,8.1,141,446,BDL,1.8,BDL,1.47,110,22000,1700,54000,8,130,,19.949723,85.670002
3913,ODISHA,20,30,6.3,8.7,6.9,8.1,124,273,BDL,2,BDL,1.06,400,2200,2200,4900,2,70,,19.905792,85.371669
3914,ODISHA,20,29,5.8,10.6,7.5,8.4,298,14160,BDL,2.6,BDL,0.66,170,2300,790,4900,2,79,,19.53141,85.100654
2412,ODISHA,20,31,6.2,8.6,6.5,8.0,91,272,BDL,1.3,BDL,2.10,110,1300,270,3500,-,-,,22.249467,84.749906
1081,ODISHA,16,25,6,7.9,6.9,8.0,90,153,BDL,1.6,BDL,1.58,78,1300,170,4900,120,120,,22.018734,85.406998
1082,ODISHA,16,24,5.6,8.4,6.9,8.0,117,166,BDL,1.8,BDL,1.59,170,2300,270,3300,-,-,,21.214851,86.121323
1083,ODISHA,20,25,6.9,7.9,6.9,8.3,111,269,BDL,1.3,BDL,1.92,20,1300,130,3500,-,-,,20.851312,86.33016
3935,ODISHA,16,23,5.9,7.9,6.9,7.5,68,159,BDL,1.5,BDL,1.4,45,1300,140,2300,-,-,,21.827047,85.440667
3936,ODISHA,16,26,5.8,7.6,6.7,7.7,64,171,BDL,1.4,BDL,3.46,68,1700,220,4900,-,-,,21.868089,85.444244
1085,ODISHA,18,30,6,8.8,6.7,8.0,306,34510,BDL,1.8,BDL,1.84,45,790,220,2400,-,-,,20.795283,86.896965
3938,ODISHA,20,26,5.8,7.7,6.8,7.8,107,212,BDL,1.6,BDL,1.85,2,790,78,3300,-,-,,21.815589,85.808328
3937,ODISHA,18,26,6.2,8.3,6.6,7.6,105,196,BDL,1.8,BDL,1.40,20,790,140,3300,12,12,,22.069525,85.670199
1084,ODISHA,18,30,5.6,8.4,6.8,8.0,139,6210,BDL,2.3,BDL,0.92,110,2200,220,3500,-,-,,20.774033,86.744211
10018,Odisha,18,30,6,8.8,6.7,7.9,142,7980,BDL,2.4,BDL,0.99,110,2400,270,4900,-,-,,20.771465,86.737773
3940,ODISHA,18,30,6,9.2,6.5,8.1,96,322,BDL,1.3,BDL,1.44,220,1300,780,2400,-,-,,21.062633,86.479447
3941,ODISHA,18,30,6,9.6,6.5,8.5,85,288,BDL,2,BDL,0.95,130,2800,230,4900,-,-,,21.062606,86.503053
2421,ODISHA,16,23,5.8,8.4,7.3,8.1,108,280,BDL,1.6,BDL,0.85,130,1700,220,4900,2,2,,21.325488,86.064444
1037,ODISHA,17,30,6.3,8.4,6.7,8.0,95,245,BDL,1.6,BDL,0.67,110,2200,170,4600,24,24,,22.228669,84.803932
1038,ODISHA,18,33,2.8,7.2,6.6,8.2,168,379,2.8,6.3,BDL,12.6,1100,13000,4000,24000,4,33,,20.697347,85.747603
1302,ODISHA,18,31,4,8.6,6.5,7.9,120,249,2.1,5.4,BDL,5.6,230,4900,1100,14000,8,49,,22.182883,84.847889
2414,ODISHA,20,32,6.7,8.4,6.8,7.9,95,227,BDL,3.2,BDL,2,20,1700,220,3500,2,45,,22.074639,84.897806
1039,ODISHA,20,31,6,8.5,6.8,8.4,94,220,BDL,1.4,BDL,6.91,20,1300,140,2300,-,-,,21.820606,84.9516
1040,ODISHA,22,29,5.8,9.4,7.0,8.4,93,169,BDL,1.2,BDL,0.78,2,790,20,1700,-,-,,21.276098,85.035007
1041,ODISHA,22,29,5,8.6,6.9,8.3,94,183,BDL,1.3,BDL,0.76,110,1300,220,3500,-,-,,21.074527,85.142032
2415,ODISHA,23,28,6.8,9.6,7.0,8.2,103,184,BDL,1.1,BDL,0.75,8,1100,46,2800,2,12,,20.996256,85.248842
2416,ODISHA,21,28,6.8,8.8,7.0,8.0,129,215,BDL,1.9,BDL,0.92,23,1700,130,3300,2,24,,20.825086,85.316236
1042,ODISHA,21,27,6.2,8.8,7.0,8.1,115,241,BDL,2.4,BDL,1.90,20,3300,170,7900,2,21,,20.867785,85.278472
2417,ODISHA,22,28,5.8,8.4,7.2,8.2,111,213,BDL,1.9,BDL,1.25,45,2200,78,2400,-,-,,20.746464,85.5563
1303,ODISHA,22,29,6.4,8.8,7.0,8.2,111,205,BDL,1.1,BDL,0.77,33,1300,140,3300,2,14,,20.949817,85.216631
1043,ODISHA,22,28,6.2,8.6,7.2,8.1,112,191,BDL,2.4,BDL,0.73,78,1700,490,3300,-,-,,20.879162,85.835492
2418,ODISHA,20,25,6.5,8.2,6.8,8.2,114,181,BDL,1.6,BDL,1.42,78,1300,330,3500,-,-,,20.889011,86.010639
1044,ODISHA,21,26,7.2,8,6.9,8.3,119,246,BDL,1.9,BDL,1.18,170,1300,790,3500,-,-,,20.770422,86.149638
1045,ODISHA,23,33,5.8,8.3,7.1,8.0,123,477,BDL,1.8,BDL,1.00,170,790,220,3500,-,-,,20.585906,86.568249
3916,ODISHA,20,32,5.6,10,6.6,7.8,101,240,1.5,4,BDL,2.29,20,3300,130,11000,2,17,,22.150783,84.855344
3917,ODISHA,22,28,6.6,9.4,7.1,8.1,113,199,BDL,1.6,BDL,0.67,170,2400,490,17000,-,-,,20.755446,85.612598
3918,ODISHA,23,28,6.4,8.8,7.2,8.1,113,187,BDL,1.3,BDL,1.81,45,1300,170,2300,-,-,,20.746372,85.556042
2419,ODISHA,20,26,7.1,8.2,6.6,8.4,113,203,BDL,1.8,BDL,2.31,17,790,130,2100,-,-,,20.853192,86.200283
2420,ODISHA,23,33,5.2,9,6.9,8.2,115,506,BDL,1.6,BDL,1.07,78,1700,270,4300,-,-,,20.694244,86.652433
3922,ODISHA,22,25,7,8.6,6.7,8.1,102,209,BDL,1.1,BDL,1.08,78,1300,220,2800,-,-,,20.687111,86.507297
3931,ODISHA,22,28,5.8,9.6,7.5,8.2,222,485,BDL,1.8,BDL,0.69,460,1700,950,3500,-,-,,20.770231,85.407953
1035,JHARKHAND,18,18,7.8,8.3,7.3,7.5,,,1.9,2.3,,,200,230,1200,1200,-,-,,22.833734,85.130562
3915,ODISHA,19,27,6.7,8,6.8,8.1,109,282,BDL,1.8,BDL,1.67,45,1300,210,2400,-,-,,22.125072,85.365375
2360,TELANGANA,15,27,6.7,7.6,7.0,7.4,336,491,2.1,21,2.09,4.18,2,17,8,49,2,5,,18.868297,77.962194
2361,TELANGANA,27,30,4.5,5.9,7.8,8.3,441,585,2,3,0.5,1.4,2,4,8,120,2,2,,18.838133,79.441697
13,TELANGANA,27,32,4.7,6.6,7.17,8.34,436,588,2.1,4,0.3,3.8,2,3.7,2,84,2,2,,18.850151,79.442839
2362,TELANGANA,26,30,4.6,6.1,7.7,8.4,408,563,2.1,3.1,0.3,2,2,6,7,79,2,2,,18.819131,79.468017
2363,TELANGANA,26,30,4.2,6,7.3,8.42,418,559,2.1,5.3,0.4,3,2,4,7,63,2,2,,18.781656,79.513558
2364,TELANGANA,27,29,4,5.9,7.7,8.4,436,586,2.1,3,0.4,2,2,4,2,63,2,2,,18.786369,79.521028
2365,TELANGANA,26,29,4.2,6.3,7.6,8.36,210,622,2.1,4,0.3,3,2,3.6,4,34,2,2,,18.288014,80.492375
2367,TELANGANA,26,33,5.2,6,7.4,8.3,180,396,2.1,3.3,0.3,1,2,4,8,120,2,2,,17.674897,80.883094
2369,TELANGANA,27,32,4,6.2,7.4,8.32,103,436,2,3.2,0.3,2,2,4,4,84,2,2,,17.648483,80.8775
2366,TELANGANA,27,29,5.4,6.2,7.2,8.4,219,484,2,3,0.3,3,2,3.7,4,48,2,2,,18.263814,80.538533
2368,TELANGANA,26,33,5,5.9,7.44,8.32,182,438,2.1,4,0.3,1.2,2,4,5,110,2,2,,17.655586,80.876653
2356,TELANGANA,26,28,4.1,6,7.75,8.3,455,680,2.1,4,0.4,3,2,20,8,150,2,2,,18.727075,79.620161
4662,TELANGANA,27,28,5.2,6.2,7.31,8.39,272,4600,2.1,2.9,BDL,2,2,4,7,49,2,2,,18.813683,79.911477
1218,ANDHRA PRADESH,23,28,6.2,7.7,7.1,8.4,120,326,1.1,2,BDL,4.2,3,15,63,210,2,2,,17.069466,81.711134
1219,ANDHRA PRADESH,25,30,6.2,8.4,7.1,8.0,125,340,1,2.6,BDL,2.93,9,21,120,240,2,2,,17.007975,81.763328
2370,ANDHRA PRADESH,24,30,6.2,8.5,7.0,8.2,168,440,1,2.2,0.3,2.51,7,15,93,240,2,2,,17.023186,81.768181
2371,ANDHRA PRADESH,24,31,5.9,8,6.8,8.2,211,452,1.6,2.6,0.36,2.37,9,21,120,460,2,2,,16.958989,81.78175
4367,ANDHRA PRADESH,22,29,6.4,7.7,7.2,8.7,255,760,1,2.2,BDL,2.79,4,50,64,210,2,2,,17.643378,80.915178
14,ANDHRA PRADESH,22,27,6.2,6.9,7.4,8.1,117,338,1.2,2.3,BDL,3.4,4,11,63,210,2,2,,17.247331,81.646613
1854,CHHATTISGARH,26,34,7.5,7.6,7.3,7.6,-,-,1.5,2.8,-,-,2,12,7,79,2,2,,18.900033,81.344044
1855,CHHATTISGARH,26,34,7.4,7.5,7.4,7.6,-,-,1.8,2.4,-,-,7,17,14,94,2,2,,18.731275,80.278886
1856,CHHATTISGARH,26,34,7.4,7.6,7.3,7.6,-,-,2,2.8,-,-,2,14,5,70,2,2,,18.888807,81.370074
2374,TELANGANA,18,24,0.1,6.9,7.04,7.41,614,1785,2.4,3,BDL,17.31,2,2,24,36,2,18,,17.64797,78.143382
2375,TELANGANA,18,24,0.1,7.2,7.1,7.43,621,1863,2.4,3,BDL,19,2,4,31,40,2,2.8,,17.650778,78.134958
1781,TELANGANA,19,22,6,6.8,7.1,7.37,568,836,2.2,2.9,BDL,9.22,2,2,17,34,2,2,,17.649043,78.118479
1157,TELANGANA,20,25,5.9,7.3,7.0,7.46,256,480,2.1,2.2,BDL,4.31,2,5,13,22,2,2,,17.48468,79.107452
1215,TELANGANA,27,29,5,6.8,6.7,8.2,206,438,2,3.1,0.3,5.6,2,4,2,79,2,2,,17.974814,79.898686
1158,TELANGANA,25,30,4.8,6,7.9,8.5,512,680,2.1,4,BDL,1.1,2,8,9,49,2,2,,18.369532,79.626751
1213,MADHYA PRADESH,17.3,24.2,7,8.3,7.1,8.3,220,388,BDL,1.8,0.06,1.21,2,4,7,46,-,-,,21.802913,80.157861
3330,MADHYA PRADESH,17.1,25.8,7,7.9,7.2,8.4,234,424,BDL,1.7,BDL,0.5,2,10,7,46,-,-,,22.396132,79.540674
2372,TELANGANA,26,32,3.9,5.6,7.7,8.1,328,577,2.2,6,0.3,2.6,2,4,8,70,2,2,,17.224489,80.127061
2373,TELANGANA,27,36,5.6,6.4,7.02,8.32,67,120,2,2.3,BDL,2,2,2,2,26,2,2,,17.616333,81.286295
3080,TELANGANA,25,30,3.7,6,7.4,8.2,469,859,2.1,5,0.8,2,2,4,2,64,2,2,,17.647541,80.707462
3081,TELANGANA,25,32,4.5,6.1,7.6,8.4,409,580,2.1,4,0.6,2,2,37,2,70,2,2,,16.065597,78.829544
30059,INTER-STATE,29,29,6.2,8.1,8.1,8.3,331,356,3,4,0.092,0.333,85,240,1600,1600,41,41,,21.592946,78.52955
1889,KARNATAKA,22,31,6,8.4,7.2,8.7,330,766,BDL,1.6,0.31,4.56,220,920,900,1600,110,540,,16.5575,74.679717
1182,KARNATAKA,22,32,6.9,8.3,7.4,8.7,390,760,BDL,2.5,0.33,4.32,350,920,900,1600,170,500,,16.640864,74.821308
2781,KARNATAKA,29,32,6,9.1,6.8,8.7,400,835,BDL,3.4,0.39,2.34,350,920,900,1600,280,540,,16.325069,75.899925
1181,KARNATAKA,29,32,6.1,9.3,6.8,8.7,379,1020,BDL,3,BDL,2.91,350,920,900,1600,220,540,,16.242436,76.370678
1028,KARNATAKA,27,29,7,7.8,7.8,8.5,311,1202,2,2,BDL,0.54,170,450,920,2200,-,-,,16.369172,76.656647
1170,KARNATAKA,26,32,7,7.8,7.9,8.4,465,1728,2,3,BDL,0.62,220,470,920,2200,-,-,,16.380508,77.362725
39,TELANGANA,26,30,5.3,6.6,7.1,8.3,528,1667,2.1,3.1,BDL,3.2,2,4,2,70,2,5,,16.338826,77.610192
1465,TELANGANA,16,25,5.9,7.1,7.0,7.76,495,1204,2.2,3,4.14,9.37,2,280,13,920,4,210,,16.694675,79.689933
1784,TELANGANA,26,29,5.3,6.6,7.5,9.14,426,1595,2.1,4,0.6,9.84,2,2,2,48,2,2,,16.424222,77.278883
4663,TELANGANA,17,25,5,7,7.1,7.5,422,960,2,2.8,BDL,8.28,2,15,13,47,2,5,,16.69896,79.81132
1175,ANDHRA PRADESH,19,30,4.9,6.5,6.6,8.1,394,1243,1,2.6,BDL,1.7,63,100,280,900,-,-,,16.001874,78.364986
1786,ANDHRA PRADESH,25,27,6.8,7.6,7.2,8.4,514,1393,1.2,2.4,0.67,1.86,3,3,75,380,2,2,,16.801875,80.129553
3083,ANDHRA PRADESH,19,28,5.2,6.8,6.7,7.7,467,778,BDL,2.2,BDL,1.88,72,300,280,1400,-,-,,16.087917,78.890169
3079,ANDHRA PRADESH,26,26,7.3,7.5,7.7,8.0,498,698,2,2.2,BDL,0.82,3,3,120,120,2,2,,16.398256,80.721106
1787,ANDHRA PRADESH,20,28,6.9,7.6,7.4,8.4,550,998,BDL,2.2,0.55,1.3,3,3,64,240,2,2,,16.582608,80.343451
25,ANDHRA PRADESH,20,26,7,7.5,7.2,8.4,440,1086,1,2,0.53,1.16,2,23,75,230,2,2,,16.492476,80.640839
1782,ANDHRA PRADESH,24,27,4,4.9,7.3,8.0,19580,36500,2,2.8,0.56,1.12,3,3,47,150,2,2,,16.000123,81.079082
4375,ANDHRA PRADESH,24,27,7,7.4,7.5,8.4,316,880,BDL,2.2,0.36,1.34,3,3,64,230,2,2,,16.576519,80.520694
4381,ANDHRA PRADESH,21,27,6.8,7.5,7.5,8.4,620,1163,BDL,2.6,0.72,1.2,3,3,120,250,2,2,,16.721665,79.752249
1311,MAHARASHTRA,33,33,5.4,7.3,7.1,8.1,126,587,1.8,2.2,-,-,4.5,17,21,79,1.8,1.8,,16.746155,74.445716
2163,MAHARASHTRA,32,32,5.8,7.4,6.9,8.2,140,719,1.6,2,-,-,4.5,13,22,94,1.8,1.8,,16.721492,74.594819
1904,MAHARASHTRA,31,31,6.2,7.4,6.5,8.2,74,376,1.6,2,-,-,4.5,11,17,84,1.8,1.8,,16.688467,74.169462
1905,MAHARASHTRA,30,30,6,7.6,6.8,8.1,123,479,1.8,2,-,-,5.6,21,24,130,1.8,4,,16.695477,74.274998
1189,MAHARASHTRA,29,29,2.8,5.9,6.7,8.2,244,593,5.2,25,-,-,50,550,550,1800,4,14,,18.481871,73.829569
2655,MAHARASHTRA,28,28,5,6.8,7.24,8.6,186.2,1363,3,9,-,-,8,350,350,1600,2,14,,18.645719,74.056442
1190,MAHARASHTRA,29,29,4.5,6.2,6.72,8.3,229.6,767.8,6,20,-,-,250,1600,1800,1800,9,45,,18.54325,73.885036
1191,MAHARASHTRA,30,30,3.5,6.8,6.85,8.6,443,932,3,14,-,-,4,120,225,900,1.8,7,,18.560303,74.37332
1192,MAHARASHTRA,29,29,3.3,6.7,6.92,8.5,178,1512,3.8,10,-,-,12,140,350,900,2,24,,18.464553,74.583576
1188,MAHARASHTRA,35,35,5.1,6.8,7.6,8.6,458,1592,3.6,11.5,-,-,7,12,200,350,2,8,,17.985845,75.116249
28,MAHARASHTRA,35,35,5.5,6.5,7.1,8.4,455,1780,3,10,BDL,6.3,4,80,350,550,1.8,6,,17.703734,75.544604
30057,INTER-STATE,29,29,6.8,7.4,8.0,8.5,882,1407,2,3,-,-,630,1100,2800,3500,-,-,,17.169773,76.935497
1183,KARNATAKA,25,31,6.8,7.4,7.5,8.5,782,1660,2,3,BDL,2.17,460,1100,2200,3500,-,-,,17.179219,76.566603
1184,KARNATAKA,26,31,6.4,7.8,7.8,8.7,640,1554,2,3.5,BDL,1.31,220,700,920,3500,-,-,,17.069328,76.794283
1167,KARNATAKA,32,32,6.8,7.6,7.5,8.3,390,1326,2.5,3,-,-,170,1100,920,4300,-,-,,16.7341,77.130744
1888,KARNATAKA,31,31,6.8,7.7,7.6,8.5,712,1355,2.5,3,-,-,330,1200,1700,5400,-,-,,17.043481,76.814478
2656,MAHARASHTRA,29,29,5.6,6.8,7.0,8.5,635,920,3.4,8,-,-,2,40,170,900,1.8,2,,18.202061,75.088989
1185,KARNATAKA,18,21,5.3,9.9,7.7,8.8,324,970,BDL,1.8,0.81,5.38,280,920,900,1600,170,540,,16.328103,75.268333
1163,KARNATAKA,20,34,6.1,8.6,7.1,8.6,260,766,BDL,2.1,0.44,4.56,220,900,900,1600,110,500,,16.174961,74.822508
1187,KARNATAKA,22,28,5.4,10.9,7.0,8.6,130,264,BDL,2.9,0.3,2.3,500,900,900,1600,220,500,,15.633431,74.510322
1164,KARNATAKA,24,34,1.5,8.5,7.5,8.8,194,328,BDL,1.5,BDL,4.92,220,900,900,1600,110,350,,15.797983,75.191492
1186,KARNATAKA,17,20,5.1,8.2,7.3,8.8,318,1192,BDL,2.8,0.78,3.72,220,1800,900,3200,110,1000,,16.009319,75.878022
2764,KARNATAKA,18,20,5.3,8.3,7.3,8.8,320,1068,BDL,2.8,1.32,6.4,500,1800,900,3200,280,1000,,15.875672,75.722272
1029,KARNATAKA,27,30,6.3,7.5,7.1,8.0,158,390,2.2,2.8,BDL,1.33,900,1100,1600,1700,-,-,,14.325397,75.771092
29,KARNATAKA,25,30,6.9,7.5,7.6,8.4,190,1118,2,3,BDL,0.19,220,460,920,2200,-,-,,15.494844,76.692417
2767,KARNATAKA,26,28,7.3,7.5,7.2,8.1,150,290,2.3,2.8,BDL,0.52,500,800,200,1600,-,-,,14.514278,75.785697
2768,KARNATAKA,28,29,6,6.5,7.1,8.0,210,710,2.5,5.6,BDL,1.98,800,3500,2200,9000,-,-,,14.514278,75.785697
2769,KARNATAKA,27,29,6.1,6.8,7.1,8.0,172,454,2.3,3.2,BDL,1.66,800,1400,1700,2200,-,-,,14.5265,75.796072
2770,KARNATAKA,27,28,6.5,7,7.1,8.2,210,410,3,4.8,BDL,1.17,2800,5000,5000,8000,-,-,,14.515836,75.797939
2776,KARNATAKA,24,30,7,7.6,7.7,8.5,168,610,2,3,BDL,0.15,140,350,920,1600,-,-,,15.41225,76.58625
2766,KARNATAKA,26,28,7.3,7.5,7.2,8.1,156,320,2.4,3.2,BDL,0.56,500,900,900,2200,-,-,,14.514278,75.785697
1174,ANDHRA PRADESH,20,28,5.4,6.6,7.3,7.9,602,1730,1.3,3,0.32,2.54,95,300,400,1200,-,-,,15.8483,78.034942
1785,ANDHRA PRADESH,22,29,5.3,6.6,6.9,7.9,361,1611,1.4,2.8,0.46,2.6,100,400,400,1500,-,-,,15.944453,77.419709
1168,KARNATAKA,26,29,4.9,8.8,7.1,8.0,150,280,2.6,4.2,0.3,0.94,3000,11000,5000,17000,-,-,,13.926464,75.583336
1896,KARNATAKA,24,29,5.4,7.6,7.1,8.2,162,240,2.2,2.8,BDL,0.77,800,800,1400,1700,-,-,,14.011333,75.676667
1091,KARNATAKA,19,25,5.5,8,6.8,7.3,60,120,1.6,2,BDL,0.1,14,49,170,350,-,-,,13.003125,77.565306
1387,KARNATAKA,28,30,5.6,7.5,7.2,8.1,198,302,2.8,3.8,BDL,0.6,3500,14000,5000,22000,-,-,,13.832272,75.713164
1169,KARNATAKA,26,30,5.1,7.8,7.2,8.3,172,290,2.2,3.2,0.34,0.7,1300,2200,2400,3500,-,-,,13.989311,75.683736
2765,KARNATAKA,27,30,5.4,7.6,7.2,8.2,155,210,2.1,2.8,BDL,0.48,500,900,900,1600,-,-,,13.812647,75.716319
2771,KARNATAKA,18,24,5.7,8.2,6.7,7.2,56,110,1.4,2,BDL,0.1,13,46,140,350,-,-,,13.212753,75.234217
1172,TELANGANA,26,32,4,6.4,6.8,7.9,426,1162,2.1,5,0.33,4.24,1.8,9,34,94,BDL,BDL,,17.370422,78.472561
1173,TELANGANA,21,28,0.1,13,6.91,7.9,1084,1410,10,32,1.71,16.01,39,430,540,1600,38,920,,17.370097,78.469786
2339,TELANGANA,25,29,0.1,1.4,7.0,8.0,1041,1460,10,44,2.2,16,33,920,1600,1600,220,1600,,17.382722,78.557775
3082,TELANGANA,16,27,5,7.1,7.1,7.7,798,1655,3,5,4.11,14.39,1.8,13,15,94,1.8,1.8,,17.247636,79.492042
1178,ANDHRA PRADESH,25,27,7.1,7.6,7.6,8.4,828,1400,1.2,2.4,0.64,1.68,3,3,120,460,BDL,BDL,,16.951698,80.048401
1177,ANDHRA PRADESH,25,26,6.9,7.4,7.6,8.1,794,1128,1.8,2.6,0.92,1.32,3,3,120,250,BDL,BDL,,16.670823,80.297751
1895,KARNATAKA,27,31,6.4,7.6,7.8,9.0,380,715,2,3,BDL,0.6,330,1100,1600,3500,-,-,,17.107483,76.955311
2777,KARNATAKA,26,31,6.2,7.5,7.8,8.7,348,598,2,3,BDL,0.61,460,1100,2200,4300,-,-,,17.139369,76.966739
2349,TELANGANA,18,26,1.5,2.3,6.9,7.5,1311,1920,5.8,12,6.21,16.47,1.8,350,31,1600,34,130,,18.351114,78.73601
2350,ANDHRA PRADESH,22,30,4.7,6.4,7.4,7.8,730,1350,1.5,2.8,0.56,2.54,84,200,280,900,-,-,,15.819061,78.056866
4259,TELANGANA,16,30,6,7.5,7.0,9.1,349,1442,1.9,2.4,2.16,10.12,1.8,13,11,49,1.8,4,,16.575864,79.312177
1255,ANDHRA PRADESH,23,25,5.7,6.1,7.2,7.8,420,803,BDL,2.2,BDL,1.51,1.8,130,400,600,-,-,,14.150574,77.822711
1256,ANDHRA PRADESH,25,38,5.4,6.4,6.7,7.8,480,1270,1.2,3,0.44,3.4,100,300,350,900,-,-,,14.572795,78.79715
1257,ANDHRA PRADESH,21,27,6.8,7.6,7.4,8.4,737,1066,1.2,2.4,0.76,1.11,3,3,120,380,BDL,BDL,,14.481442,79.290142
30,ANDHRA PRADESH,24,38,5.5,6.6,6.9,7.9,554,1315,1.3,2.8,0.43,3.9,100,200,400,900,-,-,,14.464393,78.964627
2351,ANDHRA PRADESH,21,30,4.7,6.3,5.9,7.9,493,1433,1.2,2.8,0.42,2.03,100,400,600,1600,-,-,,15.49,78.4748
1198,KARNATAKA,19,28,6.9,7.8,7.2,8.1,32,187,1,1.8,BDL,0.5,20,83,210,410,-,-,,12.314149,75.698522
1195,KARNATAKA,19,26,6.8,7.2,7.3,8.0,75,225,1.1,2,BDL,0.96,32,93,280,460,-,-,,12.448489,75.96987
33,KARNATAKA,24,28,6.9,7.4,7.7,8.3,118,295,1.2,1.5,0.32,1.7,130,340,790,1300,-,-,,12.425291,76.57265
1171,KARNATAKA,25,29,6.3,7.1,7.4,8.3,147,344,1.4,2.5,0.55,2.1,210,700,1100,1700,-,-,,12.423705,76.693672
1386,KARNATAKA,23,27,6.7,7.3,7.6,8.2,118,301,1.2,1.8,BDL,2.1,130,460,700,1300,-,-,,12.418187,76.679259
34,KARNATAKA,21,28,6.8,7.4,8.0,8.4,148,373,1.1,2,0.52,2,170,490,920,1400,-,-,,12.25531,77.163515
2773,KARNATAKA,22,29,6.7,7.3,7.6,8.2,128,420,1.2,2,0.48,1.5,110,460,630,1200,-,-,,12.321469,76.841472
2774,KARNATAKA,23,28,6.5,7,7.5,8.2,157,327,1.5,2,0.41,2.8,160,580,1100,1700,-,-,,12.425022,76.653544
3566,KARNATAKA,24,28,6.7,7.4,7.8,8.3,125,290,1.1,1.8,0.32,1.2,91,320,580,1200,-,-,,12.426193,76.572738
3568,KARNATAKA,23,28,6.3,7.3,7.6,8.3,145,325,1.2,22,0.44,1.3,140,430,630,1500,-,-,,12.418848,76.682621
3569,KARNATAKA,24,27,6.3,7.1,7.6,8.2,148,328,1.2,2.6,0.32,2.1,210,390,840,1400,-,-,,12.427942,76.67245
3570,KARNATAKA,23,29,6.8,7.3,7.5,8.3,128,448,1.1,1.9,0.32,3.5,110,340,790,1300,-,-,,12.349387,76.29189
3571,KARNATAKA,22,29,6.7,7.4,7.4,8.3,108,450,1.1,2.1,0.34,2.9,91,260,630,1200,-,-,,12.344232,76.282887
3573,KARNATAKA,19,26,6.9,7.3,7.1,8.2,45,291,1.1,1.6,BDL,5,33,93,280,480,-,-,,12.452203,75.957395
3574,KARNATAKA,18,29,7,7.7,7.2,8.2,44,253,1,1.8,BDL,0.81,21,78,170,390,-,-,,12.420811,75.738788
3576,KARNATAKA,20,28,6.5,7.5,7.8,8.3,139,309,1,2,0.5,1.7,93,270,630,840,-,-,,12.36569,76.620597
3578,KARNATAKA,23,28,5.8,7.4,7.7,8.4,169,369,1,3,0.34,1.6,91,330,700,1100,-,-,,12.585609,77.04289
3579,KARNATAKA,21,29,6,8,7.0,8.4,161,389,1.2,2,0.54,2.1,130,490,840,1300,-,-,,12.259171,77.161325
3581,KARNATAKA,23,28,6.8,7.4,7.7,8.4,132,365,1.2,1.8,0.32,1.8,91,430,630,1200,-,-,,12.414678,77.194984
4109,KARNATAKA,24,26,4.5,8,7.1,7.9,255,1177,3,5.2,BDL,8.75,21,11000,350,160000,23,94,,12.407656,76.72181
30052,INTER-STATE,26,26,7.7,8.4,7.6,8.3,336,554,BDL,0.1,BDL,0.73,110,490,920,3500,-,-,,12.24452,77.471777
50,TAMIL NADU,22,31,4.8,7,6.6,8.6,288,479,BDL,4,BDL,1.84,21,46,47,140,-,-,,11.796255,77.806971
51,TAMIL NADU,22,30,1.6,6.9,7.5,7.9,303,1016,BDL,12,BDL,1.23,26,310,94,630,-,-,,11.368215,77.741107
1320,TAMIL NADU,29,33,6,7,7.5,8.4,269,660,BDL,2,BDL,0.36,12,220,33,470,-,-,,11.335795,77.753762
1323,TAMIL NADU,26,32,5.6,6.9,7.6,8.6,343,831,BDL,2,BDL,0.36,21,260,63,630,-,-,,11.18,78.01
3015,TAMIL NADU,29,35,6,7,7.6,8.8,493,879,BDL,2,BDL,0.39,58,260,170,630,-,-,,10.974467,78.180075
1324,TAMIL NADU,26,32,5.7,7,7.6,8.7,356,836,BDL,2.4,BDL,0.34,23,260,70,630,-,-,,11.064392,78.120358
1451,TAMIL NADU,24,35,6,7,7.6,8.6,468,856,BDL,3,BDL,0.81,46,210,150,470,-,-,,11.050024,78.120645
31,TAMIL NADU,27,34,6,7,7.5,8.7,329,887,BDL,3,0.31,1.12,31,140,110,280,-,-,,10.955345,78.443949
3016,TAMIL NADU,28,34,6,7.2,7.7,8.7,334,609,BDL,3,BDL,0.8,63,230,140,490,-,-,,10.906389,78.489697
1202,TAMIL NADU,27,33,6,7.4,7.7,8.4,362,592,BDL,4,0.30,0.86,63,310,150,1100,-,-,,10.833263,78.718224
1325,TAMIL NADU,30,33,5.5,7.6,7.3,7.9,382,798,BDL,3.3,BDL,3.81,14,460,49,1400,-,-,,10.766809,78.665272
1203,TAMIL NADU,26,31,5.4,7.5,7.4,7.9,425,730,BDL,3,BDL,2.08,26,110,70,270,-,-,,10.830327,78.81177
1206,TAMIL NADU,30,34,5.5,7.9,7.5,8.2,357,660,1,4,BDL,0.83,17,130,46,320,-,-,,11.34,79.24
3018,TAMIL NADU,23,27,5.1,6.7,7.2,7.9,341,6080,1,3,BDL,0.55,23,110,70,270,-,-,,11.104894,79.651871
3012,TAMIL NADU,20,32,4.6,6.7,7.3,8.3,324,513,BDL,6.9,BDL,1.37,49,260,170,630,-,-,,11.423503,77.685261
3013,TAMIL NADU,19,32,5.8,6.9,7.6,8.5,270,420,BDL,2,BDL,0.36,26,84,63,210,-,-,,11.354178,77.750436
3014,TAMIL NADU,20,32,5.4,6.9,7.1,8.3,276,429,BDL,3.6,BDL,1.38,31,220,84,490,-,-,,11.361583,77.742411
3017,TAMIL NADU,28,31,5.2,7.5,7.5,7.9,386,511,1,3.6,BDL,1.6,23,170,70,390,-,-,,10.968137,79.378248
1326,TAMIL NADU,23,27,6,6.8,7.9,8.5,796,39900,1,2,BDL,5.43,43,170,94,410,-,-,,11.326822,79.702981
1327,TAMIL NADU,21,29,5.9,6.9,6.9,8.4,420,831,1,2,BDL,3.48,33,140,120,380,-,-,,11.418828,79.772375
4099,KARNATAKA,20,28,6.5,7.5,8.1,8.4,150,395,1.1,2,0.52,1.8,91,260,580,1100,-,-,,12.28783,77.183667
4101,KARNATAKA,20,28,6.9,7.6,7.9,8.4,118,276,1,1.6,BDL,1.5,78,220,430,840,-,-,,12.086597,77.198793
4102,KARNATAKA,18,28,6.4,7.4,7.2,8.3,33,145,1.1,2,BDL,0.3,14,110,170,490,-,-,,12.384701,75.532929
4103,KARNATAKA,18,26,6.8,7.4,7.2,8.2,76,204,1.2,1.8,BDL,0.8,22,78,220,460,-,-,,12.508642,75.962218
1322,TAMIL NADU,28,33,0.4,7,7.7,8.4,338,1123,0.5,23.3,BDL,0.36,22,430,49,940,-,-,,11.445663,77.677626
1893,KARNATAKA,24,28,5.6,6.8,7.2,7.6,180,360,1.8,2.2,BDL,BDL,260,450,1700,3500,-,-,,13.006814,76.099553
1199,KARNATAKA,24,28,5.8,7,7.2,7.6,110,190,1.6,2,BDL,BDL,46,140,540,940,-,-,,12.809694,76.205642
1166,KARNATAKA,25,28,4.8,6.8,7.7,8.3,280,1136,2.4,4,0.41,7.3,270,700,1700,2800,-,-,,12.422764,77.226144
1200,KARNATAKA,23,33,4.9,7.5,6.4,8.4,170,485,3,6,0.62,3.5,58,4600,920,35000,32,63,,12.979108,76.851622
3567,KARNATAKA,24,26,5.7,7.1,7.6,8.2,182,714,1.3,3,BDL,5.8,270,490,1300,2400,-,-,,12.584716,77.049787
3580,KARNATAKA,22,28,6.9,7.4,7.8,8.3,144,377,1,1.8,BDL,2.5,91,330,580,1100,-,-,,12.584216,77.041515
3022,TAMIL NADU,24,30,2.2,6.7,7.2,8.5,1169,3390,1,21,BDL,6.25,1.8,1400,2,2600,-,-,,11.645876,78.120341
3023,TAMIL NADU,19,31,0.9,6.9,7.2,7.9,3390,7560,1,10,BDL,0.91,1.8,61,4,17,-,-,,11.647853,78.138125
1319,TAMIL NADU,26,33,5.3,6.9,6.1,8.1,64,1619,1,3,BDL,0.79,14,170,24,400,-,-,,10.541244,77.368656
1165,KARNATAKA,25,27,3.9,6.6,6.5,7.9,774,1388,5,14,1.83,26.8,480,63000,3500,540000,33,1600,,12.535417,77.424792
2778,KARNATAKA,25,32.7,4.1,13,6.3,8.3,1002,1306,6,16,1.03,9,43,4600,540,54000,21,23,,12.967039,77.337053
2779,KARNATAKA,24.8,34,0.9,7.5,6.2,8.0,85,1659,2,28,0.46,14.5,940,210000,5400,1600000,26,220,,13.144364,77.484511
4108,KARNATAKA,24,26,4,9,7.3,8.1,954,1428,4,17,BDL,25,460,12000,2400,92000,23,920,,12.668617,77.333821
41,KARNATAKA,21,29,6.1,7.2,7.5,8.2,108,584,1.2,2.5,BDL,2.8,110,390,790,1400,-,-,,12.166761,76.792908
1197,KARNATAKA,20,28,6.5,7.2,7.4,8.2,109,391,1.2,2.5,BDL,1.9,110,380,840,1400,-,-,,12.019853,76.388075
1207,KERALA,20,33,5.3,7.2,6.8,7.6,45,110,BDL,1.4,BDL,0.12,10,63,30,170,2,8,,11.697858,76.397006
1445,KARNATAKA,20,28,6.4,7.5,7.2,8.2,96,474,1.1,2.5,BDL,1.2,93,390,700,1400,-,-,,12.128439,76.683919
2775,KARNATAKA,21,27,5,7.3,7.2,8.3,114,499,1.2,3.6,BDL,2.1,210,840,940,2800,-,-,,12.128775,76.683736
1196,KARNATAKA,22,27,6,6.8,7.5,8.2,143,644,2,3,0.3,2.8,390,940,2100,4000,-,-,,12.302189,76.286164
2772,KARNATAKA,22,29,5.8,6.5,7.3,8.3,208,640,2.2,3,0.52,2.8,410,1800,2400,3900,-,-,,12.344614,76.286175
3572,KARNATAKA,22,27,5.8,7,7.5,8.3,143,700,1.4,2.8,0.3,2.1,330,940,1700,2800,-,-,,12.372439,76.411038
3024,TAMIL NADU,22,31,6,6.6,7.7,8.4,2130,2880,1,2,BDL,10.11,1.8,11,4,39,-,-,,11.649094,78.148011
23,JHARKHAND,17,25,5.4,8,6.6,7.6,-,-,2.5,6,-,-,140,150,540,930,-,-,,23.377028,85.423056
24,JHARKHAND,19,32,5,6.2,7.3,7.5,188,288,2.8,4,4.08,4.32,-,-,-,-,-,-,,22.761694,86.317722
48,JHARKHAND,16,33.5,7.5,8.1,7.4,7.4,152,164,BDL,1,BDL,BDL,-,-,-,-,-,-,,22.948415,86.013303
49,JHARKHAND,14,32,4,5.8,7.5,7.7,212,292,3.8,8,1.58,1.76,-,-,-,-,-,-,,22.820861,86.232528
2385,JHARKHAND,9,26,5.7,7,6.3,7.8,-,-,2.3,6.9,-,-,140,150,750,930,-,-,,23.33402,85.359996
2386,JHARKHAND,11,26,7.1,8.4,7.3,7.5,-,-,2.3,3.8,-,-,140,150,540,930,-,-,,23.368919,85.875506
2387,JHARKHAND,19,35,7.2,7.8,7.4,7.4,158,176,BDL,1.1,BDL,BDL,-,-,-,-,-,-,,22.592839,86.446667
2395,JHARKHAND,9,22,7.6,8.9,7.3,7.5,-,-,1.1,2.4,-,-,140,150,70,930,-,-,,23.2907,85.255961
2397,JHARKHAND,8,23,7.6,8.5,7.2,7.5,-,-,2,2.5,-,-,140,150,84,930,-,-,,23.454046,85.471177
2399,JHARKHAND,16,33,7.4,8.2,7.4,7.6,148,158,BDL,1,BDL,BDL,-,-,-,-,-,-,,22.97194,86.023097
30067,INTER-STATE,26,32,5.4,8.8,7.7,8.9,209,325,2.4,2.4,BDL,0.45,490,2200,1100,35000,-,-,,22.220545,86.714131
30068,INTER-STATE,26,32,6.4,8.9,8.0,8.8,195,307,1.7,1.7,BDL,0.74,490,16000,790,35000,-,-,,22.219792,86.90296
30069,INTER-STATE,26,32,6.1,9,6.9,8.9,200,315,BDL,1.5,BDL,0.39,490,1100,1100,22000,-,-,,21.855659,87.247746
1641,ODISHA,18,30,6,8.8,7.2,8.4,134,1224,1,1.8,BDL,4.75,45,2400,170,3500,-,-,,21.770058,87.156229
4710,WEST BENGAL,19,32,4.6,8.5,6.85,8.35,265,10430,BDL,3,1.19,4.76,3200,9400,8000,160000,-,-,,22.138997,87.885217
4711,WEST BENGAL,20,32,5.7,7.9,7.61,8.35,886,22440,BDL,2.67,0.6,2.39,400,11000,700,22000,-,-,,21.86677,87.859839
