STATION CODE,STATE,TEMPERATURE_Min,TEMPERATURE_Max,DO_Min,DO_MAX,pH_Min,PH_Max,CONDUCTIVITY_Min,CONDUCTIVITY_Max,BOD_Min,BOD_Max,NITRATE_NITRATE_Min,NITRATE_NITRATE_Max,FECALCOLIFORM_Min,FECALCOLIFORM_Max,TOTALCOLIFORM_Min,TOTALCOLIFORM_Max,Latitude,Longitude
1001,HIMACHAL PRADESH,1,13,8.2,9.9,7.6,8.3,46,104,0.1,0.6,0.176,1.32,17,94,34,350,32.237794,77.190564
1002,HIMACHAL PRADESH,1,16,8.2,9.6,7,8.5,54,119,0.1,0.4,0.342,0.98,23,140,170,540,31.963639,77.116392
1003,HIMACHAL PRADESH,2,15,0.9,9.8,7,8.4,42,118,0.1,1,0.283,0.92,23,79,130,280,31.740194,77.207533
1004,HIMACHAL PRADESH,7,18,0.3,10.5,7.4,8.2,57,119,0.1,0.9,0.396,3.2,33,170,79,920,31.669367,77.064236
1005,HIMACHAL PRADESH,5,26,8.9,12.1,7.4,8.5,64,189,0.1,0.3,0.372,2.45,21,63,70,280,31.422647,76.812947
1550,HIMACHAL PRADESH,7,20,7.5,10.8,7.5,8.5,76,157,0.1,0.9,0.667,3.7,27,79,110,280,31.705853,76.934903
1006,HIMACHAL PRADESH,8,21,6.9,11.7,7.5,8.7,99,204,0.2,1.4,0.676,3.02,79,2400,170,2400,31.712408,76.933089
2604,HIMACHAL PRADESH,9,22,6.7,8.3,7.5,8.8,81,472,0,1.4,0.68,1.02,�,�,�,�,31.880753,76.614514
1007,HIMACHAL PRADESH,10,21,6.5,8.1,6,9,100,429,0.3,1.2,0.69,3.6,�,�,�,�,31.83865,76.505144
1008,HIMACHAL PRADESH,14.5,21,5.5,9.8,7.4,8.8,99,419,0.3,6,0.63,5.6,�,�,�,�,31.878094,76.203311
1009,HIMACHAL PRADESH,14.5,24,4.5,9.5,7.5,8.9,164,278,0.2,1.4,0.4,0.96,�,�,�,�,31.935022,76.053444
1693,PUNJAB,10,29,7.2,8,7,7.3,29,210,0.3,0.4,1.4,1.5,11,120,28,500,31.989016,75.832499
1694,PUNJAB,10,29,7.3,7.8,7.4,7.7,29,273,0.3,1.4,2.6,3.2,110,140,350,500,32.111503,75.663325
1695,PUNJAB,10,29,6.8,7.5,7.1,7.4,29,258,0.4,0.7,2.8,3.46,130,180,430,700,32.093633,75.609725
1010,PUNJAB,9,29,7.2,10.5,7.2,8.1,57,255,0.1,0.9,3.2,3.52,33,170,79,920,32.097933,75.611474
1294,PUNJAB,10,29,7,7.5,7.4,7.5,255,270,1.2,1.8,3.2,3.29,180,700,430,1100,31.923867,75.541467
1011,PUNJAB,10,29,7.3,7.6,7.1,7.5,205,254,0.2,1,3.4,4.8,110,600,350,1100,31.51012,75.304936
1696,PUNJAB,10,29,7.2,7.8,7,7.4,212,258,0.6,0.9,3.2,3.3,180,700,460,1200,31.385361,75.176625
1012,PUNJAB,10,29,7.2,7.7,7.1,7.4,221,251,0.6,0.9,3.8,3.93,130,500,490,1100,31.374996,75.162691
1697,PUNJAB,10,32,7.2,7.8,7.2,7.5,210,264,0.4,1.2,3,3.01,100,140,300,500,31.508844,75.307539
2601,HIMACHAL PRADESH,1,13,8.1,9.9,7.5,8.5,63,95,0,0.8,0.128,1.2,17,94,63,350,32.263247,77.185664
2602,HIMACHAL PRADESH,2,15,8.1,9.7,7.1,8.3,53,111,0,0.4,0.202,1.45,31,94,94,280,31.958136,77.115783
2603,HIMACHAL PRADESH,8,21,7.2,11,7,8.5,75,132,0,0.7,0.327,1.2,34,280,140,1600,31.686472,77.045619
1867,HIMACHAL PRADESH,3,13,9,10.4,7.6,8.5,123,426,0.1,0.3,0.219,1.03,11,33,22,130,31.804453,78.643214
2611,HIMACHAL PRADESH,2.5,13,9.1,10.6,7.9,8.8,125,457,0.1,0.2,0.356,1.3,11,46,34,140,31.798494,78.639769
1389,HIMACHAL PRADESH,3.5,17,8.8,10.2,7.5,8.9,75,476,0.1,0.5,0.146,1.45,22,46,70,180,31.859386,77.165125
1086,HIMACHAL PRADESH,4,22,9.2,10.4,6.7,8.6,176,485,0.1,0.3,0.173,1.86,21,110,94,540,31.448039,77.628283
1087,HIMACHAL PRADESH,4.5,23,0.4,10.1,7.5,8.7,90,884,0.2,0.6,0.202,1.05,23,140,130,920,31.432236,77.622567
1013,HIMACHAL PRADESH,4.5,22,8.9,9.4,7.2,8.5,128,940,0.4,0.8,0.342,1.55,31,79,94,350,31.247458,77.088208
1014,HIMACHAL PRADESH,3,25,8.6,11.6,7.9,8.5,166,314,0.2,0.3,0.322,2.6,46,350,130,1600,31.421014,76.837836
1015,HIMACHAL PRADESH,4,20,8.6,11.7,7.7,8.7,146,268,0.1,0.3,0.338,3.2,43,280,130,1600,31.412833,76.874881
1016,HIMACHAL PRADESH,13,20,6.6,11.8,7.8,8.7,195,239,0.2,0.9,0.26,1.2,�,�,�,�,31.425772,76.421883
1017,PUNJAB,11,25,7,8.4,7.1,8.1,20,465,0.4,3,1,2.06,35,400,50,900,31.380831,76.367228
1293,PUNJAB,7,25,6,7,6.8,8,23,482,1.8,13,3,3,500,1700,1100,3000,30.984964,76.4672
1814,PUNJAB,13,25,6.8,8.4,7.4,7.7,23,342,0.8,2.6,1.1,2.96,50,210,110,500,31.182044,76.563547
1019,PUNJAB,5,24,6,7.4,6.9,7.8,22,310,1.2,2.8,2.6,3,40,1000,500,2500,31.379027,76.372115
1380,PUNJAB,11,26,6.8,8.6,7.2,7.9,24,430,1,3,1.4,3.06,110,500,500,2500,31.356053,76.372837
1690,PUNJAB,17,24,5.8,7.4,7.2,7.9,343,386,0.5,2,2.6,3.05,50,1100,300,2300,30.922369,75.919469
1020,PUNJAB,17,25,2,4.6,6.3,7.9,466,678,0.9,12,3.4,5.66,1100,5000,5000,11000,30.975026,75.608293
1021,PUNJAB,18,25,5.4,6.3,6.5,7.7,368,480,0.6,2.6,1.6,3.06,1100,10000,5000,22000,30.99775,75.371988
1381,PUNJAB,16,32,3.2,5.9,6.8,7.2,32,870,3.8,8,3.2,4.66,1800,22000,4600,50000,31.01532,75.715315
1691,PUNJAB,25,25,6.9,7.6,6.7,8,182,332,0.5,2.4,2.6,3.2,40,50,300,500,30.995289,74.552492
1692,PUNJAB,20,25,7,7.8,6.8,7.9,184,353,0.7,2.6,2.6,4.56,50,100,400,500,30.99008,74.54847
1022,PUNJAB,26,32,5.2,6.8,7.1,7.9,32,370,2,3.4,2.8,5.02,130,1100,700,2300,31.139816,74.936455
1088,HIMACHAL PRADESH,10,21,6.8,9.2,7.5,8.6,129,213,0.2,2.5,0.5,2.03,�,�,�,�,32.492399,76.176291
1089,HIMACHAL PRADESH,6.5,16,7.5,9.6,7.1,8.7,95,479,0.2,4,1,2.45,�,�,�,�,32.555144,76.121039
2614,HIMACHAL PRADESH,7.5,23,6.8,9.5,7.1,8.8,129,215,0,0.9,0.41,0.99,�,�,�,�,32.6083,76.013308
2615,HIMACHAL PRADESH,4.9,17,7.5,9.8,6.9,8.9,89,211,0.2,1.2,0.29,1.06,�,�,�,�,32.596661,75.992383
2613,HIMACHAL PRADESH,6.2,17,7.6,9.8,7.4,8.5,118,233,0.2,1,0.41,1.42,�,�,�,�,32.57045,76.119792
1097,PUNJAB,10,29,7.4,8,7,7.5,178,215,0.2,0.3,1.8,2.05,9,94,43,310,32.372983,75.61039
1290,HIMACHAL PRADESH,1,16,8.3,9.8,6.9,8.3,33,83,0.2,0.5,0.218,1.02,23,110,140,350,31.896167,77.147692
2605,HIMACHAL PRADESH,1,12,7.9,9.6,6.8,8.9,28,178,0,0.2,0.225,1.08,5,49,17,140,32.027531,77.348536
2606,HIMACHAL PRADESH,1,13,7.8,9.6,7.3,8.8,33,93,0,0.2,0.229,1.43,11,110,21,240,32.019789,77.331117
1090,HIMACHAL PRADESH,2,16,8.2,10.2,6.7,8.4,40,100,0.1,0.2,0.321,1.99,22,94,94,220,31.701264,77.169233
1551,HIMACHAL PRADESH,7.9,7.9,7.3,8.4,6.3,8.3,234,449,0.1,12,4.14,6.23,6,26,13,540,30.919003,76.806214
1552,HIMACHAL PRADESH,5.5,5.5,5.4,7.3,7.1,8.3,223,741,0.3,18,7.12,8.02,4,76,16,250,30.915403,76.791131
1868,HIMACHAL PRADESH,8.5,8.5,5.1,8.2,7.1,8,289,892,0.3,10,7.87,8.22,8,48,22,112,30.998567,76.738231
1869,HIMACHAL PRADESH,14.5,23,5.8,10.8,7.1,8.8,324,598,0.7,24,0.3,4.56,�,�,�,�,31.365081,76.306519
2616,HIMACHAL PRADESH,7,21,6.1,9.7,7.1,8.8,105,233,0.2,5.5,0.75,1.05,�,�,�,�,32.721486,76.089586
2607,HIMACHAL PRADESH,10,27,7.1,12.9,7.9,8.9,172,355,0,1.6,0.828,1.8,34,1600,240,2400,31.756389,76.936111
2608,HIMACHAL PRADESH,12,20,6.5,9,7.4,8.6,49,394,0.2,1,1.17,2.26,�,�,�,�,32.052972,76.649286
2609,HIMACHAL PRADESH,11,22,6,9.8,7.4,8.8,69,283,0.2,2,0.87,1.56,�,�,�,�,31.908625,76.466739
2610,HIMACHAL PRADESH,2,12,9.2,10.8,7.8,8.7,68,481,0.1,0.1,0.342,1.23,8,26,17,110,31.806619,78.641953
2612,HIMACHAL PRADESH,2,14,8.6,9.7,7.5,8.5,66,379,0.1,0.3,0.235,1.45,11,63,21,170,31.389297,78.353714
1307,JAMMU & KASHMIR,4,6,3.1,3.8,7.2,7.4,462,469,�,�,0.72,1.03,�,�,�,�,34.078121,74.813495
1306,JAMMU & KASHMIR,2,4,7.7,7.8,7.5,7.6,232,500,�,�,1.59,2.08,�,�,�,�,34.074254,74.807199
1304,JAMMU & KASHMIR,2,7,7.6,7.9,7.5,7.9,299,425,�,�,0.38,0.45,�,�,�,�,33.739602,75.134049
3274,JAMMU & KASHMIR,1,4,8.4,9,7.8,7.9,244,379,�,�,0.72,1.05,�,�,�,�,33.922416,75.011699
3275,JAMMU & KASHMIR,1,6,7.9,8,7.8,7.9,249,381,�,�,0.51,1.56,�,�,�,�,34.005819,74.912056
2755,JAMMU & KASHMIR,10,24,6.2,8.4,7.4,8.2,290,540,2,9,0.03,1.48,�,�,�,�,32.983326,74.90052
2756,JAMMU & KASHMIR,11,26,5.5,9,7.7,8.1,108,658,2.6,19,0.26,1.59,�,�,�,�,33.072819,74.834372
2752,JAMMU & KASHMIR,16,27,7.6,9.3,7.8,8.5,272,300,1.2,3,0.064,0.09,�,�,�,�,32.635833,75.170278
2753,JAMMU & KASHMIR,16,27,6.4,7.8,6.8,7.8,260,330,2.4,6,0.51,1.23,�,�,�,�,32.653333,75.096389
2748,JAMMU & KASHMIR,9,18,7.4,10.5,7.2,7.8,120,260,0,1,0.011,0.03,�,�,�,�,33.151325,74.882478
2749,JAMMU & KASHMIR,9,18,7.5,9.5,7.1,7.8,122,251,0,1.2,0.06,1.09,�,�,�,�,32.956944,74.961389
2750,JAMMU & KASHMIR,9,18,7.5,9.5,7,7.8,124,254,0,0,0.02,0.06,�,�,�,�,33.013333,74.774167
2751,JAMMU & KASHMIR,9,18,6.8,8.6,7.2,8.2,126,265,1.8,5,0.041,0.06,�,�,�,�,32.895309,74.740171
2754,JAMMU & KASHMIR,16,31,2.6,6.5,6.6,7.5,410,594,22,37,0.212,1.23,�,�,�,�,32.920611,75.125547
2757,JAMMU & KASHMIR,14,25,5.4,6.7,6.9,7.9,252,422,3.6,5.3,0.002,1.22,�,�,�,�,32.571694,75.111288
2742,JAMMU & KASHMIR,12,26,7.6,9.8,7.3,8.5,135,264,1.3,1.3,0.026,0.05,�,�,�,�,32.804021,74.923034
2743,JAMMU & KASHMIR,12,26,7.8,9.7,7.5,8.4,142,256,1.8,2.1,0.044,0.06,�,�,�,�,32.724181,74.875506
2744,JAMMU & KASHMIR,14,26,5.5,8.5,7.7,8.7,120,292,2.5,8,0.055,1.06,�,�,�,�,32.72058,74.857312
2746,JAMMU & KASHMIR,14,14,8.4,8.4,8,8,266,266,2.2,2.2,0.04,0.06,�,�,�,�,32.698334,74.830353
2747,JAMMU & KASHMIR,14,14,8.4,8.4,7.9,7.9,280,280,2.1,2.1,0.03,0.07,�,�,�,�,32.786667,74.978889
2758,JAMMU & KASHMIR,13,26,8.2,10,7.5,8.2,230,273,0,0,0.01,0.03,�,�,�,�,32.667971,75.486415
1491,UTTARAKHAND,3.3,7,8.3,8.8,8.4,8.5,126,126,�,�,0,0,220,220,220,220,30.946033,78.688498
1484,UTTARAKHAND,11.3,19,7.4,10.6,7.4,8.4,124,124,0.2,1,0,0,790,790,1700,1700,30.287506,78.985451
1486,UTTARAKHAND,11.3,19,7.6,10,7.5,8.7,183,183,0.8,2,0,0,78,78,230,230,30.285854,78.978295
1488,UTTARAKHAND,14,20,7.4,11.2,7.8,8.6,170,170,0.4,1.8,0,0,40,40,140,140,30.147103,78.598107
1489,UTTARAKHAND,13.2,20,7.6,10,7.9,8.5,151,151,1.2,2,0,0,45,45,330,330,30.140504,78.597358
1060,UTTARAKHAND,10.6,21,7.4,9.2,7.3,8.2,�,�,0.8,2.4,0,0,�,�,14,110,30.115135,78.307032
2725,UTTARAKHAND,13,24,5.4,8,7.4,8.2,�,�,2,13,0,0,�,�,300,1600,30.019619,78.22939
1061,UTTARAKHAND,19,19,5.6,7.8,7.5,8.3,�,�,2.2,7.8,0,0,�,�,500,1600,29.945254,78.164675
2727,UTTARAKHAND,15,15,7.2,8.8,7.8,8.3,�,�,1.2,3,0,0,�,�,110,500,29.851669,77.879742
1062,UTTAR PRADESH,15,27,7,11.2,6.8,7.8,190,480,2.2,5.2,0.4,1.23,550,1400,920,2400,28.76062,78.143766
2488,UTTAR PRADESH,�,�,�,�,7,7.5,171,330,1.1,3.6,0,0,�,�,�,�,28.364396,78.270269
2489,UTTAR PRADESH,�,�,�,�,7,7.5,170,320,1.2,3.4,0,0,�,�,�,�,28.274208,78.324338
1145,UTTAR PRADESH,�,�,�,�,7,7.5,174,310,1.2,3.4,0,0,�,�,�,�,28.1897,78.395878
2490,UTTAR PRADESH,�,�,�,�,7.4,7.5,150,340,1.8,3.2,0,0,�,�,�,�,27.927803,78.866289
1063,UTTAR PRADESH,12,33,6.5,9.9,7.4,9.3,21,180,3,5.4,0.18,3.6,700,2100,2000,6400,27.138451,79.930775
1066,UTTAR PRADESH,12,33,6.4,9.6,7.6,9.2,18,183,2,5.8,0.16,2.56,900,2300,2300,6400,27.010953,79.986442
1146,UTTAR PRADESH,12,33,6.4,10.6,7.4,8.7,19,195,2.3,3.8,0.14,2.2,700,2100,2300,4300,26.610906,80.275419
1067,UTTAR PRADESH,12,33,6.1,10.8,7.5,8.7,20,120,2.5,4.1,0.16,2.3,700,2500,2300,44500,26.505542,80.314344
1068,UTTAR PRADESH,12,33,5.4,8.9,7.3,8.7,26,270,4,15.6,0.24,5.44,8400,28000,40000,210000,26.436185,80.40961
1147,UTTAR PRADESH,14,23,6.8,10.5,7.7,7.8,152,281,3.2,3.8,0.8,1.22,4300,4900,7000,7900,26.074386,81.024075
2498,UTTAR PRADESH,14,24,6.9,10.5,7.7,7.8,150,278,3,3.7,0.76,1.02,4100,4800,6900,7800,25.774293,81.382673
1046,UTTAR PRADESH,19.8,30.5,6.9,10.8,8,8.3,338,385,2.5,4.8,2.44,2.56,3000,17000,10000,33000,25.502474,81.855439
2487,UTTAR PRADESH,19.4,30.2,6.8,10.2,7.8,8.3,358,398,2.8,4.4,2.4,2.66,3000,140000,9000,32000,25.443124,81.887148
1049,UTTAR PRADESH,19.6,30.8,6.6,9.7,8.1,8.4,368,501,2.8,4.6,2.78,3.3,3100,21000,17000,38000,25.419206,81.900522
2485,UTTAR PRADESH,14,32,5.5,11.6,7.4,8.2,237,582,2.2,3.1,1.24,2.56,490,2100,1700,4600,25.244031,82.418272
2486,UTTAR PRADESH,14,34,5.1,10.8,7.4,8.9,238,582,2.4,3.6,1.46,2.22,1100,4600,2200,7000,25.177058,82.602225
1070,UTTAR PRADESH,21,24.5,6.9,8.8,7.6,8.4,268,370,2.9,3.2,0,0,5000,8000,7000,13000,25.289358,83.006389
1071,UTTAR PRADESH,21,24.5,6.4,8.3,7.7,8.7,306,392,3.3,5.1,0.15,1.98,31000,46000,43000,70000,25.321486,83.035285
1073,UTTAR PRADESH,22,24.5,6.8,8.4,7.6,8.6,285,390,2.7,4.1,0,0,13000,23000,17000,46000,25.578175,83.609594
1074,BIHAR,17,17,8.6,8.6,8.4,8.4,282,542,2.7,2.7,0,0,1300,3000,3000,9000,25.573508,83.966669
2551,BIHAR,17,35,7.6,8.2,7.6,8.4,281,553,2.6,2.9,0,0,2400,9000,9000,24000,25.576142,83.970428
1077,BIHAR,9,32,7.5,8.8,7.8,8.4,265,437,2.4,2.7,0,0,1100,5000,2400,9000,25.650869,85.115085
2556,BIHAR,10,30,7.3,9,7.4,8.2,12,256,2,2.4,0,0,500,900,1300,2400,24.902403,84.2074
2564,BIHAR,14,34,7.4,9.3,7.8,8.3,243,386,2.1,2.7,0,0,1300,2400,3000,5000,25.708441,84.889727
2552,BIHAR,9,32,7.2,8.6,7.8,8.1,284,490,2.5,2.9,0,0,2400,9000,9000,24000,25.622179,85.172816
1079,BIHAR,10,33,7,8.7,7.6,8.2,275,530,2.6,3,0,0,3000,9000,9000,24000,25.613753,85.204131
2555,BIHAR,8.4,33,7,8.7,7.3,8.4,285,756,2.5,8.7,0,0,700,2400,1700,5000,25.627333,85.155472
2553,BIHAR,8,33,7.5,8.7,7.6,8.2,267,429,2.4,2.7,0,0,1100,3000,2800,9000,25.511611,85.307417
1817,BIHAR,11,28,6.1,8.8,7.8,8.2,279,310,2.4,2.6,0,0,1100,1700,2200,5000,25.401104,85.923198
1815,BIHAR,11,28,5.9,8.6,7.6,8.1,310,346,2.4,2.9,0,0,3000,9000,9000,16000,25.381441,85.987169
1818,BIHAR,21,30,5.8,8.5,7.6,8,260,336,2.4,2.7,0,0,1100,3000,2400,5000,25.384978,86.458978
2554,BIHAR,22,30,5.9,8.5,7.6,8,256,332,2.4,2.7,0,0,800,3000,2400,5000,25.257511,86.747053
1819,BIHAR,17,28,5.9,8.5,7.7,8,279,383,2.4,2.8,0,0,2200,3000,5000,9000,25.254387,86.948424
1816,BIHAR,19,28,6,8.6,7.8,8.1,232,332,2.5,2.9,0,0,2200,5000,5000,9000,25.267334,87.227318
3113,BIHAR,17,34,7.4,8.4,7.5,8.4,283,553,2.5,2.8,0,0,1100,5000,3000,16000,25.588972,83.985861
3114,BIHAR,9,32,7.3,8.3,7.5,8.3,268,460,2.4,2.7,0,0,1100,3000,2400,16000,25.588972,83.985861
3115,BIHAR,18,30,5.9,8.8,7.6,8.1,262,330,2.2,2.5,0,0,700,1400,1700,3500,25.487275,85.705236
3116,BIHAR,21,30,6.1,8.6,7.8,8.1,258,320,2.2,2.6,0,0,700,1700,1700,5000,25.368174,86.464302
3117,BIHAR,22,29,6,8.6,7.6,8.1,268,328,2.4,2.6,0,0,900,2200,2200,3000,25.252575,86.725558
3118,BIHAR,17,28,6,8.5,7.8,8,265,362,2.4,2.8,0,0,800,1700,2400,5000,25.271603,87.025665
3122,BIHAR,10,33,7.5,8.8,7.7,8.2,289,438,2.4,2.7,0,0,900,3000,2400,9000,25.557806,85.275648
3123,BIHAR,26,29,6,8.5,7.6,8.1,276,318,2,2.6,0,0,800,1300,2200,3000,25.315313,86.029821
1080,WEST BENGAL,20,32,6,11,7.4,7.8,230,358,4.5,6.9,0.77,1.26,1,90000,400,160000,24.100312,88.244054
2511,WEST BENGAL,16,32,5.5,10.6,7.2,8,212,339,1.6,5.9,0.78,1.55,700,50000,1100,90000,23.386728,88.364884
2506,WEST BENGAL,18,32,4.9,9.3,7.6,8.3,213,357,1,4.3,0.427,2.56,200,130000,400,170000,22.984402,88.40197
1054,WEST BENGAL,18,52,5.4,9.8,6.9,7.9,219,359,2.3,5.1,0.41,1.02,1,500000,26000,900000,22.780189,88.3338
1472,WEST BENGAL,17,32,3.9,9,7.1,8.2,233,413,1.8,6,0.387,5.66,8000,500000,11000,900000,22.761306,88.340319
1053,WEST BENGAL,16,32,4,8.5,7.6,8.1,208,398,1.1,6.6,0.11,1.02,70000,1100000,85000,4500000,22.653061,88.357589
1471,WEST BENGAL,19,30,4.4,7.4,7.2,8.1,234,425,0.8,5.8,0.3,1.55,1,700000,110000,4500000,22.558292,88.324394
1470,WEST BENGAL,20,30,4.5,8.5,7.7,8.2,230,408,1.8,7.5,0.09,2.56,1,650000,165000,2500000,22.549717,88.296125
1052,WEST BENGAL,15,30,3.6,8.8,7.2,8.1,249,412,0.6,8.4,0.1,1.44,4000,220000,11000,500000,22.453473,88.115051
1469,WEST BENGAL,18,31.5,4.7,8.6,7.4,8,240,6270,0.6,4.3,0.25,1.25,1,170000,7000,500000,22.183383,88.193783
1492,UTTARAKHAND,2.8,3,7.9,8.4,7.8,8.4,74,74,�,�,0,0,220,220,220,220,30.976465,78.438614
1493,UTTARAKHAND,8,13.2,7.1,8.8,8.2,8.3,123,123,�,�,0,0,18,18,33,33,30.932423,78.400244
1494,UTTARAKHAND,12.2,23,5.2,8.8,7.8,8.5,164,282,1.4,2.4,0,0,7000,7000,9400,9400,30.518822,77.949536
1490,UTTARAKHAND,12.8,23.2,6,8.4,7.8,8.3,207,258,1.2,2.6,0,0,180,35000,21,35000,30.498618,77.803498
1553,HIMACHAL PRADESH,13,28,6.2,24,7,8.2,202,276,0.8,1.6,0.22,1.66,4,16,12,29,30.392244,77.572103
1554,HIMACHAL PRADESH,14,29,6,27,6.6,8.2,161,374,1,4.2,0.26,1.05,3,15,10,28,30.465256,77.661758
1119,HARYANA,�,�,8.1,8.1,7.4,7.4,290,290,1.6,1.6,0,0,�,�,�,�,29.002116,77.023752
1120,DELHI,�,�,9.5,11.5,7.7,8.5,�,�,2,4,�,�,�,�,1700,3300,28.85018,77.210184
1121,DELHI,�,�,0.6,0.6,7.3,8.2,�,�,11,17,12.5,12.5,�,�,9200000,9200000,28.598582,77.263308
1375,DELHI,�,�,0.7,0.7,7.4,8.1,�,�,15,19,19.3,19.3,�,�,2200000,3500000,28.566967,77.294665
1812,DELHI,�,�,0.6�,0.7,7.3,8,�,�,20,43,�,�,�,�,3500000,9200000,28.533295,77.330724
2495,UTTAR PRADESH,22,30,4,6.8,7.2,7.8,117,117,6,7.8,0,0,28000,41000,63000,70000,27.586087,77.696364
2494,UTTAR PRADESH,20,30,3.6,6.4,7.3,7.8,121,121,7.2,9,0,0,37000,48000,79000,94000,27.504755,77.686524
2493,UTTAR PRADESH,20,30,3.8,7.6,7.2,7.6,112,112,4.8,6.6,0,0,24000,28000,43000,54000,29.604121,77.109833
1069,UTTAR PRADESH,19.8,29.9,�,�,7.9,8.3,�,�,1.6,2.8,�,�,�,�,�,�,25.422471,81.838806
2724,UTTARAKHAND,15.8,30,1.8,6.4,7.3,8,�,�,14,44,0,0,�,�,1600,1600,30.25,78.016667
2728,UTTARAKHAND,12,19,7.6,8.2,7.2,7.8,180,240,1.2,1.8,0,0,�,�,�,�,29.209064,79.537174
2734,UTTARAKHAND,12,25,0.4,2.4,6.7,7.2,316,825,6.5,45,0,0,�,�,�,�,29.206769,78.986242
2735,UTTARAKHAND,12,25,0.4,7.6,6.5,7.2,412,2318,7.5,32,0,0,�,�,�,�,29.146732,78.982975
2732,UTTARAKHAND,11,24,0.4,54,6.9,7.6,558,1346,18,76,0,0,�,�,�,�,29.111195,78.908723
2733,UTTARAKHAND,12,25,0.4,2.6,6.6,7.8,461,1286,13,44,0,0,�,�,�,�,29.15049,78.893386
2731,UTTARAKHAND,11,23,6,8.2,7.1,7.7,275,572,2.2,5.2,0,0,�,�,1600,1600,29.158694,79.03956
1064,UTTAR PRADESH,12,33,5.3,12.8,7.5,8.9,27,267,3.2,6.7,0.22,4.55,900,2400,4100,28000,27.190822,79.818261
2497,UTTAR PRADESH,17,28,�,�,7.1,8.4,1620,2110,70,94,9.4,10,21000,2500000,110000,360000,28.980857,77.790428
1480,UTTAR PRADESH,20,27,�,�,7.3,7.8,2180,3640,125,297,0,0,21000,1100000,160000,2200000,28.591525,77.824856
1065,UTTAR PRADESH,12,33,6.1,10.2,7.5,9.3,22,231,3,6.6,0.28,5.8,700,2800,2800,7500,27.161314,79.919914
2482,UTTAR PRADESH,21,24.2,6.8,8.8,7.3,8.4,244,287,2.4,3.2,0,0,2000,6300,4600,9400,25.386717,82.852628
2483,UTTAR PRADESH,21,24.5,2.2,5,8.1,8.8,340,466,12.8,44,0.38,1.23,11000,140000,17000,180000,25.332956,83.043393
1361,UTTAR PRADESH,13,32,3.8,12,7.1,8.4,230,785,2.5,4,0.98,1.02,1700,2400,3200,5400,26.649979,80.793854
2484,UTTAR PRADESH,21,24.5,3.2,8.6,7.3,8.4,192,286,2.5,3.3,0,0,4000,8000,7000,13000,25.629922,82.756208
1350,UTTAR PRADESH,16.8,33.1,5.3,12.8,7.2,8.4,182,519,2.3,3,0.58,1.25,460,1100,1300,2800,27.572878,80.67895
1351,UTTAR PRADESH,16.8,32.5,4,12,7.1,8.2,251,530,2.8,3.7,2.12,3.66,1300,3300,2600,7000,26.862031,80.931322
1352,UTTAR PRADESH,17,32.5,1,8,7,8,287,726,7,11,3.65,8.6,70000,110000,94000,140000,26.833275,80.995211
1353,UTTAR PRADESH,21,24.5,6.7,8.4,7.6,8.6,272,303,3.2,4.2,0,0,8000,13000,13000,21000,25.751611,82.726469
1072,UTTAR PRADESH,22,24,6.8,8.5,7.3,8.5,276,285,2.6,3.2,0,0,8000,14000,13000,17000,25.507856,83.158181
2491,UTTAR PRADESH,13,27,7,7.8,7.9,8.2,396,538,3,3.6,0.31,1.5,140,300,300,640,26.733174,83.347894
1363,UTTAR PRADESH,13,29,7.2,7.9,8.1,8.2,344,496,2.7,3,0.26,1.56,100,160,220,380,26.754692,83.334211
1354,UTTAR PRADESH,13,22,8.2,10.3,7.6,7.7,128,248,2.3,3.1,0.7,1.02,3300,4300,6100,7200,26.797519,82.234306
1355,UTTAR PRADESH,14,28,7.3,7.9,8.1,8.2,410,582,2.5,3.3,0.29,1.25,100,220,220,460,26.169467,83.868992
2492,UTTAR PRADESH,12,27,7.3,7.8,7.9,8.2,428,582,2.8,3.6,0.4,1.65,140,300,296,620,26.278524,83.513885
1076,BIHAR,13,33,7.3,9.2,7.6,8.3,235,432,2,2.9,0,0,500,1300,1300,2400,25.771153,84.654639
1359,UTTAR PRADESH,19.5,30.5,7,7.8,8,8.3,210,318,2.2,2.4,1,1,790,1700,2200,3400,24.339814,83.003589
1360,UTTAR PRADESH,19.8,30.2,2.2,8.2,7.1,8.3,190,298,2,2.3,0.94,1,1100,2200,2500,3400,24.261214,83.009353
1075,BIHAR,17,35,7.3,8.7,7.6,8.2,158,288,2.1,2.6,0,0,500,700,1100,1400,25.5753,84.798144
3121,BIHAR,10,31,7.4,9.1,7.2,8.2,153,264,2,2.4,0,0,500,900,1100,3500,24.671905,84.010068
3127,BIHAR,17,35,7.5,8.8,7.6,8.2,152,268,2,2.4,0,0,300,800,800,1700,25.297742,84.678992
3128,BIHAR,10,32,7.2,9,7.8,8.3,158,275,2,2.3,0,0,700,1100,1400,2800,25.045209,84.332819
1078,BIHAR,12,34,7.2,9,7.5,8.4,228,339,1.8,2.3,0,0,500,800,1100,2800,25.675279,85.189845
2568,BIHAR,10,34,7.7,9,7.8,8.3,210,312,2,2.3,0,0,500,800,1100,2800,25.988349,85.045545
2570,BIHAR,10,31,7,8.4,7.8,8.2,248,519,2.2,2.4,0,0,700,800,1700,2800,25.867123,85.784927
3124,BIHAR,17,31,7.8,8.3,7.8,8.3,310,544,2.3,2.5,0,0,700,800,1700,2400,26.136076,85.381196
3125,BIHAR,11,33,7.7,9.4,7.8,8.2,230,345,2,2.4,0,0,500,1300,1300,2400,26.360672,84.749947
2575,BIHAR,12,30,7,8,7.5,7.9,298,461,2.3,2.6,0,0,800,1300,2200,2800,26.560646,85.052409
1820,BIHAR,20,31,6,7.9,6.8,7.8,310,838,2.3,2.8,0,0,800,1300,2400,3000,26.960335,84.534192
3134,BIHAR,11,32,4.8,8,6.3,7.8,336,877,2.4,15,0,0,800,9000,2200,16000,26.148036,85.373764
2562,BIHAR,18,31,7.1,8,8,8.2,365,536,2.4,2.6,0,0,900,1300,2200,3000,26.138571,85.388808
2558,BIHAR,18,33,3.2,7.5,6.6,7.8,343,655,2.6,7,0,0,1100,9000,3000,16000,27.105529,84.454541
3126,BIHAR,18,32,7,8,6.9,8.1,310,935,1.8,2.5,0,0,500,800,1100,1700,27.094829,84.143868
2567,BIHAR,12,31,7.2,8.2,8.2,8.2,285,399,2.1,2.4,0,0,500,700,1100,1400,26.269758,86.268875
2569,BIHAR,11,32,7.2,8.2,7.3,8.4,158,903,2.4,2.6,0,0,800,1100,2200,2200,26.135844,86.333137
3133,BIHAR,12,31,7.8,8.6,7.2,8.3,331,562,2,2.3,0,0,500,500,1100,1300,26.596857,86.144676
2563,BIHAR,20,33.4,3.4,7.6,2.9,8.1,320,483,2.6,5.5,0,0,1100,5000,3000,16000,26.576389,85.317222
2565,BIHAR,14,32,5.6,7.9,7.6,7.8,148,156,2.1,2.4,0,0,800,1300,1700,3000,25.42082,87.236262
2566,BIHAR,15,28,5.7,7.9,7.5,7.8,138,220,2.2,2.4,0,0,500,1100,1300,2400,25.930352,86.801274
3137,BIHAR,16,30,5.9,7.8,7.5,7.8,138,228,2.2,2.5,0,0,700,1100,1700,2400,25.386081,87.092419
1821,BIHAR,17,36,7,8.4,7.5,8.3,288,532,2.2,2.8,0,0,700,3000,1700,5000,26.222639,84.354122
2560,BIHAR,13,34,2.8,7.6,6.6,7.9,295,695,2.7,7,0,0,1100,9000,3000,24000,26.520035,84.357095
2561,BIHAR,10,33,3.8,8.8,7.3,7.9,268,535,2.3,5,0,0,500,2400,1300,5000,26.223497,84.347097
3129,BIHAR,12,35,7.1,9.4,7.7,8.3,274,574,2,9.4,0,0,500,2400,1100,5000,26.364956,84.360872
1823,BIHAR,16,31,7,7.8,7.8,7.9,270,315,2.7,3,0,0,1100,9000,3000,24000,26.410836,86.237178
1824,BIHAR,16,30,6.1,7.6,7.5,7.6,278,290,2.5,2.8,0,0,1100,2200,2400,5000,26.399461,87.242477
2559,BIHAR,18,31,3.8,7.3,6.5,8.1,380,679,2.7,5,0,0,1300,9000,5000,16000,27.170083,84.322471
3130,BIHAR,18,30,6.7,8,7.1,7.9,312,515,2,2.7,0,0,500,900,1300,2200,27.17026,84.322348
1822,BIHAR,19,30,3,6,7.1,8.1,368,751,2.9,5,0,0,3000,9000,16000,24000,26.98375,84.857739
3136,BIHAR,19,30.5,3.2,6.2,7.2,8.1,366,768,2.9,5.8,0,0,2400,9000,16000,16000,26.988061,84.855244
3132,BIHAR,18,32,7.6,8.5,7.5,8.1,283,496,2.2,2.4,0,0,500,800,1100,1700,26.341991,85.481683
3135,BIHAR,12,31,7.2,8.4,7.3,8.3,229,379,2.1,2.3,0,0,500,700,1100,1700,26.038984,85.891341
3131,BIHAR,20,34,7,9.4,7.6,8.5,294,469,1.4,2.7,0,0,500,1100,1100,2200,26.658543,85.400266
3119,BIHAR,10,31,7,8,7.6,8.6,192,392,2,2.6,0,0,500,1300,1300,3000,25.513517,85.292658
3120,BIHAR,10,30,7.1,8.2,7.8,8.6,196,444,2,2.5,0,0,500,800,1100,2200,25.217822,84.826131
1331,WEST BENGAL,18,34,6.8,11.9,7.2,8.1,167,553,1,4.8,0.171,0.36,200,90000,400,160000,23.685031,86.823472
1332,WEST BENGAL,21,34,5.7,10.8,7.2,8.5,225,345,1,2.7,0.158,0.54,200,22000,400,50000,23.646961,86.897068
1333,WEST BENGAL,21,34,6,11.5,7.2,8.5,237,368,1.4,4.2,0.189,0.52,200,2600,400,160000,23.584399,87.103495
1334,WEST BENGAL,21,33,5.7,9.4,7.4,8.7,295,664,3.1,15.5,2.364,3.56,3,90000,2200,160000,23.429785,87.364995
1335,WEST BENGAL,19,32,4.6,8.6,6.4,8.4,278,13480,1.4,3.9,0.16,1.02,20000,400000,35000,2500000,22.066481,88.068869
2527,WEST BENGAL,20.5,33,6.7,11,7.4,8.7,189,384,2.2,5.4,0.245,0.48,200,9000,800,160000,23.206144,87.850831
1336,WEST BENGAL,21,34,5.2,11.8,7.4,8.5,153,276,1.6,5.2,0.201,0.23,200,30000,900,160000,23.721689,86.801628
2509,WEST BENGAL,19,32,4.3,9.6,6.6,8.4,164,2220,1,4.3,0.26,0.38,2000,90000,8000,280000,22.437711,87.880747
1337,WEST BENGAL,18,32,4.9,8.6,6,8.4,226,3570,0.5,2.6,0.28,1.05,4000,50000,7000,170000,22.21835,88.024305
2541,WEST BENGAL,18,33.5,6,10,7.5,8.3,216,523,0.7,3.5,0.208,0.56,200,17000,400,22000,23.213568,87.076517
2531,WEST BENGAL,21,35.5,2.5,15.5,7.1,8,118,1030,1.8,14.7,0.169,1.18,400,90000,1100,160000,24.11604,87.797555
2532,WEST BENGAL,21,35.5,5,19,7.2,8.1,115,907,1.3,18.2,0.176,2.36,400,30000,1400,160000,24.111261,87.794355
2508,WEST BENGAL,18,35,3.9,8.9,6.4,8.4,104,478,0.6,3,0.2,1.98,2000,110000,4000,170000,22.666078,87.744922
2514,WEST BENGAL,19,33,5,10.1,7.2,8,240,526,2.6,7.3,0.26,1.02,1700,300000,2200,500000,23.413356,88.471892
1764,WEST BENGAL,19,32,1.8,7.2,7.2,7.8,239,652,3.1,16.1,0.66,1,13000,900000,17000,1600000,23.177966,88.558164
2518,WEST BENGAL,21,35,1.1,7.6,7,7.8,235,612,2.7,38,0.4,1.56,2000,1300000,4000,1700000,23.197644,88.573014
2517,WEST BENGAL,21,35,0.4,6.3,6.9,7.8,239,686,2.9,96.4,0.66,2.36,13000,5000000,17000,9000000,26.383597,89.195381
2534,WEST BENGAL,20.5,34.5,4.8,9.5,6.8,8.4,103,184,1,2.6,0.119,2.33,200,3000,400,17000,23.944125,87.5379
2507,WEST BENGAL,20,35,7.2,11.1,7,8.3,84,242,1.4,2.8,0.04,0.45,2000,80000,4000,300000,22.40088,87.341394
1946,WEST BENGAL,19,30,6.8,8.8,6.9,8.8,127,244,2.4,6.5,0.16,1.03,1400,17000,6000,50000,26.739728,88.422452
2525,WEST BENGAL,18,32,5.2,6.9,7.1,8.5,126,407,2.8,5.1,0.6,4.59,20000,140000,110000,1100000,26.806806,88.409255
2572,BIHAR,14,30,6,7.6,7.5,7.8,264,280,2,2.4,0,0,500,800,1400,2400,26.392347,88.155896
2549,WEST BENGAL,20,34,0.4,4.6,7.3,8.1,421,8960,5.1,36.6,0.7,7.8,22000,500000,34000,900000,22.602794,88.677553
2550,WEST BENGAL,20,35,0.9,5.4,7.4,7.8,679,32800,1.4,15.8,0.03,3.56,8000,500000,11000,900000,22.507942,88.775997
1260,ASSAM,18,26,5.2,10,6.8,8.4,103,247,0.9,2.6,0.1,1.09,360,1500,360,4400,27.687681,95.297822
1030,ASSAM,19,30,6.1,10.2,6.8,7.7,20,240,1.2,3.6,0.2,1.33,360,1500,360,9300,27.510417,94.953333
1262,ASSAM,18,27,5.6,7.9,6.6,7.5,108,350,0.7,2.4,0.25,2.33,360,360,360,2800,26.830744,94.172775
1526,ASSAM,17,29,7.1,8.9,6.5,8.5,93,317,1.4,4.1,0.23,2.06,�,�,45,45,26.616375,92.82735
1031,ASSAM,16,30,6.8,9.5,6.8,8.2,142,290,0.6,2.2,0.2,1.09,300,730,300,2000,26.176,91.68375
1299,ASSAM,19,31,4.6,7.2,6,7.9,135,322,0.7,2.4,0.18,1.56,360,1500,360,4300,26.214866,90.557934
2069,ASSAM,20,29,6.2,7.8,6.8,7.8,128,203,1,2.8,0.21,2.3,300,910,730,24000,26.190372,91.745589
2064,ASSAM,20,30,6.4,8.2,7.2,7.5,122,502,1.1,1.9,0.1,2.06,360,1100,730,3600,26.24776,91.918205
2067,ASSAM,22,31,5.6,10.3,6.9,8.4,148,275,1.1,1.9,0.21,0.96,1500,1500,730,4300,26.160268,91.56994
2066,ASSAM,20,30,5.1,7,6.7,7.5,83,176,0.8,1.4,0.14,0.56,730,2800,300,4300,26.015519,89.993294
1796,NAGALAND,18,30.5,2.6,3.1,7.5,8.5,238,279,6,14,1,1.56,�,�,�,�,25.888505,93.733632
1799,NAGALAND,16,27.3,1.6,2.4,7,7.5,200,209,11,15,0.8,1.65,�,�,�,�,26.622872,93.773159
1797,NAGALAND,19,26.8,2.3,2.6,7.5,8,275,319,17,19,0.8,2.89,�,�,�,�,25.912708,93.743269
1800,NAGALAND,18,26.1,0.5,0.6,7,7.5,244,377,18,31,1.6,3.4,�,�,�,�,25.802,93.606574
1798,NAGALAND,21,27.2,1.8,3.1,7.5,7.5,241,338,6,18,0.6,2.23,�,�,�,�,25.910359,93.743963
1259,ASSAM,22,32,6.8,9.5,7,7.5,119,229,1.6,2.4,0.21,1.22,2100,2100,300,9300,26.503075,93.952372
1928,NAGALAND,20,25.5,1.5,2.3,7.5,7.5,254,425,10,18,1,1.55,�,�,�,�,25.801511,93.606777
1930,NAGALAND,16,21.1,2,2.5,7.5,8.5,438,575,4,20,4,8.9,�,�,�,�,25.67564,94.109775
1929,NAGALAND,21,31.7,1.7,2.3,8.5,9,129,169,7,22,1,2,�,�,�,�,25.752349,93.869559
1261,ASSAM,18,25,8.4,9.5,6.3,7.1,57,91,0.7,2.9,0.2,1.22,360,360,360,2000,27.510417,94.953333
2061,ASSAM,18,24,5.8,11,6.2,7,115,203,0.9,2.2,0.23,3.23,�,�,0,360,27.411803,95.985028
1422,ASSAM,20,25,6.3,8.8,7.1,7.6,118,308,0.8,2.7,0.16,1.99,910,910,730,2300,27.284622,95.662347
2062,ASSAM,19,25,6.8,8.2,6.8,7.4,106,191,1.4,4.1,0.25,2,�,�,730,2100,27.321156,95.309064
2230,ASSAM,19,25,6.5,8.3,7,7.5,114,193,0.9,2.7,0.11,2.66,�,�,910,1400,27.320585,95.308605
2065,ASSAM,20,31,7.3,9,7.3,8.2,242,362,0.9,2.2,0.19,1.05,�,�,360,2800,26.447389,91.460667
1530,ASSAM,20,26,5.7,8.7,6.3,7.3,80,371,1.4,4.3,0.12,5.6,300,360,720,1500,27.381964,95.622819
2063,ASSAM,20,28,8,9.1,6.6,7.1,66,98,1.1,4.5,0.1,2.33,360,360,360,910,26.759281,92.858803
2237,ASSAM,19,35,3.4,10.1,6.2,7.2,59,283,1,3.2,0.18,1.39,300,300,720,1500,26.349206,92.68035
2059,ASSAM,22,36,7.7,10.3,6.8,7.7,42,135,1.1,2.3,0.11,0.33,730,730,910,2300,26.265026,92.264751
2060,ASSAM,21,30,6,6.7,7.6,7.9,433,801,1.6,2.8,0.17,1.66,�,�,300,910,26.496268,90.652663
2058,ASSAM,20,27,6.3,10.8,6.2,7.1,101,169,0.6,3,0.15,0.32,360,2000,360,21000,27.141901,95.36639
1298,ASSAM,20,28,4.6,6.7,6.2,7,23,261,2.2,4.2,0.19,1.66,1500,1500,1500,3500,27.311023,95.101786
1258,ASSAM,19,28,5.4,7.6,6.9,7.4,56,155,1.6,2.7,0.11,1.33,�,�,730,1500,26.846906,94.492244
1527,ASSAM,19,27,6,7.5,6.6,7.3,74,172,1.2,3.7,0.18,1.02,360,910,700,2700,26.781058,94.208548
1531,ASSAM,20,28,7,7.4,6.9,8.3,96,355,2.4,2.9,0.16,1.45,360,730,730,2000,26.848745,92.840375
1423,ASSAM,14,22,6.2,6.8,6.7,7.4,60,195,1.1,2.3,0.19,2.3,300,360,1100,1500,24.8674,92.600817
1528,ASSAM,19,32,0,0.7,6.8,7.6,730,960,42,50,0.18,15.6,730,730,360,9300,26.167661,91.765289
1529,ASSAM,19,30,4.4,9.5,6.7,7.9,195,256,3.6,4.6,0.16,2.02,1100,2800,2000,240000,26.119297,91.647713
2068,ASSAM,16,24,6.1,6.8,6.6,7.3,60,215,0.7,2.3,0.12,2.36,360,1100,730,5300,24.648536,92.608089
1232,RAJASTHAN,11,38,3.6,6.5,7.2,8.8,360,670,0.6,2.4,0.42,1.55,4,4,4,9,23.648483,74.126708
4,GUJARAT,25,28,7.1,9,8.1,8.3,270,384,2.2,3.1,0.14,2.66,2,4,11,15,22.81225,73.359778
1229,GUJARAT,25,29,6,8.8,7.9,8.5,129,1205,2.1,5,0.756,5.6,2,900,7,900,23.285842,73.831736
1230,GUJARAT,25,28,5.7,8.7,6.8,8.7,232,452,0.5,3.2,2.394,3.59,2,2,140,1600,23.324822,73.9021
1231,GUJARAT,24,24,4.1,10.2,6.7,8.7,1015,1015,0.9,3.6,0.58,1.25,4,4,2,2,23.152072,73.551372
1863,GUJARAT,25,29,4.8,8.6,8,8.3,557,2420,4.5,8,0.4,0.96,7,170,4,120,22.342298,73.052575
1864,GUJARAT,25,29,3.8,9.8,7.3,8.3,343,527,4.5,9,0.468,9.6,110,110,150,430,22.254744,72.982618
1228,GUJARAT,26,28,8.4,8.7,7.9,8,223,337,3.2,5,0.07,1.55,1,5,4,23,22.846264,74.291789
2102,MADHYA PRADESH,23,28,7,7.7,7,7.8,360,874,1.9,3,0.84,1.98,�,�,�,�,24.05703,75.074378
2103,MADHYA PRADESH,25,28,7.2,7.7,7.2,8.3,240,390,1.4,2.1,1.16,1.66,�,�,�,�,23.330385,75.034646
2104,MADHYA PRADESH,25,28,7.2,7.6,7,8.2,356,838,2,3,1.82,3.2,�,�,�,�,23.639659,75.126136
2105,MADHYA PRADESH,24,32,7.2,7.5,7.3,8,300,527,2,3,0.18,3.56,�,�,�,�,23.396067,76.291283
1221,GUJARAT,25,28,7.2,8.4,7.3,8.4,285,889,1.8,8,0.261,1.89,17,70,21,120,24.22986,73.005317
1407,GUJARAT,26,29,3.2,3.2,7.5,8.7,285,4220,5,13,0.713,5.66,900,900,3500,22000,23.245906,72.68218
1408,GUJARAT,27,30,5.4,6.8,7.5,8.4,599,34593,5,83,1.215,5.42,14,1500,4,50000,23.031314,72.575114
1409,GUJARAT,27,34,0.6,8.4,7.3,8.3,329,10100,1,21,0.22,2.02,10,10,7,900,23.06353,72.589064
1866,GUJARAT,�,�,�,�,�,�,268,9740,�,�,7.519,9.89,200,7900,9,300,23.090926,72.629239
1222,GUJARAT,27,30,7.1,8.2,6.9,8.6,287,463,4.5,15,0.31,1.89,�,�,26,1400,22.739321,72.679059
1224,GUJARAT,25,25,6.6,8.1,8.3,8.5,286,1247,2,2,1.94,2.06,2,2,7,30,23.681975,73.391956
1437,GUJARAT,26,31,1.8,7.3,7,8.5,139,7110,0.2,115,0.836,1.56,�,�,11,47,22.868749,72.627351
1227,GUJARAT,25,26,7.8,8.8,7.7,8.3,325,430,2.6,3.3,0.13,1.23,2,2,11,15,23.055164,73.716378
1241,MADHYA PRADESH,18,23,6.8,7.8,7.2,8.3,324,499,0.6,2.8,0.4,1.84,4,39,17,460,22.598638,80.371449
44,MADHYA PRADESH,18,29,6.1,8.7,7.8,8.6,216,314,0.8,3.2,0.34,7.89,2,6,30,1600,22.762685,77.71649
1240,MADHYA PRADESH,18,22,7.4,7.8,7.3,8.3,316,527,1.3,21.5,0.14,1.24,3,70,11,460,22.948622,79.190171
1234,MADHYA PRADESH,18,30,6,10,7.6,8.8,219,312,0.7,3,0.26,8.92,2,8,21,1600,22.756614,77.690036
2123,MADHYA PRADESH,21,29,5.6,11.7,7.4,8.7,219,309,0.8,2.3,0.34,7.88,2,8,40,1600,22.761672,77.7185
2106,MADHYA PRADESH,20,24,6.5,7.8,7.2,8.2,267,386,1.9,2,1.21,10.05,�,�,�,�,22.496589,76.980555
2099,MADHYA PRADESH,19,24,7,7.8,7.1,8.3,164,682,1,2.8,0.27,5.63,3,75,10,240,23.124913,79.774671
3322,MADHYA PRADESH,19,24,6.7,7.8,7.4,8.7,333,523,1.2,3.2,0.5,6.39,3,15,23,460,22.598282,80.370419
3323,MADHYA PRADESH,19,25,6.6,7.7,7.2,7.6,328,572,1.4,2.4,1.34,3.39,3,3,14,240,23.124518,79.775616
3324,MADHYA PRADESH,19,26,6.9,7.8,7.2,8.4,312,575,1.1,2.8,1.24,4.52,3,23,15,460,23.133109,79.800745
3325,MADHYA PRADESH,18,26,6.7,7.8,7.3,8.4,295,606,1.8,7.6,1.3,3.29,3,23,15,460,23.133838,79.800558
1243,GUJARAT,24,24,8.1,8.1,8.1,8.1,247,848,2.6,2.6,0.532,5.63,20,2200,70,9200,21.665906,72.916681
1244,GUJARAT,24,28,3.9,8.5,7.8,8.6,179,19452,0.6,2.9,8.92,10.03,2,7,8,24,21.950608,73.584697
1245,GUJARAT,26,31,3.4,8.5,7.3,8.8,221,811,0.4,6.1,0.309,9.36,3,230,4,40,21.983722,73.456331
1981,GUJARAT,30,30,8.9,8.9,8.5,8.5,2000,2000,0.6,0.6,0.41,2.33,210,210,11,11,21.714997,73.042891
2073,GUJARAT,26,32,5.9,9.5,7.7,8.6,240,2450,0.7,6.1,0,0,4,4,4,4300,23.134936,72.611525
2100,MADHYA PRADESH,19,24,6.9,7.8,7.3,8,350,680,1,3.6,0.42,3.26,1,23,4,460,23.117239,79.99781
2101,MADHYA PRADESH,18,29,6.9,7.8,7.1,8.9,210,612,1,12.8,0.36,2.69,4,5,11,150,23.899675,80.512005
3305,MADHYA PRADESH,20,24,6.9,7.8,7.1,7.7,343,450,1.5,2.8,0.2,2.5,3,4,17,93,22.049425,80.716076
1313,MAHARASHTRA,30,34,4.8,6.7,7.7,8.4,168,866,2.4,7,0.31,2.78,33,60,110,140,21.24294,76.034146
1251,MAHARASHTRA,28,32,5.4,6.7,7.3,8.4,182,860,2.2,6,0.473,5.69,34,50,110,140,21.047772,75.786357
1314,MAHARASHTRA,19,25,4.4,7.2,7.7,8.2,298,904,2.4,6,0.32,2.88,27,170,110,340,21.546291,74.466807
1247,GUJARAT,24,28,7,7.6,7.3,8.5,23,2850,0.3,0.8,2.711,3.33,1500,9300,17,260,21.247908,73.301033
1248,GUJARAT,24,29,5.2,7.8,8.3,8.7,231,2300,0.3,21,0.62,4.89,23,2100,93,430,21.2855,72.935483
1982,GUJARAT,24,29,6.8,7.8,8.4,8.5,364,3542,0.5,2.2,0.36,1.03,540,7900,9,930,21.194545,72.811552
1983,GUJARAT,29,34,7.8,8.1,8,8.5,1602,5670,1.9,4.7,0.41,2.33,30,70,230,240,21.221618,73.170007
2071,GUJARAT,26,29,7.2,8.4,7.2,8.6,277,1570,1.1,2.2,0,0,�,�,80,170000,21.148919,72.743684
2070,GUJARAT,20,29,6.6,8.6,8,8.6,460,4330,1,5.2,0.43,1.46,3,1500,210,221000,21.461094,72.726327
1149,GUJARAT,24,30,2.8,6.8,7.3,8.2,154,265,0.5,10,2.272,3.39,5,90,4,9,20.461511,72.886556
1435,GUJARAT,24,35,6.6,8.6,7.2,9.7,285,5670,0.4,89,0.75,2.45,23,150,64,24000,20.342461,72.905403
1253,MAHARASHTRA,26,26,5.8,6.5,8.3,8.5,283,329,2.6,3,1.6,2.69,34,70,70,140,20.559014,74.508394
1252,MAHARASHTRA,28,29,5,7,8,8.4,496,868,2.4,3.2,4.73,5.02,34,40,110,190,20.674774,75.22279
1907,MAHARASHTRA,21,22,5,6.3,8.2,8.3,305,491,2.6,5,0.149,0.26,22,90,110,210,21.161624,73.793751
2127,MADHYA PRADESH,23,37,7.4,8.5,7.9,8.2,367,780,0.5,4.5,1.92,2.55,2,6,130,900,22.124707,78.03034
2155,MAHARASHTRA,20,27,3.6,6,7.5,9,536,812,7,14,3.78,5.99,300,900,280,900,20.88237,76.856618
1861,GUJARAT,28,33,7.2,7.8,8,8.3,2980,7780,1.4,3.7,2,2.5,23,75,2,9,20.980464,73.016757
1438,GUJARAT,25,30,5.6,8.1,7.8,8.6,662,2390,1,5,8,8.16,4,140,93,430,21.111549,73.111601
3203,GUJARAT,27,27,4.7,6.3,7.5,8.8,�,�,0.3,2,�,�,�,�,�,�,21.635384,73.064972
2652,MAHARASHTRA,19,21,4.6,5.2,7.7,8.3,561,772,2.6,8.5,2.08,2.42,34,90,90,190,21.326479,74.555815
2658,MAHARASHTRA,33,35,4.6,6.9,8,8.4,499,863,2.6,3.6,4.68,5.23,33,90,110,170,21.039758,75.067178
2659,MAHARASHTRA,19.5,24,5.3,6.6,7.9,8.4,420,647,2.6,3.4,0.254,5.53,7,70,110,140,21.275792,74.751714
2666,MAHARASHTRA,20,23,6,6.7,8.1,8.4,324,486,2.4,3,0.754,3.69,40,110,140,300,21.545645,74.468325
2667,MAHARASHTRA,35,37,4.5,6.9,8,8.4,337,865,2.2,3.4,4.72,5.44,22,110,70,280,20.6589,75.349177
2674,MAHARASHTRA,30,31,5,6.6,8,8.5,339,855,2.4,3.2,4.61,6.02,22,90,80,170,21.105797,75.798376
2675,MAHARASHTRA,18,28,2.8,6.2,8.1,8.6,546,892,6.4,78,12.72,13.32,110,300,240,900,20.714779,76.957569
2684,MAHARASHTRA,19.5,20,5.9,6.7,8.2,8.4,367,454,2.4,2.8,1.32,2.33,70,90,190,300,21.11316,74.885213
2695,MAHARASHTRA,20,27,4.5,6.7,7.8,8.8,570,1817,6.2,14,8.42,10,80,300,240,500,20.999942,77.705722
2710,MAHARASHTRA,32,35,5.3,6.6,8,8.5,340,859,2.4,3.2,2.44,3.32,33,90,140,240,20.470053,75.025947
2718,MAHARASHTRA,27,28,6.3,6.8,8,8.4,211,858,2.4,2.8,2.77,3.02,40,110,170,310,21.041903,75.733072
1851,CHHATTISGARH,24,37,8,9.2,7.4,7.7,104,415,0.9,2.3,1,2.5,�,�,11,300,20.308614,81.917614
1264,CHHATTISGARH,24,37,7.5,8.2,7.6,8,184,452,1.8,3,1.6,3.55,�,�,50,500,20.652037,81.551365
1099,CHHATTISGARH,22,38,7.3,8.3,7.2,7.9,21,624,1.7,3.1,1.1,2.59,�,�,60,500,20.969822,81.876732
1852,CHHATTISGARH,23,37,7.5,8.3,7.5,7.8,156,554,1.6,3.2,1.2,1,�,�,40,500,21.15025,82.002864
1100,CHHATTISGARH,20,34,6.8,7.8,7.5,8,174,318,�,�,1.648,2.69,�,�,8,1412,21.730837,82.565689
1282,CHHATTISGARH,20,32,5.6,7,8,8.5,318,416,�,�,10.2,15.2,�,�,48,1622,21.728709,82.568814
1467,CHHATTISGARH,20,34,6.6,8,7.5,7.8,187,338,�,�,1.656,5.36,�,�,18,1839,21.695876,83.2426
1101,CHHATTISGARH,20,30,7.1,7.6,7.2,7.6,208,311,0.9,1,1.166,2.25,�,�,39,1100,21.665195,83.433435
1281,ORISSA,20,34,5.4,8.7,7.2,8.4,168,240,0.4,2.2,0.726,1.98,130,2300,230,4900,21.516358,83.851139
1270,ORISSA,21,35,5.5,8.7,7.6,8.4,144,255,0.3,3.6,0.534,1.55,1100,13000,3300,22000,21.455443,83.960359
1271,ORISSA,20,34,5.6,7.6,7.1,8.4,191,269,2.2,4.2,0.434,3,4600,54000,7000,92000,21.460108,83.969058
2405,ORISSA,20,36,6.1,8.2,6.9,8.4,158,235,0.4,2.6,0.501,1.2,330,3300,1300,4900,21.466747,83.980098
1272,ORISSA,25,37,6.4,8.6,7.7,8.4,184,237,0.4,1.4,0.615,2.22,45,3300,130,7900,20.865096,83.91172
1274,ORISSA,24,37,6.6,8.4,6.5,8.4,181,286,0.7,1.8,0.332,2.33,78,7900,220,14000,20.855331,83.904147
1275,ORISSA,23,34,6.7,8.4,7.5,8.4,181,250,0.3,1.6,0.321,1.65,230,2700,490,7900,20.612579,84.790163
1276,ORISSA,25,35,6.4,8.9,7.3,8.4,166,289,0.6,2,0.258,2.22,78,5400,230,11000,20.463775,85.083179
1277,ORISSA,24,36,6.2,8.6,7.9,8.4,142,264,0.6,1.8,0.497,1.66,130,9200,330,16000,20.490062,85.895865
1278,ORISSA,24,35,6,8.2,7,8.4,169,226,1.6,3.1,0.085,2.03,13000,160000,35000,160000,20.48147,85.893506
2409,ORISSA,23,34,6.9,12.5,7.6,8.4,120,226,1.8,3.6,1.467,1.92,700,24000,1400,35000,20.395008,85.907675
2406,ORISSA,23,35,6,8.6,7.1,8.2,144,258,0.5,2,0.222,1.06,130,1300,330,9200,20.470289,85.764033
2404,ORISSA,23,35,5.5,7.9,7.1,8.4,185,236,0.6,2.3,0.528,1.22,140,1300,210,3400,21.489937,83.889449
2407,ORISSA,23,33,6.3,8.6,7.4,8.4,104,8702,0.6,2.1,0.593,2.23,1300,160000,2200,160000,20.332506,86.573781
1639,ORISSA,20,33,6.2,8.6,7.6,8.3,147,34350,1,2.7,1.564,2.56,45,160000,78,160000,20.268444,86.6548
1107,CHHATTISGARH,24,28,7.3,7.6,7.2,7.5,�,�,1.3,1.8,0.382,2,�,�,��������,2400,21.038264,80.973647
1845,CHHATTISGARH,24,24,7.4,7.4,7.4,7.4,�,�,1.5,1.5,0.468,1.98,�,�,10,2400,21.189994,81.280092
1266,CHHATTISGARH,23,36,7.2,8,7.4,7.7,214,512,1.2,3.5,1.4,2.65,�,�,60,500,21.618808,81.695639
3166,CHHATTISGARH,24,28,7.4,8,7.4,7.7,�,�,1.8,2,0.58,1.23,�,�,210,2400,21.304368,81.304163
3167,CHHATTISGARH,24,28,6.8,7.7,6.6,7.6,�,�,1.4,1.9,0.51,1.56,�,�,210,2400,21.047808,81.065781
1265,CHHATTISGARH,22,38,7.6,8.6,7.5,7.8,234,610,1.4,3.2,0.9,.2.00,�,�,30,500,21.248011,81.542917
1847,CHHATTISGARH,24,29,7.3,7.8,7.4,7.6,�,�,1.6,7.6,0.42,2.63,�,�,150,2400,21.200022,81.237472
1846,CHHATTISGARH,22,29,6.4,7.8,6.5,7.7,�,�,1.7,7.8,0.574,4,�,�,150,2400,21.179853,81.2545
1853,CHHATTISGARH,23,37,1.5,8.8,7.5,7.8,165,633,1.5,3.2,1.3,3.56,�,�,34,500,21.105793,81.579948
1105,CHHATTISGARH,24.8,27.5,5.2,6.9,7.2,7.3,�,�,0.6,1.8,1.09,2,�,�,20,63,22.380472,82.708433
1106,CHHATTISGARH,20.5,34,5.5,8.2,7,8,146,334,�,�,1.508,3.2,�,�,8,1178,22.048233,82.634978
3165,CHHATTISGARH,24.5,27.6,4.6,6.2,7.1,7.2,�,�,1.2,2.4,0.87,2.59,�,�,40,79,22.339305,82.692841
3168,CHHATTISGARH,24.5,27.6,4.2,5.6,7.2,7.4,�,�,1.8,2.8,0.96,2,�,�,50,94,22.282751,82.700933
1848,CHHATTISGARH,28,32.5,4.6,7.6,7,9,222,1185,1.6,1.6,1.354,2.88,�,�,210,2600,22.069453,82.190639
1849,CHHATTISGARH,20,31,7,7.6,7.2,7.6,164,302,0.9,0.9,1.198,2.01,�,�,64,1100,21.914789,83.404678
1850,CHHATTISGARH,20,31,6.8,7.5,7.3,7.7,167,310,1.7,1.8,1.231,1.4,�,�,120,1100,21.911203,83.407498
1267,ORISSA,24,36,5.9,8.9,7.7,8.4,80,217,0.3,1.5,0.48,2.5,230,2300,790,5400,22.124146,84.043157
1268,ORISSA,20,36,5.8,9.3,7,8.4,75,214,0.3,1.6,0.528,1.53,78,1700,230,3300,21.856425,84.002419
1300,ORISSA,20,36,6.4,9.1,7.4,8.5,97,188,0.4,1.6,0.486,1,330,2400,940,5400,21.863911,83.947739
1269,ORISSA,22,36,6,8.8,6.6,8.3,101,220,0.7,2.2,0.628,3.2,130,2700,790,3900,21.828126,83.941121
2403,ORISSA,22,35,6.6,10.9,6.9,8.5,110,650,0.4,2.2,0.387,1.45,140,3300,270,7900,21.788747,83.977666
1279,ORISSA,23,35,5.2,8,7.2,8.4,164,233,1.4,3.1,2.038,3.26,490,92000,1100,160000,20.297906,85.882365
1280,ORISSA,23,37,4.3,6.8,7,8.4,160,328,3.4,5.8,7.119,9.05,7900,54000,13000,92000,20.297755,85.880734
2410,ORISSA,23,35,5.5,10.7,7.2,8.4,168,223,0.6,1.6,0.468,1.53,140,160000,490,160000,20.32735,85.861197
2411,ORISSA,22,37,4.6,7.5,6.7,8.1,167,306,2.6,4.4,4.138,6.02,7900,54000,16000,92000,20.139142,85.758142
1301,ORISSA,22,33,6.1,7.6,7.6,8.4,165,243,2.5,5.8,0.765,1.69,7000,92000,11000,160000,20.444394,85.890897
2412,ORISSA,19,28,6.3,10.2,7.5,8.2,108,226,0.3,2.8,0.819,9.88,78,17000,220,54000,22.249467,84.749906
2408,ORISSA,26,36,6,10.4,7.1,8.4,127,258,0.7,1.8,0.361,1.56,78,4900,230,7900,20.82655,83.910444
1640,ORISSA,20,37,5.9,9,7,8.1,126,628,0.7,2.6,0.316,2.35,1700,160000,3500,160000,20.546532,85.91187
1037,ORISSA,19,28,6.3,9.8,7,8.4,112,219,0.4,2.5,0.194,3.02,490,24000,1300,35000,22.228669,84.803932
1038,ORISSA,20,30,5.1,8.8,6.8,8,170,429,2.1,5.6,4.264,11.56,2700,160000,7900,160000,20.697347,85.747603
1302,ORISSA,20,32,5.6,10,6.4,8.3,187,368,0.9,4.7,3.657,9.87,790,92000,2400,160000,22.182883,84.847889
2414,ORISSA,22,39,5.9,11.7,7,8.5,109,288,1.1,3.9,0.216,5.03,130,17000,130,24000,22.074639,84.897806
1039,ORISSA,21,37,0.8,8.9,7.1,8.4,107,263,0.4,2.3,2.189,3,45,22000,110,54000,21.820606,84.9516
1040,ORISSA,24,39,6.6,8.9,7.4,8.3,107,187,0.4,2.6,1.419,2.03,45,1100,45,7900,21.276098,85.035007
1041,ORISSA,24,38,5.9,9.9,7.6,8.4,106,292,0.5,2,0.868,1.06,45,7900,110,22000,21.074527,85.142032
1303,ORISSA,22,36,6.4,8.7,7.4,8.2,116,222,0.7,2.6,0.315,3.77,780,4900,790,7900,20.949817,85.216631
2415,ORISSA,22,35,6.5,8.6,7,8.5,121,235,0.4,2.5,0.334,3,170,2300,210,4900,20.996256,85.248842
2416,ORISSA,23,36,6.3,8.9,7.3,8.3,17,267,0.8,2.8,0.469,2.99,780,7900,1300,7900,20.825086,85.316236
1042,ORISSA,22,36,6.7,8.6,6.9,8.6,104,233,1.4,3,0.326,3.23,1100,17000,2700,24000,20.867785,85.278472
2417,ORISSA,22,34,5.7,9.1,7.3,8.4,127,247,0.9,2.4,0.761,2.39,1100,54000,1400,92000,20.746464,85.5563
1043,ORISSA,20,34,6.3,9.3,7.4,8.3,119,201,0.6,2.2,0.463,3.44,790,54000,490,92000,20.879162,85.835492
2418,ORISSA,20,33,6.4,8.8,7.6,8.1,114,169,0.7,1.6,0.826,1.49,490,35000,330,92000,20.889011,86.010639
1044,ORISSA,25,33,6.4,9.5,7.7,8.5,130,227,0.8,2.2,0.176,2.87,700,7900,780,11000,20.770422,86.149638
1045,ORISSA,20,33,5.2,9.3,7.4,8.4,147,249,0.8,1.8,0.488,5.5,490,24000,790,24000,20.585906,86.568249
1036,JHARKHAND,�,�,�,�,7.4,7.7,236,390,0.4,1,0,10,�,�,�,�,22.377636,85.190937
2413,ORISSA,21,30,5.9,13.5,7.5,8.4,112,256,0.4,3,0.434,2.32,490,4900,170,7000,22.275492,84.918092
2419,ORISSA,24,33,6,10.3,7.6,8.3,114,169,0.4,2,1.25,3.22,330,7900,490,24000,20.853192,86.200283
2420,ORISSA,22,31,6,7.8,7.2,8.3,129,228,0.5,2.8,0.175,2.1,330,13000,1100,24000,20.694244,86.652433
1081,ORISSA,15,37,6.3,8.6,7,8.4,88,185,0.3,2.4,0.306,5.66,130,4900,330,11000,22.018734,85.406998
1082,ORISSA,21,32,5.8,8.4,7.3,8.3,92,202,0.6,2.2,0.388,3.89,230,35000,78,54000,21.214851,86.121323
1083,ORISSA,26,34,6.4,8.8,7.5,8.5,105,232,1.2,2.4,0.304,2.3,1300,17000,2300,54000,20.851312,86.33016
1084,ORISSA,22,29,4.5,7.8,7.4,8.3,111,9720,0.8,2.2,0.726,2,400,3500,940,9200,20.774033,86.744211
1085,ORISSA,22,32,5,7.6,7,8.1,380,52170,0.6,2.8,1.343,3,170,16000,790,24000,20.795283,86.896965
2421,ORISSA,21,33,5.8,8.9,7.3,8.4,152,322,0.4,2.8,0.087,1,330,7900,130,24000,21.325488,86.064444
1641,ORISSA,20,29,6.8,8.4,7.5,8.5,127,349,0.6,1.8,0.456,3,220,4900,790,13000,21.770058,87.156229
2399,JHARKHAND,�,�,�,�,7.2,7.6,180,203,0.2,0.8,0,0,�,�,�,�,22.97194,86.023097
48,JHARKHAND,�,�,�,�,7.3,7.6,190,263,0.3,1.2,0,0,�,�,�,�,22.948415,86.013303
24,JHARKHAND,�,�,�,�,6.6,7.8,304,394,2.7,3.2,0,0,�,�,�,�,22.761694,86.317722
49,JHARKHAND,�,�,�,�,7.4,7.5,275,472,2.8,4.2,0.1,7,�,�,�,�,22.820861,86.232528
2387,JHARKHAND,�,�,�,�,7.2,7.6,240,360,0.4,1.5,0.5,4,�,�,�,�,22.592839,86.446667
1312,MAHARASHTRA,28,31,5.9,7,7.6,8.7,412,1443,2,5,1.8,2,2,3,60,90,19.485317,75.370099
2177,MAHARASHTRA,23,28,4.9,7,7.4,8.3,163,403,2.4,5,1.648,2,33,170,110,340,20.022812,73.728178
2182,MAHARASHTRA,23,28,4.5,6.5,7.5,8,263,507,2.8,5.5,8.096,10,21,170,90,210,20.014695,74.007463
2179,MAHARASHTRA,23,30,4.1,6.7,7.4,8.2,166,545,2.6,12,1.004,7,33,300,90,900,20.008887,73.783052
2183,MAHARASHTRA,25,27,4.4,7,7.7,8.2,191,369,2.4,3.6,0.663,3,17,110,40,350,20.012385,74.113719
2181,MAHARASHTRA,23,30,2.6,6.1,7,8.2,440,655,3.8,22,0,4,33,350,110,900,19.98729,73.811026
2180,MAHARASHTRA,24,29,3.9,6.5,7.3,8.2,365,576,2.8,18,0,4,40,300,140,900,19.987307,73.811028
1096,MAHARASHTRA,24,30,4.5,6.9,7.4,8,242,528,2.6,6,0,2,110,110,210,350,20.008676,73.792361
1211,MAHARASHTRA,24,30,4.2,6.5,7.4,8.1,318,536,3.2,8,0,3,21,140,90,350,20.001568,73.795314
1095,MAHARASHTRA,24,31,5.7,7,7.3,8.1,158,199,2,3,1.073,2.03,11,33,22,140,20.048123,73.679809
2160,MAHARASHTRA,28,32,5.5,6.9,7.2,8.4,366,1091,2,4.2,1.5,2,2,3,70,90,19.63253,75.028605
2158,MAHARASHTRA,28,32,6.1,6.7,7.8,8.1,512,1279,3,6,1.6,2,2,3,70,90,19.478228,75.384879
2159,MAHARASHTRA,28,32,5.6,6.8,7.5,8.2,536,2075,2,6.2,6.6,7,2,3,70,90,19.467269,75.397267
2161,MAHARASHTRA,22,30,5.9,7.1,7.6,8.4,459,943,3,5,2.5,3,2,3,70,90,19.360024,75.709583
12,MAHARASHTRA,25,29,6,7,7.1,8.2,399,895,2.1,12,6.3,7,2,3,70,90,19.226068,76.367013
1209,MAHARASHTRA,24,38,5.8,6.9,7.6,8.4,468,987,3,5,1.7,2,2,3,60,90,18.85443,77.527475
2157,MAHARASHTRA,20,37,6,7,7.8,8.4,408,866,2,5.2,6.3,7,2,3,70,90,20.793322,78.139339
2360,ANDHRA PRADESH,26,30,5.2,5.8,7.8,8.4,420,1464,1.2,2.2,1,2,10,55,120,285,18.868297,77.962194
2361,ANDHRA PRADESH,31,31,6.6,7.2,8.4,9.6,477,575,12,12,0,0,90,170,220,350,18.838133,79.441697
2362,ANDHRA PRADESH,30,30,5.6,5.8,8.3,8.7,568,581,10,16,0,0,240,240,500,900,18.819131,79.468017
2363,ANDHRA PRADESH,30,31,3.1,3.3,8.4,9.1,739,867,12,18,0,0,500,500,900,1600,18.781656,79.513558
2364,ANDHRA PRADESH,30,31,6.3,7,8.3,9.7,488,574,10,15,0,0,90,170,350,500,18.786369,79.521028
2356,ANDHRA PRADESH,29,29,4.4,4.4,8.5,8.5,656,656,13,13,0,0,300,300,500,500,18.727075,79.620161
2365,ANDHRA PRADESH,30,30,5.2,6.9,8.3,8.4,415,421,5,8,0,0,300,300,500,500,18.288014,80.492375
2366,ANDHRA PRADESH,29,30,6.5,6.7,8.2,8.2,409,433,4,4,0,0,280,280,500,900,18.263814,80.538533
13,ANDHRA PRADESH,29,30,4.1,4.1,8.4,9.8,467,568,11,22,0,0,240,240,900,900,18.850151,79.442839
2367,ANDHRA PRADESH,19,21,5.4,6.5,7.5,8.6,381,528,0.3,0.3,0.3,1,2,2,400,900,17.674897,80.883094
2368,ANDHRA PRADESH,20,21,5.1,6.3,7.6,8.2,394,563,0.6,1.4,0.28,1,2,4,1200,21000,17.655586,80.876653
2369,ANDHRA PRADESH,19,21,5.8,6.6,7.1,8.6,626,696,1,2,0.42,1,2,2,1100,1200,17.648483,80.8775
2370,ANDHRA PRADESH,26,27,5.6,6.2,6.4,7.2,256,327,1.2,1.2,0.94,3,3,93,240,1100,17.023186,81.768181
14,ANDHRA PRADESH,27,27,5.6,7.4,7.5,7.8,289,518,1.2,1.2,1.05,2,�,�,39,240,17.247331,81.646613
1218,ANDHRA PRADESH,25,28,5.6,6.8,6.7,7.9,244,1815,1.2,1.6,0.82,2,3,3,75,1100,17.069466,81.711134
2371,ANDHRA PRADESH,26,27,5.8,6.2,6.8,7.4,225,390,1.2,1.2,1.07,2,3,93,1100,1100,16.958989,81.78175
1854,CHHATTISGARH,18,29,7.3,7.6,7.4,7.7,�,�,1,1.8,0,0,�,�,4,12,18.900033,81.344044
1856,CHHATTISGARH,18,29,7.2,7.5,7.2,7.5,�,�,1,2.3,0,0,�,�,8,24,18.888807,81.370074
2673,MAHARASHTRA,21,22,5.9,6.9,7.9,8.4,451,624,4,4,0.3,1,3,3,70,90,18.429431,76.668723
2374,ANDHRA PRADESH,23,30,5.6,6.5,8.3,8.5,431,519,0.8,0.8,1,1,20,35,200,220,17.64797,78.143382
2375,ANDHRA PRADESH,24,30,5,6.2,8.6,8.8,456,611,1,1.8,1,1,30,75,225,292,17.650778,78.134958
1157,ANDHRA PRADESH,22,30,5.8,7,8.3,8.9,329,467,0.5,1,1,1,10,45,120,195,17.48468,79.107452
1891,KARNATAKA,25,30,6.5,8.5,7.8,8.4,200,578,2,4,0.63,1,240,1600,900,1600,17.951522,77.649047
1215,ANDHRA PRADESH,�,�,�,�,�,�,�,�,�,�,�,�,�,�,�,�,17.974814,79.898686
1158,ANDHRA PRADESH,29,29,4.1,4.1,8.3,8.3,450,450,12,12,0,0,170,170,500,500,18.369532,79.626751
2719,MAHARASHTRA,18,22,4.3,6.7,8.1,8.8,526,1430,5.2,14,10.75,11,30,140,70,220,19.962632,79.277747
2720,MAHARASHTRA,20,22,5.6,6.9,8,8.7,510,1402,5.6,8,9.95,10,17,110,30,130,19.962783,79.277286
2721,MAHARASHTRA,18,22,5.3,7.2,7.2,8.4,358,1220,6,7.8,9.08,9.98,30,70,80,110,19.956027,79.099547
2174,MAHARASHTRA,18,22,4.9,6.3,7.6,8.3,450,1382,7.8,12.5,1.54,2,50,110,110,170,19.922574,79.113955
2156,MAHARASHTRA,19,22,4.1,7.4,8,8.7,488,1360,5.2,14,9.72,10,30,80,4,170,20.062424,78.956456
1212,MAHARASHTRA,18,22,4.3,6.1,7.7,8.5,514,1626,6,10,9.85,11,50,140,70,220,19.77611,79.354942
1213,MADHYA PRADESH,19,28,7.4,7.6,7.2,8.2,340,560,1.2,2,0.44,2,4,4,7,150,21.802913,80.157861
1214,MADHYA PRADESH,19,24,7.4,7.8,7.1,8.3,366,695,2,7.6,0.2,3.33,23,75,11,240,21.804398,80.157483
3330,MADHYA PRADESH,19,25,6.8,7.6,7.1,8.4,266,612,1,3.4,1.66,2,3,39,6,240,22.396132,79.540674
1910,MAHARASHTRA,20,29.5,4,7,7.9,8.5,482,790,5.8,15,9.72,10,80,500,150,500,19.731126,79.776401
2173,MAHARASHTRA,19,28,4.8,6.4,7.6,8.5,314,618,4.8,8,0.26,2,30,140,50,280,21.380729,79.745477
2172,MAHARASHTRA,19,28,5,6.5,7.1,8.5,322,692,5.6,11,0.67,2,20,280,90,360,21.380853,79.745595
2175,MAHARASHTRA,18,22,5.2,7.1,6.8,8.4,472,1370,4.8,7.8,10.98,11,40,140,60,270,20.609867,79.857681
2176,MAHARASHTRA,18,22,5,6.5,6.8,8.5,510,1540,6.5,14,10.1,10,80,240,140,500,20.610126,79.858051
11,MAHARASHTRA,18,22,5.4,6.7,8.1,8.6,476,1410,4.8,8,9.87,10,70,170,130,240,19.715385,79.685289
1908,MAHARASHTRA,20,26,4.4,6.5,7.5,8.7,440,888,5.2,8,0.775,4,70,240,90,350,21.246917,79.153882
3312,MADHYA PRADESH,18,26,6.9,7.8,7.1,7.6,323,586,1.3,4.6,0.62,1,4,43,11,460,22.061124,78.952935
1909,MAHARASHTRA,20,29,4.2,6.8,7.7,8.7,490,810,6,8.4,0.915,1,30,130,90,300,21.087098,79.474422
2170,MAHARASHTRA,24,26,5.5,7,8,8.7,410,782,5.4,8,2.22,6,22,60,60,180,21.206788,79.246193
2171,MAHARASHTRA,20,26,4.3,5.9,7.8,8.9,478,810,7.2,12,1.66,6,50,80,70,210,21.209724,79.236711
1913,MAHARASHTRA,28,38,5.5,5.8,8.2,8.9,37,782,4.6,8.2,9.91,10,80,170,110,300,20.933469,76.276878
2700,MAHARASHTRA,20,26,5.1,6,8.4,8.7,492,910,7,8.4,3.51,4,90,280,140,900,21.129844,77.57423
1315,MAHARASHTRA,19,23,4.5,6.4,7.9,8.5,534,994,6.4,13,1.08,1.09,30,170,70,500,20.726241,78.31758
2372,ANDHRA PRADESH,19,21,5.8,7.2,7.7,8.6,443,608,0.2,0.5,0.36,1,2,2,700,1200,17.224489,80.127061
2373,ANDHRA PRADESH,20,22,6.8,7.9,7.1,8,118,168,�,�,0,0,2,2,200,400,17.616333,81.286295
2657,MAHARASHTRA,22,27,6.2,6.7,7.9,8.2,440,476,4,4,0,0,2,3,80,90,18.916511,75.743889
2660,MAHARASHTRA,24,30,4.8,7,7.3,8.3,230,374,2.6,4.2,1.416,2,17,70,70,210,19.932352,73.856413
2661,MAHARASHTRA,25,29,4,6.7,7.6,8.5,161,866,2.6,6.5,1.783,7,22,33,70,110,19.761988,73.737187
2662,MAHARASHTRA,25,28,5,7,7.7,8.5,180,629,2,5,1.975,2,21,34,70,110,19.870494,73.829919
2663,MAHARASHTRA,26,28,5.9,6.9,7.7,8.5,179,527,2.4,4,1.868,2,16,34,60,110,19.872772,73.834011
2664,MAHARASHTRA,24,27,4.6,7,7.5,8.4,227,465,2.6,6,7.805,8.29,16,40,90,110,19.900366,73.838095
2697,MAHARASHTRA,18,22,5,7.2,7.9,8.7,508,1442,4.6,8.4,9.83,10,30,70,30,70,19.597589,77.691614
2698,MAHARASHTRA,17,22,5.4,7.2,7.8,8.6,436,1436,6,8.8,9.83,10,17,80,22,110,19.724881,77.446567
2699,MAHARASHTRA,18,28,4.4,6.4,8.1,8.5,526,810,5.2,12,2.67,5,50,80,80,170,20.150364,76.560336
2722,MAHARASHTRA,18,28,5.2,6.8,7.8,8.7,460,810,6.2,8.4,0.517,4,34,70,60,170,20.555303,78.816456
2723,MAHARASHTRA,18,28,4.6,6.5,7.8,8.7,510,842,7.8,12,0.38,5,40,170,90,350,20.544289,78.811978
1194,MAHARASHTRA,22.5,28.4,5.8,6.2,7.8,8.8,108,192,3.4,6.2,0.16,1.02,9,40,120,275,17.981764,73.795456
1153,MAHARASHTRA,26,32,6.6,7.4,7.1,8.1,136,527,1.8,4,2.39,2.86,2,6,80,120,16.657053,73.521386
36,MAHARASHTRA,22,25.4,5.7,5.9,7.9,8.8,133,238,4.2,7.4,0.53,1.05,80,425,900,1800,17.295256,74.188776
1906,MAHARASHTRA,20,27,5.8,7.5,7.6,8.6,199,418,2,8.2,1.33,4,2,4,80,130,17.029275,74.380064
37,MAHARASHTRA,22,28,6.1,6.9,7.5,8.5,196,892,2.4,6.4,2.45,3,2,6,110,140,16.824045,74.64951
1310,MAHARASHTRA,25,32,6.4,7.4,7.5,8.2,133,597,2,4.8,2.54,3.88,4,6,90,140,16.681396,74.590278
2187,MAHARASHTRA,20.9,23,5.6,5.9,8.2,9.1,280,518,4,6.4,0.38,1,95,350,900,1800,17.688548,74.063324
2188,MAHARASHTRA,20.2,21.9,5,6,8.1,8.8,173,502,4.6,7.6,0.22,4,120,350,900,1800,17.688252,74.063303
2190,MAHARASHTRA,22,28.7,2.8,5.8,8.2,9,258,586,3.6,8.6,0.24,5,70,350,900,1800,17.949284,73.891316
1182,KARNATAKA,24,33,5.9,11.4,7.5,8.9,230,1780,0.5,2.6,7.11,8,12,900,22,1600,16.640864,74.821308
1889,KARNATAKA,23,32,5.6,11.7,7.3,9.1,250,1300,0.9,2.5,0,26,22,900,50,1600,16.5575,74.679717
1181,KARNATAKA,28,29,5,5.8,7.5,9.5,230,780,0.5,3.2,0,14,6,900,12,1600,16.242436,76.370678
1170,KARNATAKA,28,32,6,7.6,8.2,8.7,376,828,1,2,0.42,0,170,900,500,1600,16.380508,77.362725
1028,KARNATAKA,26,34,6.6,7.8,7.7,8.3,359,753,1,2,0.432,1.64,70,1600,220,1600,16.369172,76.656647
2781,KARNATAKA,28,29.5,4.9,5.9,7.1,9.4,240,690,0.7,3.3,0,0,7,900,12,1600,16.325069,75.899925
1784,ANDHRA PRADESH,29,30,6.4,6.8,8.4,8.4,688,758,13,14,0,0,90,170,220,350,16.424222,77.278883
1175,ANDHRA PRADESH,23,29,6.1,6.2,7.5,8.5,390,600,2.4,2.8,4.3,6,60,150,180,1200,16.001874,78.364986
39,ANDHRA PRADESH,29,30,6.2,6.9,8.3,8.5,675,869,9,12,0,0,90,170,500,500,16.338826,77.610192
1465,ANDHRA PRADESH,25,30,5.1,6.1,8.4,9,516,2098,0.8,4,0.5,1,20,230,155,240,16.694675,79.689933
1786,ANDHRA PRADESH,19,22,6,6.8,7.5,8.5,648,875,0.7,0.8,0.31,1,2,2,1100,1200,16.801875,80.129553
1787,ANDHRA PRADESH,25,27,6.2,7.5,7.1,9.2,607,865,0.4,0.8,0.52,1,2,2,900,1200,16.582608,80.343451
25,ANDHRA PRADESH,17,23,6,6.4,7.4,8.4,689,787,0.8,1.2,0.36,1,2,2,900,1200,16.492476,80.640839
3079,ANDHRA PRADESH,18,18,3.3,3.3,6.8,6.8,1634,1634,1,1,0.86,1,2,2,1200,1200,16.398256,80.721106
3083,ANDHRA PRADESH,25,26,5.8,6,7.1,7.6,350,410,2,2.1,0,4,90,110,180,1000,16.087917,78.890169
1782,ANDHRA PRADESH,18,21,5.6,6.2,7.5,8.5,676,858,0.8,1,0.44,1,2,2,400,1100,16.000123,81.079082
1311,MAHARASHTRA,24,33,6,7.3,7.2,8,133,335,2.2,8.2,2.35,3.33,2,12,110,220,16.746155,74.445716
2163,MAHARASHTRA,25,32,6.3,7.4,7.1,8.1,118,365,1.8,4.8,2.37,3.89,2,12,110,220,16.721492,74.594819
1904,MAHARASHTRA,24,33,6.6,7.2,7,8.5,147,256,2,3.6,1.78,2,2,6,90,140,16.688467,74.169462
1905,MAHARASHTRA,24,33,5.9,7.2,6.9,8.2,132,243,2.2,8.2,3.95,4,4,9,130,170,16.695477,74.274998
1189,MAHARASHTRA,25,30,2.2,4.1,7.9,9.1,368,505,6.3,16.6,0.14,2.11,175,550,1600,1800,18.481871,73.829569
2655,MAHARASHTRA,22,27,4.7,5.9,8,8.9,234,482,4,8.6,0.32,5.6,75,225,900,1800,18.645719,74.056442
2656,MAHARASHTRA,20,27.5,5.2,6,8.2,8.8,284,687,4.4,7.6,0.86,3,25,425,550,1800,18.202061,75.088989
1190,MAHARASHTRA,24.5,30,0.8,2.8,7.5,8.8,377,513,14,20.8,0.27,5.46,275,900,1800,1800,18.54325,73.885036
1191,MAHARASHTRA,19,28,2.9,5.6,8.2,8.9,449,1075,4.2,14,0.62,4.89,140,350,1600,1800,18.560303,74.37332
1192,MAHARASHTRA,20,28,1.9,5.5,8.2,8.9,364,690,4.6,16,0.8,3,70,350,900,1800,18.464553,74.583576
1188,MAHARASHTRA,32,38,5.7,5.9,8.2,8.9,694,1856,4.2,6.8,0.88,2.56,170,350,1600,1800,17.985845,75.116249
28,MAHARASHTRA,25,35,5.4,5.9,8.1,8.9,128,1713,4.2,6.8,0.85,3.45,110,250,1600,1600,17.703734,75.544604
1183,KARNATAKA,25,30,5.9,7.5,7.8,8.6,551,1610,2.7,4,0.38,1.54,220,1600,900,1600,17.179219,76.566603
1184,KARNATAKA,26,29,5.6,7.4,7.4,8.6,390,1260,2.1,4.8,0.34,2.56,280,1600,900,1600,17.069328,76.794283
1167,KARNATAKA,27,38,6.5,8.2,7.5,8.4,511,907,2,3.5,0.59,1,500,1600,900,1600,16.7341,77.130744
1888,KARNATAKA,26,29,5.9,7.2,7.2,8.6,442,1200,2,3.2,0.36,2.27,300,1600,900,1600,17.043481,76.814478
1185,KARNATAKA,23,35.5,5.1,8.1,7.6,8.7,170,3600,0.4,2.1,0,24.88,80,900,300,1600,16.328103,75.268333
1163,KARNATAKA,22,33,6.3,8.6,7.5,8.6,200,470,1,3,0.44,9.42,22,900,34,1600,16.174961,74.822508
1187,KARNATAKA,21,33,6.1,8.4,7.1,8.8,130,400,0.6,2.9,0,6.4,9,900,900,1600,15.633431,74.510322
1164,KARNATAKA,22,29,4.9,9.7,7.4,9.7,160,570,0.1,3.4,0,7.46,17,900,30,1600,15.797983,75.191492
1186,KARNATAKA,25,34.6,4.2,8.5,7.7,8.8,310,1800,0.5,3.1,0,21,80,900,80,1600,16.009319,75.878022
2764,KARNATAKA,25,33.8,4.8,9,7.4,8.8,310,1700,0.8,3.7,0,12.44,80,900,110,1600,15.875672,75.722272
38,KARNATAKA,�,�,�,�,�,�,180,380,�,�,0,0.32,50,170,110,280,14.236122,75.659356
1029,KARNATAKA,22,29,6.6,7.8,7.7,9.2,194,690,2,4,0.1,1.8,30,170,110,280,14.325397,75.771092
29,KARNATAKA,26,35,6.8,7.6,7.6,8.6,167,384,1.2,3,0.3,1.4,110,1600,170,1600,15.494844,76.692417
2768,KARNATAKA,25,30,5.6,6.9,7.2,8.8,310,1260,1.2,7.8,0.2,0.8,140,280,280,900,14.514278,75.785697
2769,KARNATAKA,24,30,6,7,7.5,8.8,215,935,3,4.5,0,0.7,70,170,170,350,14.5265,75.796072
2770,KARNATAKA,24,29,5.2,7,7.4,9,200,560,2,5,0.1,2.2,50,170,110,500,14.515836,75.797939
2776,KARNATAKA,24,29,6.4,7.6,7.6,9.2,158,320,1,3,0.36,0.88,220,1600,500,1600,15.41225,76.58625
2766,KARNATAKA,24,29,6.4,7.6,7.6,9.2,215,480,1,3,0,0.4,22,170,110,280,14.514278,75.785697
2767,KARNATAKA,2,29,6.2,7.6,7.6,9.1,180,490,1,7.2,0,0.2,22,110,70,280,14.514278,75.785697
1174,ANDHRA PRADESH,24,26,5.9,6.2,7.3,7.8,330,360,1.8,2.4,1,4,80,160,630,1100,15.8483,78.034942
1785,ANDHRA PRADESH,24,26,5.9,6.3,7.8,8.1,480,510,2.1,2.6,2.6,4,40,130,180,1200,15.944453,77.419709
1168,KARNATAKA,24,29,5.6,6.9,7.2,8.6,38,480,1.6,6,0,0.9,30,350,140,900,13.926464,75.583336
1896,KARNATAKA,24,30,6.2,7.1,7.4,8.5,134,410,1.7,5,0.06,1.5,70,240,170,500,14.011333,75.676667
1091,KARNATAKA,16,28,5.5,7.2,7.3,8.2,180,480,1,1,0.12,0.2,470,1600,2200,2200,13.003125,77.565306
1387,KARNATAKA,24,30,5,6.9,7.1,8.3,152,440,3,6,0.1,2.3,140,900,350,1600,13.832272,75.713164
1169,KARNATAKA,24,30,6,7,7.5,8.4,144,430,1.7,5,0.1,1.9,90,240,140,500,13.989311,75.683736
2765,KARNATAKA,24,29,5.7,6.9,7.6,8.6,138,230,1.4,2,0,0.6,30,80,90,170,13.812647,75.716319
2771,KARNATAKA,16,28,5.4,7.4,7.2,8.1,160,420,1,1,0.01,0.15,240,1600,1500,1600,13.212753,75.234217
1172,ANDHRA PRADESH,23,29,6.1,6.7,7.8,8.6,386,430,7,7,0,11.3,170,280,500,900,17.370422,78.472561
1173,ANDHRA PRADESH,29,31,0,0,7.7,8.4,1540,1540,50,75,0,27.3,1600,1600,1600,1600,17.370097,78.469786
2339,ANDHRA PRADESH,24,30,0,0,7.4,7.5,1450,1474,60,180,0,35.3,500,900,900,1600,17.382722,78.557775
3082,ANDHRA PRADESH,26,30,3.1,5.1,7.8,8.7,1417,2223,1.5,4.6,1.8,18,28,35,103,220,17.247636,79.492042
1178,ANDHRA PRADESH,19,20,5.9,6.3,7.4,8.5,850,1250,0.2,0.8,0.16,0.82,2,2,1200,1400,16.951698,80.048401
1177,ANDHRA PRADESH,22,22,6.4,6.4,7.5,7.5,747,747,0.6,0.6,0.13,0.86,2,2,1200,1200,16.670823,80.297751
1895,KARNATAKA,26,30,6.1,7.4,7.8,8.6,400,770,2,3.6,0.3,1.2,900,1600,1600,1600,17.107483,76.955311
2777,KARNATAKA,26,29,6.3,7.4,7.8,8.6,410,780,2,3,0.14,1.25,170,1600,500,1600,17.139369,76.966739
2349,ANDHRA PRADESH,26,31,4.4,5.2,7.4,8.9,1619,2078,6.8,12,2,33,30,42,155,420,18.351114,78.73601
2350,ANDHRA PRADESH,�,�,�,�,�,�,�,�,�,�,1.2,1.4,�,�,�,�,15.819061,78.056866
2351,ANDHRA PRADESH,24,27,5.4,6.1,7.6,8.1,390,410,2.4,2.8,1.2,1.6,20,120,280,1200,15.49,78.4748
2763,KARNATAKA,26.5,34.5,5.1,7.8,7.1,8.8,170,3100,0.3,2.6,0,18.22,140,900,350,1600,16.503131,75.116569
1256,ANDHRA PRADESH,28,29.5,7,7.3,7.8,8.1,350,400,2.1,2.3,1.4,2,160,180,1000,1150,14.572795,78.79715
1257,ANDHRA PRADESH,21,29,6.2,6.6,8.2,8.6,1062,1201,0.6,0.8,0,0,2,2,400,1200,14.481442,79.290142
30,ANDHRA PRADESH,28.5,29.5,6.9,7.2,8,8.3,390,420,2,2.4,1.4,2,100,120,1000,1200,14.464393,78.964627
1198,KARNATAKA,22,28,6.2,8.2,6.2,8.3,35,104,1,1,0,0.07,20,260,110,840,12.314149,75.698522
1195,KARNATAKA,22,30,6.4,8.8,6.3,8.1,50,119,1,1,0.07,0.2,78,380,310,1700,12.448489,75.96987
33,KARNATAKA,24,29,5.5,8,7.1,8.9,80,359,1,2,0.15,0.49,110,580,470,2200,12.425291,76.57265
1386,KARNATAKA,24,28,6.4,7.8,7.3,8.8,82,362,1,2,0.16,0.5,140,630,580,2200,12.418187,76.679259
1171,KARNATAKA,25,28,5.7,7,7.3,8.6,96,377,1,4,0.2,0.53,200,4900,780,24000,12.423705,76.693672
34,KARNATAKA,26,28,5.2,8.7,7,8.8,95,448,1,3,0.17,0.53,92,630,390,2800,12.25531,77.163515
2773,KARNATAKA,25,30,4.4,8.7,7.1,8.8,90,530,1,3,0.33,0.6,92,700,390,2400,12.321469,76.841472
2774,KARNATAKA,25,27,5.3,6.8,7.4,8.7,85,387,1,3,0.18,0.51,320,3900,1300,14000,12.425022,76.653544
50,TAMILNADU,22,32,3.6,7.9,7.3,8.9,108,477,0.3,7,0.07,0.29,84,54000,110,92000,11.796255,77.806971
1322,TAMILNADU,23,29,3.8,9,7.6,8.9,155,551,0.3,3,0.04,0.6,84,35000,110,54000,11.445663,77.677626
51,TAMILNADU,26,33,2,13.6,7.4,8.3,110,2870,0.6,6,0.04,0.49,110,35000,170,54000,11.368215,77.741107
1320,TAMILNADU,24,30,1.8,8.4,7.7,9.1,152,1640,0.3,8.5,0.03,0.8,170,54000,220,92000,11.335795,77.753762
1323,TAMILNADU,26,32,6.1,13.3,7.4,9.1,173,786,0.5,1.3,0.06,0.75,110,5400,210,9200,11.18,78.01
3015,TAMILNADU,27,32,2.8,10.4,7.8,9.4,150,1159,0.4,1.4,0.03,0.31,110,3500,170,9200,10.974467,78.180075
1324,TAMILNADU,16,31,6.5,13.4,7.3,9.3,165,886,0.5,1.7,0.02,1.17,94,5400,120,9200,11.064392,78.120358
1451,TAMILNADU,27,31.5,5.7,10.6,7.7,9.2,160,675,0.1,2.7,0.04,0.4,110,490,220,790,11.050024,78.120645
31,TAMILNADU,25,32,6.1,10.2,7.3,8.7,300,937,0.2,1.8,0.09,1.14,110,13000,210,35000,10.955345,78.443949
3016,TAMILNADU,25,32,6,9.4,7.1,8.8,184,796,0.3,2,0.07,0.51,90,540000,210,920000,10.906389,78.489697
1202,TAMILNADU,25,32,6.5,9.4,7.1,8,154,674,0.1,2.2,0.05,0.7,33,1400,140,3500,10.833263,78.718224
1325,TAMILNADU,25,30,2.1,8,7.2,8.3,196,1115,0.2,4.2,0.02,0.98,25,240000,79,540000,10.766809,78.665272
1203,TAMILNADU,25,30,4.7,9.1,7.3,8.3,225,886,0.4,4,0.06,0.95,110,17000,240,35000,10.830327,78.81177
1206,TAMIL NADU,19,31,6,8.8,7.6,8.7,190,910,0.6,2.3,0.04,0.32,48,2400,140,3500,11.34,79.24
3012,TAMILNADU,26,33,4.2,10,7.1,9.1,170,1078,0.8,3.6,0.03,0.94,90,24000,220,35000,11.423503,77.685261
3013,TAMILNADU,25,31,4.4,10.3,7,8.7,64,447,0.4,3.7,0.08,0.58,0,730,220,2800,11.354178,77.750436
3014,TAMILNADU,27,33,5.8,11.8,7.1,8.8,132,937,0.1,2.1,0.03,0.31,80,24000,200,54000,11.361583,77.742411
3017,TAMILNADU,20,28,7.3,8.9,7.6,8.6,220,594,0.9,3,0.04,0.94,48,4600,130,7000,10.968137,79.378248
1326,TAMILNADU,26,35,5.4,8.9,7.6,8.9,176,50400,0.2,7.8,0.06,0.27,4,3500,6,9200,11.326822,79.702981
1327,TAMILNADU,26,35,1.1,7.9,7,9.3,490,4730,0.2,6.1,0.05,0.67,13,24000,20,54000,11.418828,79.772375
1893,KARNATAKA,23,28.9,5.3,7.1,8.1,8.5,260,490,1,1,0.17,1,540,1600,1600,1700,13.006814,76.099553
1199,KARNATAKA,24,30.4,6.3,7,7.9,8.5,200,510,1,1,0.14,1,430,1600,1400,1600,12.809694,76.205642
1200,KARNATAKA,26,29,4.5,8.5,7.3,8.8,272,376,2,4,7.08,1,�,�,430,1600,12.979108,76.851622
1166,KARNATAKA,25,25,5.3,5.3,8.5,8.5,86,736,2,2,0.58,1.42,470,1700,2200,6300,12.422764,77.226144
1165,KARNATAKA,26,29,0.8,5.4,6.8,7.8,1070,2170,2,5,2.9,18,6,11,170,920,12.535417,77.424792
2778,KARNATAKA,25,26,6.5,6.9,6.7,8.5,990,2560,2,14.4,11.23,23.99,�,�,170,1600,12.967039,77.337053
1196,KARNATAKA,23,31,1.9,5.8,6.9,8.6,110,1363,2,9,0.58,1,480,4600,2100,21000,12.302189,76.286164
2772,KARNATAKA,25,29,2.7,6.8,7,8.6,100,848,2,6,0.79,1,320,2100,1200,8400,12.344614,76.286175
1207,KERALA,22.6,32.3,5.9,7.8,7,8.3,37,119,0.2,0.9,0.233,2.33,20,90,31,120,11.697858,76.397006
1197,KARNATAKA,24,29,7,8.5,6.8,8.7,60,177,1,1,0.14,1,68,630,380,2800,12.019853,76.388075
41,KARNATAKA,24,31,5.8,8.5,6.8,8.6,92,590,1,2,0.35,1.25,110,840,480,2800,12.166761,76.792908
1445,KARNATAKA,24,31,6.3,8.3,6.9,8.6,85,511,1,2,0.41,1,140,630,630,2200,12.128439,76.683919
2775,KARNATAKA,24,30,4.2,6.8,6.7,8.7,87,524,1,4,0.44,1,270,3400,1100,17000,12.128775,76.683736
1208,KERALA,22,34,4.3,7.8,7.1,8.5,42,260,0.2,2.4,0.02,1,2,310,12,1600,11.197053,76.722381
1201,TAMILNADU,23,27,6.9,9.4,7.1,8.5,46,354,0.1,0.8,0.43,1,20,24000,60,54000,11.469259,77.296165
1204,TAMILNADU,23,27,7.1,9.7,7,8.6,54,340,0,0.5,0.69,1,20,92000,20,160000,11.319948,77.011429
1321,TAMILNADU,25,28,5.5,8.6,7,8.9,55,450,0.2,1.4,0.09,1,27,5400,40,9200,11.485294,77.134603
1205,TAMILNADU,25,28,1,19.7,7.4,9.4,239,1690,0.2,3.3,0.08,1,41,50000,140,90000,11.454094,77.679567
3019,TAMILNADU,26,28,6.7,26,7,8.4,60,390,0.2,2.6,0.09,1,25,50000,31,90000,11.503881,77.247036
3024,TAMILNADU,24,28,0.8,6.1,7.2,8.6,940,4620,7.7,89,0.3,3,330,920000,700,1600000,11.649094,78.148011
3022,TAMILNADU,24,28,9.8,9.8,7.7,8.9,302,3320,5.8,150,0.11,0.11,14000,3500000,22000,5400000,11.645876,78.120341
1947,WEST BENGAL,4,26,7.5,8.8,7.2,8.3,25,117,1.4,5.3,0.09,1.66,200,24000,1400,50000,26.902782,88.47309
2229,ASSAM,17.6,25,6.3,10,6.9,7.4,107,368,1.2,2.5,0.11,2.33,720,720,300,2000,27.832518,95.672347
2231,ASSAM,18,26,4.5,7.4,6.4,7.5,103,225,0.9,2.6,0.17,1.25,1100,1100,1500,3500,26.975605,94.630335
2232,ASSAM,24,32,6.7,11.1,6.5,7.2,30,50,0.9,2.9,0.11,2.23,360,360,700,2100,26.602234,93.403253
2233,ASSAM,22,29,7.6,8.2,6.5,7.6,72,107,1.1,3,0.13,3.66,�,�,300,910,27.358877,94.181102
2234,ASSAM,20,28,7.5,8.3,6.6,7,78,102,1,3.2,0.11,0.93,�,�,300,2700,27.342717,93.816486
2236,ASSAM,18,32,7.1,10,6,7.3,69,145,0.8,1.7,0.13,1.45,�,�,360,360,26.165759,92.353897
2238,ASSAM,18,32,7.1,10,6,7.3,120,214,0.8,1.7,0.24,0.98,�,�,360,2100,26.493169,90.917841
2239,ASSAM,20,31,5.3,6.8,6.3,7.4,20,97,1.2,3.1,0.27,1.66,�,�,300,910,26.311379,89.831334
2240,ASSAM,14,23,5.8,6.5,6.5,7.4,61,222,0.8,3.5,0.16,0.99,910,4300,1500,21000,24.786736,92.813553
2241,ASSAM,16,21,6.2,6.7,6.6,7.2,64,171,0.7,4.7,0.24,1.23,730,1100,730,2900,24.735544,92.889269
2242,ASSAM,15,24,6.1,6.8,6.6,7.3,61,160,1.1,2,0.13,0.59,2300,2300,700,24000,24.870906,92.376439
2523,WEST BENGAL,18,34,6.2,8.4,7.2,8,30,131,2.1,3.5,0.08,0.89,800,24000,1700,90000,26.537633,88.707053
2524,WEST BENGAL,23,33,6.6,8.8,7.5,8.9,119,162,1.2,5.9,0.24,1.22,1400,24000,7000,50000,26.444936,89.546458
2235,ASSAM,19,30,6.1,8.3,6.2,7.2,114,147,0.6,2,0.11,1.19,�,�,300,3500,26.699918,92.335305
2195,MAHARASHTRA,25,29,3.5,5.7,7.8,8.9,210,1001,4.6,10.6,0.64,2.64,170,350,1600,1800,18.103405,74.234805
2682,MAHARASHTRA,25,29,5.3,6.2,7.7,9,162,710,3.8,8.6,0.33,1,80,275,900,1600,18.097756,74.213675
1463,MAHARASHTRA,25,28,5.7,5.9,7.9,8.8,123,498,3.6,7.4,0.39,3.2,45,275,550,1800,18.172703,73.953644
2681,MAHARASHTRA,22.4,29,2.8,5.8,8.2,8.8,311,2349,6.8,12.8,0.38,3.66,50,130,425,1600,18.055999,74.483941
2683,MAHARASHTRA,21.4,29,5.8,6,8.1,8.8,137,678,4,8.6,0.44,2.65,35,250,550,1600,18.147434,73.977285
2186,MAHARASHTRA,20.2,24,5,5.8,8.1,8.7,182,337,4.2,7.6,0.32,2.88,70,120,550,1600,17.732719,73.991512
2716,MAHARASHTRA,19.7,27,5.9,6.1,7.8,8.6,134,199,3,5,0.14,2.33,13,35,195,550,17.933739,73.665091
2717,MAHARASHTRA,20.2,25,4.3,5.8,8.2,8.8,229,459,5.2,7.6,0.24,3.3,95,225,900,1800,17.692894,74.050883
2189,MAHARASHTRA,22.4,25.4,5.8,5.9,7.4,8.8,108,228,3.8,6,0.16,1,20,350,425,1800,17.278589,74.183705
2194,MAHARASHTRA,25,31.5,1.6,4.3,7.5,8.9,303,584,8.6,16,0.53,4,130,550,1600,1800,18.5746,73.836055
2193,MAHARASHTRA,24,31.5,2.2,5.8,7.6,8.9,325,671,6.8,18,0.28,3,170,350,1600,1800,18.567737,73.811752
2192,MAHARASHTRA,24.5,30,1,2.1,7.7,8.8,285,521,14,20.4,0.45,4,225,550,1800,1800,18.535371,73.933306
2677,MAHARASHTRA,22,26,1.7,5.9,8,8.8,199,834,3.8,18.6,0.53,4,195,275,1600,1800,18.521663,74.050564
2191,MAHARASHTRA,24,30,0.8,2.1,7.9,8.8,350,474,13.8,20,0.66,4.56,275,900,1800,1800,18.532374,73.843415
2678,MAHARASHTRA,25,30,0.8,3.4,7.4,8.8,359,553,10.6,18.6,0.37,3.3,170,425,1800,1800,18.521303,73.850578
2679,MAHARASHTRA,25,30,1.1,2.3,7.5,8.9,304,592,8.2,18,0.82,3.98,225,425,1800,1800,18.515539,73.844447
2680,MAHARASHTRA,22,28,5.8,6.1,7.7,8.6,108,154,3.4,4.6,0.19,2.66,6,40,250,425,18.430149,73.754941
2196,MAHARASHTRA,20,28,1.3,4.8,8,8.9,285,646,4.6,20,0.82,4,275,425,1800,1800,18.670292,73.681639
2690,MAHARASHTRA,20,30,1.4,5.1,7.9,8.8,291,648,8.8,18,0.88,3.66,275,350,1800,1800,18.60677,73.821067
2691,MAHARASHTRA,20,28,1.1,4.2,8,8.8,395,653,10,16,0.69,4,40,550,1800,1800,18.582775,73.826155
2692,MAHARASHTRA,20,30,5.8,6.2,8.2,8.8,145,658,3,8.6,0.14,2,20,40,425,550,18.660929,73.731891
2693,MAHARASHTRA,20,30,2.5,5.7,8.1,8.8,192,654,3.4,16,0.26,2,140,350,1600,1800,18.641184,73.792731
2694,MAHARASHTRA,20,30,2.3,5.2,8,8.6,352,516,5.6,14,0.64,4,225,425,1800,1800,18.607788,73.797949
2197,MAHARASHTRA,22,28,3.1,5.4,8.1,8.87,194,497,4.8,11.4,0.38,2,195,425,1600,1800,18.682216,73.900116
2668,MAHARASHTRA,22,27,3,5.7,8.2,8.9,213,489,4.6,10,0.42,3,195,350,1600,1800,18.677697,73.851206
2669,MAHARASHTRA,22,27,3.9,5.8,8.2,8.9,229,529,4.4,9.4,0.22,2,130,250,900,1800,18.677486,73.851233
1911,MAHARASHTRA,30,38,5.6,6,8.2,8.9,406,1488,4.2,9.6,0.44,2,50,350,900,1800,17.724868,75.323936
1912,MAHARASHTRA,�,�,�,�,�,�,366,1630,�,�,0.76,3,195,425,1600,1800,17.677706,75.339011
2665,MAHARASHTRA,22,27,5.6,6,8,8.9,182,1273,4.2,5.8,0.34,7,45,350,550,1600,18.831722,74.387839
2705,MAHARASHTRA,30,37,5.6,6,8.1,8.9,465,1854,4,5.8,0.93,2.98,120,350,900,1600,17.781359,75.723133
2711,MAHARASHTRA,21,25,5.6,5.9,8.1,8.7,214,592,3.6,6.4,0.38,4.59,45,200,550,1800,17.570306,74.050736
2715,MAHARASHTRA,24,26,5.6,6.1,8.2,8.9,229,813,4.4,6.6,0.48,9.2,95,170,900,1600,18.692778,74.13348
