STATION CODE,STATE,TEMPERATURE_Min,TEMPERATURE_Max,DO_Min,DO_MAX,pH_Min,PH_Max,CONDUCTIVITY_Min,CONDUCTIVITY_Max,BOD_Min,BOD_Max,NITRATE_NITRATE_Min,NITRATE_NITRATE_Max,FECALCOLIFORM_Min,FECALCOLIFORM_Max,TOTALCOLIFORM_Min,TOTALCOLIFORM_Max
1001,HIMACHAL PRADESH,25,31,5.5,8,7.8,8.5,194,486,1.2,3,0.2,0.9,130,1300,840,3500
2601,HIMACHAL PRADESH,5,19,7.6,10.1,7,8.4,88,152,0.1,0.3,0,1,11,43,70,280
2602,HIMACHAL PRADESH,5,20,7.7,9.6,6.8,8.3,92,194,0.1,0.1,0,0.8,11,34,94,280
1002,HIMACHAL PRADESH,24,25,,,4.3,6.6,205,224,0.4,0.8,0.5,0.9,2.0,30,0,100
1003,HIMACHAL PRADESH,23,29,2.5,6.82,6.9,8.3,76,326,2,8.8,0.1,1.2,8,40,70,1600
1005,HIMACHAL PRADESH,24,31,6,7.6,7.3,7.8,110,400,2,4,0.1,0.3,140,900,350,2400
1550,HIMACHAL PRADESH,10,24,7.6,11.5,7.2,8.1,92,259,0.1,0.1,0,0.7,11,32,94,210
1006,HIMACHAL PRADESH,10,26,7.5,11.6,7.2,8.2,121,342,0.1,0.2,0,1,17,63,130,540
2604,HIMACHAL PRADESH,13,19,7.5,8.7,7,8.6,165,453,0.3,2,0,0.2,6,17,170,280
1007,HIMACHAL PRADESH,15,20,7.1,8.4,6.7,8.7,167,454,0.4,1,0,0.3,5,14,140,280
1009,HIMACHAL PRADESH,14,20,6.7,8.7,7.4,8.5,165,310,0.1,0.5,0,0.2,6,13,130,280
1693,PUNJAB,12,21,7.2,8.1,7.3,7.8,192,227,0.4,0.4,0.4,0.8,70,180,110,360
1694,PUNJAB,12,23,6,7.8,7,7.6,214,301,0.4,1.1,0.7,1.6,84,210,210,400
1695,PUNJAB,11,22,7,7.8,7.1,7.6,270,312,0.8,1.4,1.2,2.2,94,250,330,580
1294,PUNJAB,10,22,5,6.4,7,7.5,296,372,2.2,3.8,1.4,2,170,270,430,790
1011,PUNJAB,11,21,7.3,7.8,7.2,7.6,198,288,0.7,1.3,0,2.4,110,180,260,430
1696,PUNJAB,12,23,7.2,7.6,7.2,7.8,234,284,0.7,1.6,1,2,110,210,220,610
1012,PUNJAB,12,22,7.1,7.8,7,7.6,207,294,0.8,1.4,1.2,1.6,130,220,270,540
1697,PUNJAB,12,23,7.4,7.8,7,7.7,224,282,0.6,1.4,1.3,1.8,110,180,220,360
2603,HIMACHAL PRADESH,10,20,7.7,12.8,6.5,8.3,95,202,0.1,0.1,0,1.1,17,49,140,350
2913,PUNJAB,13,24,1.8,2.5,6.8,7.1,646,703,4.3,9,2.3,3.2,170,460,430,1700
1867,HIMACHAL PRADESH,9,12,9.5,10.1,7,8,153,499,0.1,0.1,0,1,,,,
2611,HIMACHAL PRADESH,9,12,9.6,10.1,6.2,8.1,156,506,0.1,0.1,0,0.8,,,,
1086,HIMACHAL PRADESH,14,16,8.7,9.2,7,8,125,442,0.1,0.1,0,2.6,,,,
1087,HIMACHAL PRADESH,14,16,8.6,9.3,6.5,8,156,448,0.2,0.2,0,0.9,,,,
1013,HIMACHAL PRADESH,15,18,8.4,9.1,6,8.5,160,399,0.1,0.1,0,0.9,,,,
1014,HIMACHAL PRADESH,9.9,24,8,9.8,6.6,8.7,182,496,0.1,0.2,0,0.8,13,34,94,280
1015,HIMACHAL PRADESH,9.9,22,8.5,9.7,7.1,8.5,178,402,0.1,0.3,0,0.9,17,63,140,350
1016,HIMACHAL PRADESH,8,28,5.9,7.6,7.1,8.3,203,282,0.2,0.4,0,0.9,6,20,210,540
1389,HIMACHAL PRADESH,12,14,9.1,9.6,6.7,8.1,154,498,0.1,0.2,0,1.1,,,,
1017,PUNJAB,16,25,7.9,8.5,7.3,8.1,202,281,,,0.4,0.8,40,200,110,450
1018,PUNJAB,17,22,7.7,8.2,7.6,8,208,302,,,0.4,0.8,180,370,360,610
1293,PUNJAB,16,27,7.2,7.8,7.2,8.6,246,354,1.6,2,1,2.2,110,450,430,1500
1814,PUNJAB,15,27,7.5,8.4,7.7,8.3,213,312,0.6,0.6,0.6,1.2,150,550,350,1100
1019,PUNJAB,16,27,7.8,7.9,7.3,8,232,302,1.4,1.4,0.6,2,140,450,350,920
1380,PUNJAB,15,24,7.6,8.2,7.6,8.2,228,312,1,1,0.4,1.2,110,400,220,920
1690,PUNJAB,19,31,6.4,7.8,7.6,8.3,266,414,1.2,1.3,0.6,1.6,180,680,560,1200
1020,PUNJAB,19,33,2.6,5.8,7.2,7.9,402,894,3.2,43,1,4.4,9400,21000,27000,63000
1021,PUNJAB,19,29,5.4,7.6,7.4,7.9,360,802,2.2,21,0.8,2.6,180,17000,610,40000
1381,PUNJAB,11,24,1,3.2,6.6,7.1,322,789,5.2,14,2,3,460,2600,1100,8400
1691,PUNJAB,14,28,7.2,7.8,7.2,7.9,211,305,1,1,0.6,1.4,180,400,550,930
1692,PUNJAB,14,27,7,7.8,7.3,8,244,304,1,1,0.8,1.4,180,450,560,910
2915,PUNJAB,15,24,7.6,8,7.5,8,240,371,,,0.6,0.8,120,400,280,1200
1022,PUNJAB,12,24,4.8,5.6,7,7.6,262,393,2.4,3,1.8,2.6,170,370,430,830
1088,HIMACHAL PRADESH,9,20,6.2,8.7,7,8.4,167,236,0.1,0.8,0,0.3,4.5,14,170,430
1089,HIMACHAL PRADESH,8,14,8.6,8.7,7.1,8.1,100,240,0.2,1.4,0,0.2,4,14,100,240
2614,HIMACHAL PRADESH,8.9,16,8.4,8.8,7.2,8.2,137,746,0.2,0.5,0,0.2,3.6,17,90,280
2615,HIMACHAL PRADESH,7.6,14,8.4,8.8,7.3,8.1,105,242,0.1,0.6,0,0.2,4,15,90,220
2613,HIMACHAL PRADESH,8,14,8.5,8.8,7.2,7.9,125,240,0.1,1.8,0,0.2,3.7,15,120,240
1097,PUNJAB,10,22,7,8.1,7.4,7.8,156,224,0.3,1,0.2,0.8,17,70,43,130
1290,HIMACHAL PRADESH,5,19,7.8,10.1,6.8,8.4,46,870,0.1,0.1,0,0.7,11,31,94,220
2605,HIMACHAL PRADESH,4,18,7.9,10.5,6.4,8.4,45,124,0.1,0.1,0,1.2,8,23,43,130
2606,HIMACHAL PRADESH,4,18,7.9,10.4,6.8,8.2,63,121,0.1,0.1,0,0.7,11,33,63,210
1090,HIMACHAL PRADESH,7,20,7.6,9.8,4.2,8.3,62,325,0.1,0.1,0,1,11,43,70,240
1551,HIMACHAL PRADESH,11,27,5.2,9.2,7,8.4,157,1115,0.4,3,0,19,1.8,23,8.1,94
1552,HIMACHAL PRADESH,12,32,4.1,8.5,7.3,8.8,548,1949,0.3,4,0,17,4,33,25,170
1868,HIMACHAL PRADESH,12,31,4.3,8.8,7.3,8.6,462,1849,0.6,8,0,5.7,6.1,46,24,210
1869,HIMACHAL PRADESH,10,31,5,6.7,7.4,8.5,392,807,0.3,2,0,0.9,6.1,26,220,920
2616,HIMACHAL PRADESH,7.6,19,8.6,8.8,7.2,8.3,144,259,0.1,0.8,0,0.4,3.6,11,94,220
1307,JAMMU & KASHMIR,6,27,2,7.2,7.1,8.4,122,440,2.2,10,0,0,,,,
2607,HIMACHAL PRADESH,13,27,6.7,11.7,7.1,8.1,173,496,0.1,0.4,0,0.9,23,140,280,920
2608,HIMACHAL PRADESH,9,20,7.3,8.4,6.8,8,87.6,220.6,0.2,0.8,0,0.2,5.5,14,170,240
2609,HIMACHAL PRADESH,14,20,7.8,8.6,7.1,8.5,72.6,353,0.1,1.2,0,0.3,3.7,14,110,350
2610,HIMACHAL PRADESH,9,12,9.4,9.9,6.6,8.1,48,535,0.1,0.1,0,0.7,,,,
2612,HIMACHAL PRADESH,10,12,8.9,9.7,7,8,86,478,0.1,0.1,0,1,,,,
1306,JAMMU & KASHMIR,6,24,5.4,8.5,7.1,8,124,580,2.5,9,0,0,,,,
1304,JAMMU & KASHMIR,8,14,6.4,8.4,7.4,8.3,187,606,2,2.6,0,0,,,,
1410,JAMMU & KASHMIR,7,23,4.6,8.3,7.4,8.1,138,578,2,4,0,0,,,,
1411,JAMMU & KASHMIR,7,25,5.2,8.5,7.4,8.1,124,550,2,4.7,0,0,,,,
3272,JAMMU & KASHMIR,7,14,7,9,7.1,8,191,310,0.4,0.8,0,0,,,,
3273,JAMMU & KASHMIR,8.1,15,5.4,9.2,6.5,8.1,134,493,1,2.7,0,0,,,,
3274,JAMMU & KASHMIR,8.2,14,6.9,9.5,7,8,151,547,1.6,2.7,0,0,,,,
3275,JAMMU & KASHMIR,8.1,15,5.6,8.5,7.4,7.9,144,559,1,2.9,0,0,,,,
3276,JAMMU & KASHMIR,6,16,6.8,8.9,7,7.9,136,520,2,3,0,0,,,,
3277,JAMMU & KASHMIR,6,16,7,8.8,7,7.9,139,525,2.5,3.2,0,0,,,,
3278,JAMMU & KASHMIR,5.4,8.8,8.7,10.1,7.2,8,109,374,0.6,1,0,0,,,,
3279,JAMMU & KASHMIR,5.5,8.9,7,9.4,7.6,8.1,116,374,0.6,1,0,0,,,,
3280,JAMMU & KASHMIR,5.4,8.6,7.8,10.1,7.4,7.9,133,367,1,1.4,0,0,,,,
3281,JAMMU & KASHMIR,5.3,11,5.7,10,7.1,8.1,68,383,0.6,1,0,0,,,,
3282,JAMMU & KASHMIR,6,12,7.8,10.8,7.2,7.9,90,342,0.6,1,0,0,,,,
3283,JAMMU & KASHMIR,4.5,9,8,8.9,7.5,8.5,152,283,0.5,0.6,0,0,,,,
3284,JAMMU & KASHMIR,4.5,8,8.1,8.7,7.5,8.3,141,290,0.6,0.7,0,0,,,,
3285,JAMMU & KASHMIR,4.7,9,8,10.9,7.4,8.5,113,373,0.5,1.2,0,0,,,,
3286,JAMMU & KASHMIR,4.9,10,8.5,9.7,7.6,8.1,135,438,1,2,0,0,,,,
3287,JAMMU & KASHMIR,4.1,10,8.2,10.3,7.4,8.3,128,435,0.5,2,0,0,,,,
2755,JAMMU & KASHMIR,8.9,25,5.6,7.6,7.8,8.2,316,530,2.1,4,0,5,,,,
2756,JAMMU & KASHMIR,8.8,26,5.6,8.1,7.8,8.1,304,523,2.1,6,0.1,7.8,,,,
2752,JAMMU & KASHMIR,13,29,7.2,8.1,7.8,8.2,240,290,2.4,5,0.1,0.3,,,,
2753,JAMMU & KASHMIR,15,29,6.5,8.1,7.2,8.3,232,260,2,6,0,0.5,,,,
2748,JAMMU & KASHMIR,9,16,6.6,9.2,7.6,8.1,112,190,0,0,0,1,,,,
2749,JAMMU & KASHMIR,9,16,7,9.4,7.5,8.2,114,194,0,2.8,0,0.9,,,,
2750,JAMMU & KASHMIR,9,16,7.2,9.4,7.5,8,115,185,0,0,0,0.3,,,,
2751,JAMMU & KASHMIR,9,17,8,8.2,7.3,7.8,120,185,1.3,5,0.1,0.7,,,,
2754,JAMMU & KASHMIR,11,27,4.2,6.8,7.2,7.9,460,542,8.2,22,0.2,4.1,,,,
2757,JAMMU & KASHMIR,12,28,3.1,8,7.8,8.1,250,320,3.2,3.4,0,5.7,,,,
2743,JAMMU & KASHMIR,16,24,6.3,8.5,7.6,8,142,251,1,2.2,0,0.1,,,,
2744,JAMMU & KASHMIR,15,24,7.1,7.3,7.5,7.8,114,277,3.1,3.1,0,0.1,,,,
2746,JAMMU & KASHMIR,16,24,7.8,8.1,8,8,255,256,2,6.8,0,0.2,,,,
2742,JAMMU & KASHMIR,16,24,6.5,8.6,7.3,7.8,130,254,1.2,1.2,0,0.1,,,,
2758,JAMMU & KASHMIR,12,28,7.8,9.1,7.1,8.1,226,260,0,0,0,0.6,,,,
1491,UTTARAKHAND,5,5,9.2,9.2,7.6,7.6,,,,,0,0,,,,
1484,UTTARAKHAND,15,19,8.4,9.4,7.5,7.9,,,1,1,0,0,,,,
1485,UTTARAKHAND,16,18,8.6,9.6,7.4,7.9,,,1,1,0,0,,,,
1486,UTTARAKHAND,16,19,8.2,9,7.5,8.1,,,1,1,0,0,,,,
1487,UTTARAKHAND,17,19,8.6,9.2,7.5,7.8,,,1,1,0,0,,,,
1488,UTTARAKHAND,17,19,9,9.6,7.6,7.9,,,1,1,0,0,1,,,
1489,UTTARAKHAND,17,18,8.8,9.6,7.5,7.7,,,1,1,0,0,,,,
1060,UTTARAKHAND,16,20,9.2,10.6,7.2,7.8,,,1,1,0,0,,,12,40
2725,UTTARAKHAND,15,21,7.6,9.6,7.4,7.7,,,1,1.4,0,0,,,80,500
2727,UTTARAKHAND,15,20,8.6,10.6,7.5,7.8,,,1,1.2,0,0,,,80,220
1061,UTTARAKHAND,15,25,4,10.6,6.3,7.8,,,1,6.4,0,0,,,90,1600
1062,UTTAR PRADESH,16,26,7.1,9.65,7,7.6,129,246,1.6,3.5,0.2,0.5,370,710,900,1200
2488,UTTAR PRADESH,18,21,7.0,9.4,7.1,7.5,138,254,1.8,3.1,0,0.5,210,450,550,700
2489,UTTAR PRADESH,18,23,7,9.4,7.3,7.6,115,252,1.4,3.2,0,0.5,140,430,410,650
1145,UTTAR PRADESH,19,22,6.2,9,7,7.8,115,254,2.1,3.8,0,0.6,200,610,550,9000
2490,UTTAR PRADESH,20,21,6.4,7.9,7,7.5,114,255,2,3.4,0,0.6,150,410,450,700
1063,UTTAR PRADESH,17,33,7.4,9.7,6.9,8.4,201,397,2.4,4.1,0.2,0.4,1700,2700,2600,5400
1066,UTTAR PRADESH,17,33,7.5,9.4,7,8.3,202,492,2.8,4.7,0.2,0.5,2000,3900,3500,33000
1146,UTTAR PRADESH,16,33,7,9.9,6.9,8.4,202,398,2.4,3.6,0.2,0.4,2000,2800,2700,5400
1067,UTTAR PRADESH,16,33,6.6,9.4,7,8.4,208,468,2.6,4.8,0.2,0.5,2200,3400,3200,6300
1068,UTTAR PRADESH,16,33,4.6,8.8,7.1,8.2,227,819,4.1,8.8,0.2,0.4,9100,58000,34000,120000
1147,UTTAR PRADESH,13,28,6.1,8.5,7.8,8,181,244,3.9,4.9,0.8,0.9,4900,6100,7900,8700
2498,UTTAR PRADESH,17,28,6.3,8.7,7.8,8,179,239,3.8,4.8,0.8,0.9,4700,5900,7700,8500
1046,UTTAR PRADESH,20.3,27.6,6.8,8.6,7.9,8.4,328,385,3.6,4.5,1,1.4,21000,26000,32000,58000
2487,UTTAR PRADESH,20.5,28,7,8.4,7.9,8.4,339,386,3.8,4.7,1.1,1.4,2700,27000,33000,54000
1049,UTTAR PRADESH,21,28,7.2,8.4,7.7,8.4,403,488,3.6,4.8,1.1,1.4,21000,33000,34000,63000
2485,UTTAR PRADESH,19,24,7.7,8.4,6.5,7.9,346,381,2.1,2.4,0,0.4,1000,1300,2100,3200
2486,UTTAR PRADESH,19,23,7.9,8.5,6.6,7.9,366,395,2.3,2.7,0,0.5,1100,1700,2400,3400
1070,UTTAR PRADESH,21,31,7.4,9.8,7.4,8.5,320,496,2.8,3.5,0,0,1300,2300,2200,3600
1071,UTTAR PRADESH,21,31,6.4,8.6,7.3,8.6,338,544,4.2,6.8,0,0,22000,33000,34000,63000
1073,UTTAR PRADESH,21,31,6.7,8.8,7.3,8.7,335,542,4.2,5.4,0,0,13000,31000,23000,46000
1074,BIHAR,22,33,6,9,7.5,8.2,320,750,2.4,2.9,0,0,900,2600,5000,5000
2551,BIHAR,22,32,5.5,8.8,7.4,8.3,288,756,2.4,2.8,0,0,1100,3000,3000,9000
1077,BIHAR,21,31,7.2,8.6,7.2,8.3,169,549,1.8,2.9,0,0,800,2600,2200,5000
2564,BIHAR,19,30,7,9.6,7.7,8.4,204,534,2,2.8,0,0,500,2100,1100,4800
2552,BIHAR,16,30,6.5,8.6,7.4,8.3,236,550,2.2,3,0,0,900,9000,3000,24000
1079,BIHAR,17,30,6.2,8.6,7.4,8.3,220,571,2.3,2.8,0,0,900,9000,2200,9000
2555,BIHAR,18,30,6.5,8.3,7.2,8.3,220,925,2.5,2.8,0,0,1100,2300,3000,5000
2553,BIHAR,18,32,6.8,8.4,7.2,8.2,221,574,2,2.8,0,0,900,2600,3000,5000
1817,BIHAR,17,29,7.6,9.8,7.8,8.6,227,473,2,2.8,0,0,800,2200,1700,5000
1815,BIHAR,17,29,7.5,9.6,7.7,8,234,469,2.1,2.7,0,0,800,2200,1700,5000
1818,BIHAR,16,29,6.9,9.7,7.6,7.9,254,519,2.2,2.8,0,0,900,3000,1700,8000
2554,BIHAR,14.5,26,7.1,9.6,7.8,8.1,209,455,2.2,2.8,0,0,900,3000,2200,9000
1819,BIHAR,16,28,6.9,9.4,7.6,8.1,98,573,2.3,2.8,0,0,800,2600,2200,5000
1816,BIHAR,14,28,7.2,9.6,7.8,8.1,236,536,2.4,2.8,0,0,900,2600,3000,5000
3113,BIHAR,22,32,5.2,8.8,7.5,8.1,323,771,2.4,2.9,0,0,400,2600,900,5000
3114,BIHAR,21,35,7.5,8.8,7.1,8.3,191,581,2,2.9,0,0,700,2200,1700,8000
3115,BIHAR,18,28,7.6,9.8,7.8,8.1,225,521,2,2.9,0,0,800,2700,1300,5000
3116,BIHAR,16,30,7.1,9.8,7.8,8.1,228,544,2,2.8,0,0,300,2100,1300,5000
3117,BIHAR,14,29,7.1,9.6,7.7,8.1,229,525,2.3,2.9,0,0,500,3000,1100,9000
3118,BIHAR,14.5,26,7.1,9.6,7.8,8.1,209,455,2.2,2.8,0,0,800,2200,1700,5000
3122,BIHAR,19,34,6.5,8.6,7.4,8.3,285,630,2.2,2.8,0,0,1100,2600,3000,5000
3123,BIHAR,14,30,7.6,9.7,7.8,8.1,225,516,2,2.9,0,0,700,2200,1700,5000
1059,JHARKHAND,25,25,9,9,7.1,7.1,340,340,2.9,2.9,0,0,,,,
1080,WEST BENGAL,19,31,5,9.1,7.6,8.3,204,376,1,5.3,0.1,1.8,70000,220000,90000,280000
2511,WEST BENGAL,18.5,34,4.7,9.4,7.3,8.5,172,378,1,3.8,0.2,0.8,70000,130000,90000,170000
2506,WEST BENGAL,20,35,5.1,9.6,7.3,8.5,197,402,1.1,4.9,0.3,1,70000,170000,90000,220000
1054,WEST BENGAL,22,33,4.7,9.4,7.1,8.3,201,388,1.5,5.5,0.3,0.7,90000,220000,110000,280000
1472,WEST BENGAL,19,34,4.6,8.9,7.1,8.3,208,406,2.3,6.3,0.3,1.7,70000,220000,110000,280000
1053,WEST BENGAL,22,35,3.8,8.2,7.6,8.2,125,392,2.3,6.1,0.2,0.6,23000,240000,50000,500000
1471,WEST BENGAL,21,34,3.7,8.5,7.6,8.2,208,391,1.7,9,0.2,0.5,13000,80000,22000,240000
1470,WEST BENGAL,22,36,3.1,8.6,7.6,8.3,198,411,1.5,9.7,0.2,0.5,17000,300000,26000,500000
1052,WEST BENGAL,20,32,2.5,7.1,7.3,8.2,217,783.1,1,6.5,0.2,0.5,4000,110000,11000,220000
1469,WEST BENGAL,22,33,4.4,7.4,7.8,8.4,211,13370,1.5,12,0.3,0.6,4000,30000,8000,50000
1492,UTTARAKHAND,6,6,8.8,8.8,7.5,7.5,,,0,0,0,0,,,0,0
1493,UTTARAKHAND,8,8,8.6,8.6,7.6,7.6,,,0,0,0,0,,,0,0
1494,UTTARAKHAND,19,19,8.6,8.6,8.2,8.2,,,,,0,0,,,0,0
1490,UTTARAKHAND,17,20,8,8.8,7.6,7.9,,,1,1,0,0,,,30,60
1553,HIMACHAL PRADESH,13,29,6.2,8.2,7.6,8.6,258,768,0,1,0.1,0.6,6,11,15,26
1554,HIMACHAL PRADESH,14,29,6.2,8.2,7.6,8.6,334,550,0,2,0.1,0.6,9,14,21,31
1117,HARYANA,22,22,8.2,10.7,7.3,7.8,179,336,1,2,0,0,45,13000,330,24000
1496,HARYANA,23,23,7.6,8.2,7.3,7.8,195,380,1,2,0,0,110,17000,170,54000
1119,HARYANA,26,26,6.4,12.5,7.3,7.9,220,1310,1,12,0,0.4,110,24000,140,35000
1120,DELHI,16.7,32.8,5.1,13.5,7.2,8,214,3860,1,9,0,0,200,24000,490,54000
1121,DELHI,17.1,30.9,0.4,2.6,7.1,7.9,243,2050,4,45,0,0,26000,5400000,240000,9200000
,DELHI,17.3,30.4,0.4,1.8,7.1,7.8,282,1754,3.0,49.0,,,41000,5400000,240000,9200000
1812,DELHI,19.4,31.8,0.1,1.6,7.0,7.9,285,1899,4.0,67,0,0,40000,92000000,230000,160000000
1497,UTTAR PRADESH,,,0,6.8,7.4,8.2,1009,1992,10,27,0,0.2,4900,1600000,4900,35000000
2495,UTTAR PRADESH,20,34,3.4,9.6,6.8,7.8,997,1850,7,10,0,0,33000,58000,64000,90000
1123,UTTAR PRADESH,24,24,0.9,5.5,7.5,7.9,640,1750,8,27,0,1.6,680,540000,4900,920000
2494,UTTAR PRADESH,20,32,2.8,5.2,6.7,7.9,981,1870,2,10,0,0,41000,160000,70000,140000
1124,UTTAR PRADESH,22,22,2.8,6.5,7.6,8,650,1978,7,18,0,0.9,680,350000,1400,920000
1125,UTTAR PRADESH,,,4.1,18,7.1,8.2,815,1870,5,27,0,1.8,78,110000,220,350000
1126,UTTAR PRADESH,22,33,2.8,16.3,7.1,8.1,825,2040,11,26,0,1.6,40,28000,460,160000
2493,UTTAR PRADESH,18,34,4.8,7.6,7.5,8.2,1090,1720,6,8,0,0,28000,38000,46000,62000
1498,UTTAR PRADESH,23,32,6.2,9.2,7.3,7.9,698,1720,5,24,0,1.4,20,16000,68,43000
1127,UTTAR PRADESH,22,31,6.4,9.6,7.4,7.9,690,1720,3,18,0,2.3,200,79000,490,79000
1499,UTTAR PRADESH,21,29,5.4,10.8,7.2,7.8,350,4060,3,11,0,0.8,230,24000,940,24000
1069,UTTAR PRADESH,21,28.5,7.4,8.8,7.9,8.3,472,578,2.2,2.8,0.8,1.2,1700,7800,6300,14000
2724,UTTARAKHAND,16,21,1.4,3.6,7.7,8,,,28,36,0,0,,,1600,1600
2728,UTTARAKHAND,11,20,7,7.8,7.2,7.9,210,240,1,1.6,0,0,,,,
1064,UTTAR PRADESH,17,33,6.1,8.9,6.9,8.5,302,614,3.5,6.6,0.2,0.5,2100,4100,3400,8400
2497,UTTAR PRADESH,17,23,,,7.4,7.8,780,1950,52,72,2,5.2,110000,170000,170000,280000
1065,UTTAR PRADESH,17,33,5.9,9.4,7,8.2,203,993,3.1,7,0.2,0.5,2100,4700,3800,9200
2482,UTTAR PRADESH,22,34,5.9,9,7.2,8.2,294,574,2.7,4.5,0,0,1700,17000,2700,31000
2483,UTTAR PRADESH,22,34,1.5,6.4,7.4,8.6,354,709,15,45,0,0,70000,170000,140000,240000
1361,UTTAR PRADESH,18,29,6.7,8.1,7.1,7.4,385,632,2.9,4,0.1,0.1,1500,2500,3100,4900
2484,UTTAR PRADESH,22,32,6.8,8.6,7.2,8.4,312,582,3.2,4.3,0,0,5000,13000,8000,17000
1350,UTTAR PRADESH,17,36,7.8,11.9,7.5,8.7,180,532,2.3,2.8,1,1.7,68,460,200,1700
1351,UTTAR PRADESH,18,36,5.4,10.6,7.6,8.5,16,598.3,3.1,3.7,1.3,5.9,780,4000,1700,5400
1352,UTTAR PRADESH,18,35,0.3,4.1,7.4,7.9,572,1085,10,13,1.6,6.8,79000,140000,130000,210000
1353,UTTAR PRADESH,22,33,7.1,8.8,8,8.6,340,588,4,5,0,0,14000,23000,22000,34000
1072,UTTAR PRADESH,21,31,7.4,9.2,7.2,8.4,290,572,3,4.5,0,0,5000,13000,11000,17000
2491,UTTAR PRADESH,13,31,7.2,7.5,7.8,8.2,412,580,3,5.9,0.5,0.7,1700,5400,3500,9200
1363,UTTAR PRADESH,15,32,7.4,8,8,8.2,336,416,2.2,2.6,0.2,0.3,170,500,340,800
1354,UTTAR PRADESH,18,25,7.4,9.9,7.8,7.9,171,219,2.9,4.1,0.7,0.8,3900,5100,7000,8000
1355,UTTAR PRADESH,15,31,7.5,8,8,8.2,384,454,2.4,2.9,0.2,0.3,200,800,450,1700
2492,UTTAR PRADESH,14,33,7.1,7.9,7.8,8.3,406,588,2.9,4.5,0.3,0.7,1300,4500,2200,7000
1076,BIHAR,17,30,6.8,9.8,7.1,8.5,216,424,2,2.9,0,0,700,1700,1400,5000
1359,UTTAR PRADESH,21,26,7.1,7.9,7.2,8.2,282,382,1.4,1.8,0.2,0.3,780,1400,2100,2800
1360,UTTAR PRADESH,21,26,7.5,8.2,7.3,8.3,298,398,1.3,2,0.2,0.3,1000,1700,2300,3200
1075,BIHAR,22,31,5,8.8,7.1,8.3,180,460,2,2.9,0,0,700,2300,140,5000
1078,BIHAR,17,30,7.2,9.8,7,8.6,214,348,1.8,2.9,0,0,500,1700,1100,5000
2568,BIHAR,16,30,7,9.5,7,8.2,210,326,1.8,2.8,0,0,500,1700,1100,5000
2570,BIHAR,20,34,7.6,9.4,7.3,8.9,218,521,2,2.9,0,0,700,2200,2000,5000
2575,BIHAR,17,36,6.2,8.6,7.2,8.5,226,967,2.2,2.8,0,0,900,3000,2200,8000
1820,BIHAR,16,30,6,8.6,7.4,8.2,221,623,2.4,2.8,0,0,800,2600,3000,5000
2562,BIHAR,17,33,6.6,9,7.3,8.8,253,518,1.8,2.9,0,0,1100,3000,3000,5000
2558,BIHAR,17,30,6.5,8.2,6.5,7.9,222,585,2.6,3,0,0,700,3000,2400,5000
2567,BIHAR,15,30,7.4,10,7.6,8.9,216,484,1.8,2.9,0,0,800,3000,3000,9000
2569,BIHAR,17,30,7,8.6,7.3,8.2,233,1150,1.8,2.9,0,0,1100,2600,3000,5000
2563,BIHAR,18,32,6.7,8,6.8,8.2,245,754,1.8,2.9,0,0,1300,5000,3800,9000
2565,BIHAR,14,31,6.3,9.1,6.6,7.6,157,392,2,2.9,0,0,1100,2600,2800,5000
2566,BIHAR,14,35,6.2,9,7.2,7.6,116,431,2,2.8,0,0,800,2600,2400,4900
1821,BIHAR,15,30,5,9.8,7.1,8.4,275,771,2.4,2.9,0,0,1100,3100,2800,8400
2560,BIHAR,16,30,6,9.5,7,7.8,286,614,2.2,2.8,0,0,1100,3000,2800,5000
2561,BIHAR,15,29,6.9,9.2,7.2,8.4,260,478,1.9,2.9,0,0,400,2300,2400,4800
1823,BIHAR,18,30,6,9.4,7.3,8.9,216,480,2,2.8,0,0,1100,3000,2800,5000
1824,BIHAR,14,29,5.6,8.6,6.6,7.6,99.5,480,1.8,3,0,0,700,2200,2800,7000
2559,BIHAR,16,32,6.4,7.6,6.9,7.9,246,538,2.5,2.8,0,0,900,3000,3000,9000
1822,BIHAR,16,33,6.4,6.4,7,7.7,251,845,2.5,18,0,0,2100,5000,4100,16000
1510,HIMACHAL PRADESH,7,20,8.7,9.4,6.3,8.2,49.1,130.3,0.1,1.2,0,0.5,2.0,3.7,3.7,26
2620,HIMACHAL PRADESH,,,7.4,8.7,7.3,8.9,231,635,0.1,2,0,4.5,2.0,12,6.1,38
2626,HIMACHAL PRADESH,13,29,6.6,9,7.5,8.6,248,583,0.1,1.2,0,0.7,6,13,14,24
2627,HIMACHAL PRADESH,15,27,6.2,8.9,7.5,8.5,401,577,0.2,1.4,0,0.7,6.8,13,15,27
2621,HIMACHAL PRADESH,,,7.8,9.2,7.6,8.7,154,630,0.1,3,0,5.1,2.0,8.3,5.5,40
2622,HIMACHAL PRADESH,13,27,6.8,9.2,7.6,8.4,253,1030,0.1,1.2,0.1,0.7,4,13,10,31
2623,HIMACHAL PRADESH,14,28,6.5,8.8,7.6,8.4,252,1080,0.1,1.6,0.2,0.7,4,17,12,32
2617,HIMACHAL PRADESH,8.5,20,8.4,9.5,6.8,8.7,48.7,130,0.1,1.4,0,0.7,2.0,6.8,2,39
2618,HIMACHAL PRADESH,8,21,8,9.2,6.5,8.5,55.1,159,0.1,1.2,0,0.7,2.0,3.6,6,26
2619,HIMACHAL PRADESH,6,20,8.6,9.5,6.9,8.4,65,136,0.1,1.8,0,0.6,2.0,6.8,3.7,32
1357,UTTAR PRADESH,21,29,,,7.3,7.5,635,745,36,48,0,0,15000,15000,21000,21000
2496,UTTAR PRADESH,18,23,,,7.2,7.7,730,970,44,65,3.2,6.5,79000,130000,110000,170000
1358,UTTAR PRADESH,16,26,0,0,6.7,7.5,792,1619,32,78,0.5,162,130000,220000,240000,320000
1356,UTTAR PRADESH,18,34,4.8,7.4,7.8,8.4,211,482,3.1,3.8,0,0,2100,2500,4000,7400
2107,MADHYA PRADESH,21,34,6.4,81,7.6,8.8,196,444,0.5,2.8,0,5.9,,,0,14
2108,MADHYA PRADESH,18,35,6.4,8.4,7.6,8.8,184,400,0.6,2.8,0,4.4,,,0,17
2119,MADHYA PRADESH,,,5.9,7.4,6.8,7.8,264,6516,2.2,20,0,0.1,110,240,210,1600
2121,MADHYA PRADESH,,,6.7,7.8,7.4,8.5,303,544,1.4,2.9,0,2.6,,,110,130
2122,MADHYA PRADESH,,,7.5,7.9,7.4,8.4,279,1402,0.9,2.3,0,0.2,,,70,120
1614,MADHYA PRADESH,,,7,7.9,7.3,8.7,338,512,1.4,2.4,0,2.1,,,2.0,150
2124,MADHYA PRADESH,,,6.4,7.8,7.7,8.5,336,736,1.9,3.9,0,3.6,,,60,220
2125,MADHYA PRADESH,,,6.8,8.1,7.5,8.6,328,642,1.6,3.3,0,0.3,,,70,140
1735,UTTAR PRADESH,19,34,5.9,7.2,7.7,8.9,170,804,3,3.3,0,0,1700,2100,4000,4900
2120,MADHYA PRADESH,,,5.9,8,6.8,8.5,317,937.5,0.4,4.1,0,4.3,12,12,110,220
1142,MADHYA PRADESH,18,30,6.7,8.2,7.4,8.1,215,537,0.9,2.2,0.2,1.4,,,27,70
1371,MADHYA PRADESH,18,31,6.8,7.9,7.3,8.1,212,560,1,2.1,0.4,1.3,,,26,70
1610,MADHYA PRADESH,18,30,6,7.1,6.8,7.8,78,233,0.5,1.6,0,2,,,6,26
3327,MADHYA PRADESH,18,31,3.2,3.8,6.6,8.2,426,1544,1.6,12,0.6,2.9,2,4,40,500
1612,MADHYA PRADESH,18,31,6.8,8.9,7.5,8.1,182,511.3,0.7,1.9,0.2,0.9,,,22,90
3121,BIHAR,16,34,7.2,9.2,7.2,8.6,171,1250,1.8,2.9,0,0,300,2200,1100,5000
3127,BIHAR,22,30,5.2,9,7.5,8.2,161,459,1.8,2.9,0,0,300,3000,1100,5000
3128,BIHAR,18,33,7.1,9.6,7.4,8.5,158,1180,2,2.7,0,0,500,3000,1300,9000
3309,MADHYA PRADESH,26,27,6.9,7.8,7,8.9,550,1460,1.6,6,1,4,6,600,40,1600
3310,MADHYA PRADESH,19,31,6.5,7.6,7.7,8.4,309,1310,1.8,4,0.9,3,4,21,50,500
1365,MADHYA PRADESH,24,28,6.8,7.8,7.2,8.6,320,780,1,2.9,0.6,2.6,7,40,7,300
1366,MADHYA PRADESH,22,28,6.1,7.5,7.3,8.4,927,18620,2.9,56,0.7,7,70,1600,500,1600
2955,RAJASTHAN,18,31,4.6,6.7,7.5,9.8,210,480,0.7,1.7,0.1,1.8,4,7,7,20
1418,MADHYA PRADESH,24,31,7.2,7.9,7.2,8.4,314,520,1.2,2.6,0.1,2,4,22,40,220
1288,RAJASTHAN,19,30,5.5,7.1,7.7,8.8,240,330,0.7,1.1,0.1,1.6,4,4,7,20
1289,RAJASTHAN,19,31,4.5,6.8,7.9,9.1,270,820,0.9,3.1,0.5,1.7,7,28,93,1100
1413,RAJASTHAN,13,34,4.9,6.1,7.9,9,200,680,0.7,2.2,0.2,1.6,7,20,11,150
1609,MADHYA PRADESH,22,28,7.2,9,7.2,8.5,325,970,1.3,2.3,0,2.8,,,,
1615,MADHYA PRADESH,18,26,6.7,8.9,7.1,7.6,395,632,1.8,2.6,0,0,,,,
2126,MADHYA PRADESH,18,32,6.2,8.7,7.4,7.6,322,654,1.9,2.8,0,1.2,11,21,33,280
2954,RAJASTHAN,17,31,5,7.4,8,9,180,720,0.8,1.9,0.4,1.7,4,14,7,150
1607,MADHYA PRADESH,22,29,4.1,8.2,7.2,8.9,410,1148,0.8,6.3,0,2.8,,,,
1367,MADHYA PRADESH,22,29,2.5,4.8,7.1,8.1,936,1580,8,50,1.1,24,27,920,900,1600
1369,MADHYA PRADESH,23,29,2.3,8,7,8.8,474,1700,2.6,16,1.2,5.7,280,800,1600,1600
1370,MADHYA PRADESH,19,29,3.6,8.2,7.6,8.8,397,1484,1.7,14,0,5.4,3,900,350,1600
1468,MADHYA PRADESH,23,30,2.7,8.6,7.1,8.7,482,1610,6,38,1.8,5.4,350,900,,
2953,RAJASTHAN,16,30,4.7,6.3,8,8.8,170,670,0.7,1.8,0.5,1.6,4,7,7,75
2956,RAJASTHAN,16,31,4.6,6.9,8.1,8.9,190,950,0.9,182,0.6,1.8,7,20,11,150
1608,MADHYA PRADESH,22,30,8,10,7.3,8.7,299,920,1.1,1.8,0,2.8,11,11,1211,1211
2117,MADHYA PRADESH,18,33,5.6,6.9,7.3,7.8,428,784,2.1,3.5,1,1.5,6,50,21,350
1433,MADHYA PRADESH,20,32,7.5,8.5,7,8.1,460,1215,1.2,2.5,0,2.8,1100,1100,,
2950,RAJASTHAN,16,25,4.5,7.3,7.5,9,160,770,0.7,1.8,0.8,4.4,4,14,7,150
2952,RAJASTHAN,17,30,1.9,4.2,8.1,9.4,220,2100,3.9,13,1.8,5.5,7,28,75,460
2951,RAJASTHAN,20,34,3.6,6.1,7.8,9.4,210,480,0.7,1.7,0.3,1.7,4,7,4,75
2945,RAJASTHAN,19,31,4.9,5.7,7.6,8.6,180,420,0.9,1.2,0.1,1.6,4,14,7,150
2946,RAJASTHAN,18,31,5.1,6.3,7.6,8.7,190,580,0.9,1.7,0.1,1.7,4,7,7,75
2401,JHARKHAND,27,27,8.5,8.5,6.5,6.5,340,340,2.9,2.9,0,0,,,,
3132,BIHAR,16,35,7.2,8.8,6.9,8.2,242,1030,2,2.9,0,0,500,2600,1400,5000
3135,BIHAR,20,34,7.4,9.1,7.4,8.8,242,391,1.8,2.9,0,0,900,2600,3000,9000
3162,BIHAR,24,35,,,7.2,7.6,927,1400,,,0,0,7,7,14,14
2734,UTTARAKHAND,18,32,5.2,8.2,7.1,7.6,230,374,3,4.6,0,0,,,,
2735,UTTARAKHAND,23,32,0,0.8,6.8,7.6,450,760,38,76,0,0,,,,
2116,MADHYA PRADESH,18,33,6.2,7.6,7.4,7.6,322,789,1.5,2.2,0.7,1.9,6,33,33,280
3308,MADHYA PRADESH,22,29,6.5,7.2,7.7,8.5,300,622,1.2,2,0.5,1.7,,,30,220
3129,BIHAR,15,30,6.5,9.6,7.5,8.2,278,503,2.4,2.8,0,0,800,3000,2200,7000
2378,JHARKHAND,22,34,7,8.6,7.4,7.5,,,1.3,3.9,0,0,,,,
2380,JHARKHAND,22,34,7.4,8,7.2,7.5,,,1.5,3.9,0,0,,,,
2732,UTTARAKHAND,20,32,3.2,8.8,7.3,7.6,248,520,3.2,8.4,0,0,,,,
2733,UTTARAKHAND,19,32,0,8.2,7.3,8.3,430,990,12,80,0,0,,,,
3124,BIHAR,17,33,7.5,8.8,7.2,8.4,251,670,1.7,2.9,0,0,200,2400,3000,9000
3125,BIHAR,17,30,7,9.8,7.3,8.6,233,326,1.8,2.9,0,0,50,2300,1100,4300
3126,BIHAR,16,30,7.2,8.6,7.1,8.3,223,477,1.8,2.8,0,0,300,2300,800,5000
2524,WEST BENGAL,20,32,6,8.3,7.2,8.1,100,172,1.4,4.2,0.1,0.4,1400,22000,11000,90000
1611,MADHYA PRADESH,18,31,7.2,8.8,7.1,8.2,216,542,0.8,2.4,0.2,0.9,,,26,60
3133,BIHAR,20,29,7.5,10,7.7,8.5,298,478,2,2.9,0,0,700,5000,3000,16000
2110,MADHYA PRADESH,22,29,3.4,5.4,7,8.2,904,1516,8,80,2.5,29,24,940,500,1600
2111,MADHYA PRADESH,21,29,3.2,6.2,7.3,8.2,662,1240,4,26,4.9,11,3.5,130,300,1600
2729,UTTARAKHAND,20,32,3.2,5.2,7.3,7.8,510,786,12,28,0,0,,,,
1613,MADHYA PRADESH,,,7.3,8.1,7.4,8.6,214,837,0.8,2.1,0,0.9,,,34,130
2388,JHARKHAND,20,33,7,8.7,7.2,7.5,,,1.1,3.4,0,0,,,,
2389,JHARKHAND,21,33,7,8.6,6.8,7.5,,,1.3,3.6,0,0,,,,
3137,BIHAR,14,35,6.6,8.9,7.2,7.8,227,506,2.2,2.9,0,0,800,2600,2200,5000
2731,UTTARAKHAND,21,32,6.2,6.8,7.2,7.6,280,372,2.4,6.4,0,0,,,,
3315,MADHYA PRADESH,22,31,6.5,8,7.4,8.4,493,1442,1.6,11,0.7,3.3,6,500,27,1600
3316,MADHYA PRADESH,26,27,6.8,7.8,7,8.9,600,1336,2,8,0.5,3.7,14,600,40,1600
3317,MADHYA PRADESH,21,28,5.9,7.8,7.4,8.7,330,982,1.5,4,0.2,2.7,3,30,110,280
1372,MADHYA PRADESH,17,36,5.9,9.6,7.5,8.3,4,4,1.1,5.8,0,0,,,540,4000
3311,MADHYA PRADESH,21,34,6.9,8,7.8,8.4,129,492.6,0.6,1.6,0,0,,,0,29
3326,MADHYA PRADESH,17,28,6,8,7.2,8.3,244,710,1,3.9,0,1.7,2.0,14,0,43
3131,BIHAR,15,32,7,8.6,7,8.6,246,473,2,2.9,0,0,500,2300,1300,5000
2379,JHARKHAND,22,34,3,4.2,6.5,7.8,,,2.2,3.8,0,0,,,,
2736,UTTARAKHAND,26,32,3.4,7.8,7.1,7.5,190,380,2.2,4.8,0,0,,,,
2737,UTTARAKHAND,27,30,5.8,6.8,7.1,7.4,186,340,3,4,0,0,,,,
3319,MADHYA PRADESH,21,28,6,7.4,7.4,8.8,248,930,2,4,0.8,2.8,2,30,60,300
2730,UTTARAKHAND,26,32,4.8,5.8,7.2,8.5,370,780,4,7.2,0,0,,,,
3119,BIHAR,12,30,6.5,9.6,7,8.6,224,632,2.1,3.3,0,0,800,3000,2200,9000
3120,BIHAR,14,32,6.5,10,7.1,8.5,226,575,2,3,0,0,700,2200,1700,7000
3130,BIHAR,16,32,6.9,8,7.1,7.9,275,466,2,2.8,0,0,700,2600,1300,4700
3134,BIHAR,17,36,7,8.6,7.2,7.8,247,633,2,3,0,0,800,2700,2800,5000
3136,BIHAR,16,36,2.8,6.3,7.2,7.8,261,772,2.3,20,0,0,2100,9000,4700,24000
3328,MADHYA PRADESH,17,37,5.8,8.6,6.3,8.2,0.8,1.0,1.1,2.4,0,0,,,26,180
3329,MADHYA PRADESH,20,30,6.7,7.8,7.2,7.7,343,769,1.5,1.9,0.1,1.5,6,14,21,90
1143,MADHYA PRADESH,19,31,6,7.8,7.5,7.8,61,1396,1.5,2.5,0.7,2.8,6,33,33,300
1144,MADHYA PRADESH,17,36,5.7,7.7,6.1,8.6,2,859,1,3.5,0,0,,,34,160
2382,JHARKHAND,26,26,7.2,7.2,7.3,7.3,,,2.8,2.8,0,0,,,,
2383,JHARKHAND,20,28,7.5,7.6,7.4,7.5,,,1.8,1.9,0,0,,,,
2384,JHARKHAND,20,29,7.3,7.6,7.5,7.5,,,2,2.1,0,0,,,,
2391,JHARKHAND,21,26,7.5,7.8,7.5,7.6,,,1.4,1.6,0,0,,,,
1331,WEST BENGAL,20,31,6.3,12,7.4,8.1,163,374,1.1,7.9,0.1,1.2,500,90000,700,160000
1332,WEST BENGAL,21,32,6.6,12,7.1,8.3,179,367,1.1,4.3,0.2,0.7,200,35000,400,160000
1333,WEST BENGAL,22,34,4.7,15,7.1,8.4,312,455,2,8.9,0.3,1,400,22000,2200,90000
1334,WEST BENGAL,21,34,4.9,8.7,7.1,8.4,198,914,1.1,4.7,0.1,1.4,800,24000,1300,90000
1335,WEST BENGAL,23,32,5.4,8.1,7.5,8.2,1397,22600,0.7,4,0.1,0.5,2700,28000,11000,160000
2527,WEST BENGAL,21,36,6.5,11.3,7.4,8.3,176,400,1.2,5.6,0.2,0.9,200,17000,400,160000
2392,JHARKHAND,23,28,7.4,7.7,7.5,7.6,,,1.2,1.4,0,0,,,,
1336,WEST BENGAL,21,31,6,11.8,7.2,8.2,149,290,1,5.7,0.2,1.1,1200,30000,1700,50000
2390,JHARKHAND,27,27,7.7,7.7,7.5,7.5,,,1.3,1.3,0,0,,,,
2509,WEST BENGAL,22,34,5.7,7.9,7.5,8.2,208,5590,0.3,2.2,0.2,0.6,2200,22000,3300,160000
1337,WEST BENGAL,21,32,4.8,8.5,7.8,8.5,372,12200,0.4,2.9,0.2,0.7,5000,30000,8000,160000
2541,WEST BENGAL,22,33,6,9.5,7.2,8.3,128,578,1,4.4,0.1,1.3,100,35000,400,160000
2531,WEST BENGAL,19,36,3,12.4,6.8,8.7,110,1016,2.1,10,0,1.2,1100,35000,1700,160000
2532,WEST BENGAL,19,37,4.8,12.2,6.7,8.8,101,955,2.6,10,0,1.2,800,90000,1300,160000
2508,WEST BENGAL,22,36,4.7,8.3,6.9,8.1,142,1677,0.6,3.8,0.1,0.6,5000,24000,11000,160000
2514,WEST BENGAL,21,34,1.6,9.8,7.1,8.3,244,662,0.8,8.3,0.1,0.9,70000,170000,110000,280000
1764,WEST BENGAL,22,34,1.8,7.3,7.1,8.1,182,693,3.3,10,0.3,1.7,80000,500000,130000,1600000
2518,WEST BENGAL,22,32,0.2,6.8,7.2,8.3,226,691,2,8.3,0.3,1,11000,280000,21000,350000
2517,WEST BENGAL,22,32,0.4,6.3,7.3,8.1,238,685,2.6,7.9,0.1,0.7,22000,220000,33000,280000
2534,WEST BENGAL,20,33,5.1,10.2,6.9,8.2,119,193,1,4.5,0.1,0.9,200,13000,400,24000
2507,WEST BENGAL,24,36,5.6,11.2,6.8,9,128,355,1.6,7.9,0.1,0.5,1700,30000,2600,90000
1946,WEST BENGAL,14,30,3.3,8.7,6.5,7.9,99,202,1.3,6,0.2,0.6,1700,40000,3300,110000
2525,WEST BENGAL,12,34,1.2,6.2,6.8,7.8,102,489,2.4,25,0.2,0.5,50000,1400000,110000,2800000
2572,BIHAR,14,28,6.1,8.5,6.5,7.6,107,425,2,28,0,0,800,3000,2400,9000
2549,WEST BENGAL,21,33,0.4,2.2,7.5,8,601,7917,5,45,0.5,1.2,22000,300000,50000,500000
2550,WEST BENGAL,21,39,0.6,4.1,7.4,8,2416,25160,7,27,0.4,0.9,11000,80000,14000,130000
2381,JHARKHAND,28,28,6.7,6.7,7.3,7.3,,,2.5,2.5,0,0,,,,
1260,ASSAM,19,28,5.8,9,6.8,8.2,76,271,0.5,2.5,0.1,2.1,2.0,1500,910,120000
1030,ASSAM,18,30,6.1,10.5,7.2,8.2,71,260,0.6,2.6,0.1,0.3,300,2000,360,7500
1262,ASSAM,14,28,5.3,7.8,7.1,8,74,156,1,3.9,0.1,0.5,300,1500,910,24000
1526,ASSAM,19,26,6.3,8.4,6.9,8,74,241,0.7,4.8,0.2,1.2,2.0,2000,730,29000
1031,ASSAM,20,32,6.4,7.6,7.1,8.1,66,152,0.8,2.7,0.1,1.5,360,2800,720,29000
2066,ASSAM,21,31,4.7,6.6,6.9,7.9,93,151,1,3,0.1,0.4,360,2100,1500,46000
1299,ASSAM,21,32,5.2,6.3,7.2,8.3,104,183,0.9,2.5,0.1,0.3,300,1500,1400,21000
2069,ASSAM,20,28,6.2,8.2,7.1,8.4,84,153,0.4,2.4,0.1,0.6,300,4300,1500,120000
2064,ASSAM,21,29,5.9,8,6.5,8.1,54,104,0.7,4.7,0.1,2,300,2100,1500,110000
2067,ASSAM,21,34,4.9,8.1,7.2,8.4,88,216,0.6,4.5,0.1,0.6,300,1100,1400,110000
2068,ASSAM,21,27,5.4,5.9,6.8,8.3,54,142,0.7,2.8,0.1,2.7,2.0,2100,730,9300
1259,ASSAM,18,28,5.3,8.4,6.8,8.4,74,171,0.9,2.6,0.1,2.9,73,3400,910,21000
1796,NAGALAND,17,32,0.7,6.8,7,8.4,72.5,634,1,8,0,1.2,,,,
1797,NAGALAND,18,33,0.7,6.7,7,7.8,77.2,258,1,10,0,1.5,,,,
1798,NAGALAND,18,34,0.8,7.5,7,7.7,6,257,0.7,9,0,1.3,,,,
1799,NAGALAND,16,31,0.6,6.6,6.5,7.7,70.3,212,1,8,0,1.6,,,,
1800,NAGALAND,16,32,0.2,4.5,6.5,7.7,91.9,442,3,50,0,12,,,,
1928,NAGALAND,18,33,0.2,5.3,7,8.1,85,436,2,25,0,2.1,,,,
1929,NAGALAND,20,32,0.8,7.1,7.4,9,63.4,149.4,2,7,0,21,,,,
1930,NAGALAND,14,27,1.1,7.2,7.5,9.2,192,624,2,7,0,53,,,,
2240,ASSAM,24,29,5.5,5.9,6.8,7.8,41,170,1.1,4.2,0.1,1.2,300,1100,910,110000
2238,ASSAM,20,30,5,6,7.3,8.3,71,315,0.9,3.5,0.1,1.2,2.0,16000,2.0,7500
1528,ASSAM,20,32,0,0.3,6.9,7.6,238,794,8.2,52,0.8,8.9,720,240000,3500,240000
1527,ASSAM,17,31,4.5,6.2,6.7,8,59,134,1,4.5,0.1,1.1,720,3900,3500,110000
2233,ASSAM,12,32,6.8,8.6,7,8.2,46,109,0.5,2.8,0.1,0.2,2.0,910,700,240000
1423,ASSAM,20,27,5.5,5.9,6.8,8,46,122,0.7,3.5,0.1,2.5,300,2900,910,120000
1422,ASSAM,19,31,4.2,9.5,6.8,7.9,52,219,0.6,4,0.1,1.1,2.0,1000,360,21000
2230,ASSAM,18,29,4.5,8.4,6.8,8.1,56,186,0.6,2.6,0.1,0.8,2.0,910,1000,21000
2062,ASSAM,18,31,6.1,9.2,7.1,8.1,56,186,0.6,3.8,0.1,0.6,300,2000,1400,21000
1529,ASSAM,22,33,3.1,12.2,6.8,8.2,121,294,0.8,11,0.5,1.4,300,2100,730,21000
1530,ASSAM,18,30,3,7.6,6.4,10,43,835,1.2,14,0.1,8,2.0,1400,1500,29000
2231,ASSAM,18,30,4.9,7.9,6.6,7.8,67,208,0.6,3,0.1,0.7,300,7500,1500,110000
1298,ASSAM,17,30,4.8,6.7,6.2,7.9,52,218,0.6,4.2,0.2,4.3,2.0,2800,360,110000
2058,ASSAM,19,28,3.4,8,6.8,8.3,56,171,0.8,2.8,0.1,0.7,2.0,730,1400,21000
2063,ASSAM,15,30,6.5,8.8,7,8.2,44,72,0.4,2.1,0.1,1.1,2.0,720,300,29000
1258,ASSAM,17,30,4.8,7.5,6.4,8.1,36,124,1.1,3.8,0.1,2.1,300,1400,930,110000
2237,ASSAM,21,32,3.6,6.7,6.4,7.7,38,188,0.8,3.7,0.1,4.6,300,24000,2800,240000
2236,ASSAM,20,33,5,8.3,6.3,7.9,54,96,0.8,3.3,0.1,1.1,360,12000,1500,29000
2523,WEST BENGAL,20,34,4.1,8.4,6.7,7.8,52.6,138.5,1,3.3,0,0.5,2100,30000,7000,90000
2061,ASSAM,19,30,5.5,7.9,6.6,8.3,56,156,1,7.2,0.1,3.9,2.0,910,730,3600
2232,ASSAM,19,29,3.9,9.1,6.3,8.2,22,76,0.9,4.4,0.1,2.1,91,2700,2100,21000
2059,ASSAM,20,37,4.6,7.7,6.6,8.4,49,103,0.6,4.3,0.2,3.1,2.0,2800,1500,240000
2229,ASSAM,18,28,6.1,8.5,7.1,8.4,74,273,0.6,2.6,0.1,0.8,2.0,910,360,9300
2242,ASSAM,21,27,5.5,6,6.6,7.9,44,147,0.8,2.7,0.1,3.3,2.0,1400,730,110000
3417,TRIPURA,26,27,5.2,6.2,6.1,7,81.5,127,1.1,2.3,0.2,0.5,200,240,350,350
3418,TRIPURA,26,28,5.5,7,7.2,8.2,91.5,127,1.9,3.5,0.2,0.6,170,280,280,430
3419,TRIPURA,26,28,6.9,8.5,7.2,7.6,91.5,131,1.9,3.6,0.3,0.7,170,350,280,430
2060,ASSAM,22,31,5.6,6.1,7.5,8.5,106,335,0.6,2.5,0.1,1.1,2.0,2000,2.0,3600
1531,ASSAM,19,30,6.5,9,6.5,8.2,81,457,1.1,4.3,0.2,1.2,2.0,3500,360,46000
2065,ASSAM,21,35,5.6,8.1,7.5,8.8,117,250,0.7,8.2,0.1,1.3,2.0,2300,1400,21000
2235,ASSAM,16,27,6.5,8.7,7,8.3,59,89,0.7,3.8,0.1,1,2.0,1500,910,240000
2234,ASSAM,14,30,6.6,8.4,6.9,8.4,60,131,0.4,2.4,0.1,0.8,2.0,910,1000,21000
2239,ASSAM,21,32,4.3,6,6.7,7.9,49,109,0.8,3.3,0.1,1.1,300,1100,720,12000
2241,ASSAM,24,29,5.5,6.1,6.8,7.9,51,117,0.6,4.4,0.1,0.9,300,1500,910,21000
1261,ASSAM,11,28,7.3,9.7,7,8.3,61,109,0.4,1.8,0.1,2,2.0,720,360,4300
1947,WEST BENGAL,11,26,5.6,8.7,6.8,8,48.7,123.3,0.9,3.3,0.1,0.3,2100,14000,2200,90000
1232,RAJASTHAN,21,33,4.1,6.8,7.4,9,210,700,0.8,2.2,0.1,1.7,4,7,7,75
1863,GUJARAT,19,30,5.3,9,6.6,8.5,270,430,0.6,4.8,0,0.5,11,49,33,130
1864,GUJARAT,27,33,6,9,7.3,8.5,307,568,0.9,4.9,0.1,3.9,12,46,47,96
4,GUJARAT,24,30,7.3,9,8,8.6,288,406,0.3,2.8,0,0.3,14,49,49,140
5,GUJARAT,20,29,4.9,9.1,7.3,8.5,269,453,0.6,4.8,0,0.9,11,46,33,120
1229,GUJARAT,29,32,6.2,9,7.3,8.5,298,409,0.1,6.5,0.1,0.9,2,11,11,33
1230,GUJARAT,30,33,5.6,8.9,7.1,8.5,281,436,0.2,7,0,0.5,12,46,47,130
1231,GUJARAT,28,32,3,8.9,7.5,8.5,291,422,0.1,2.6,0,0.5,2,46,11,120
1233,MADHYA PRADESH,23,29,6.9,7.8,7.8,8.3,28,492,1.1,1.4,0.7,1.7,,,40,150
3206,GUJARAT,26,31,6,9,7.5,8.5,282,2612,1,5.9,0.1,0.6,11,27,33,79
3318,MADHYA PRADESH,19,31,6.8,9.5,7.1,8.7,380,532,1.5,2.8,0.7,2.4,4,13,30,300
2102,MADHYA PRADESH,23,31,7,7.6,7.3,8.7,405,790,1.4,2.9,1,2.8,3,13,50,350
2103,MADHYA PRADESH,19,31,6.8,8.1,7.4,8.6,275,510,1.6,2.6,0.7,3.1,3,8,30,170
2104,MADHYA PRADESH,19,30,6,7.6,7.8,8.5,580,1319,2.2,3.5,0.9,3.7,6,900,140,1600
2105,MADHYA PRADESH,21,30,4.8,7.4,7.4,8.8,290,611,1.8,2.9,0.1,2.3,4,50,40,350
1228,GUJARAT,30,32,3.8,8.9,7.5,9,291,607,0.2,4.3,0,0.5,11,26,33,70
1227,GUJARAT,28,32,5.6,9,7.6,8.5,289,427,0.1,2.3,0,0.2,12,46,47,96
3204,GUJARAT,26,30,0.8,2.2,7,8.1,526,1441,2.1,20,0.1,0.3,330,400,1600,2200
3205,GUJARAT,26,30,4.9,9.2,7.8,8.3,234,555,1,6,0,0.4,4,14,21,49
1,GUJARAT,27,33,5.5,8.04,7.7,8.9,250,3137,1.2,76,0,3.9,2,25,10,210
2,GUJARAT,25,29,1.2,7.32,7.5,8,320,1659,1.5,60,0.1,0.3,33,400,430,3500
1221,GUJARAT,25,27,4.1,7.7,7.4,8.5,356,874,1.4,4,0.1,0.2,1.8,14,6.8,120
1223,GUJARAT,26,30,1.1,7.2,7.4,8.4,447,2719,1.6,52,0,0.5,20,260,210,1400
1407,GUJARAT,28,32,5,8.2,7.9,8.5,217,314,0.6,7,0,0.1,4,14,13,70
1408,GUJARAT,28,33,7.1,7.1,7.4,8.8,759,3389,5,68,0.1,0.6,25,630,540,4800
1409,GUJARAT,25,28,3.4,7.2,8.0,8.4,300,597,1.7,28,0.1,0.4,11,26,70,220
1482,GUJARAT,27,29,4,8.8,7.8,8.4,278,427,1.2,3,0,0.1,4,11,21,31
1866,GUJARAT,25,28,4.3,7.6,7.3,8.3,237,401,1.2,2.5,0.1,0.4,11,33,70,350
1437,GUJARAT,30,34,,,7.3,8.3,2205,3840,52,235,0.1,0.9,1300,11000,7900,92000
1224,GUJARAT,27,27,6.6,6.6,8.0,8.0,375,375,1.5,1.5,0.1,0.1,6.1,6.1,26,26
1222,GUJARAT,25,32,1.2,9,7.3,8.1,397,3350,0.9,9,0,0.5,21,46,96,170
1242,MADHYA PRADESH,18,30,6.6,9.6,7.2,7.9,91.2,305,0.6,1.9,0,0.6,,,12,34
3321,MADHYA PRADESH,19,30,7.5,9.6,7.2,8.1,181,522.4,0.8,1.9,0.2,0.8,,,22,50
2118,MADHYA PRADESH,18,30,7.1,8.4,7.3,8,118,482,0.8,1.9,0.4,0.9,,,27,60
1241,MADHYA PRADESH,21,23,7.4,7.8,7.3,8.4,250,619,1.2,1.7,0,1.9,,,20,47
3322,MADHYA PRADESH,20,24,7.4,7.8,7.2,8.4,255,611,1,2,0,1.7,,,15,47
2099,MADHYA PRADESH,21,24,7.3,7.9,7.1,8.3,294,602,1,1.8,0,1.4,,,15,41
3323,MADHYA PRADESH,21,28,7.2,7.9,7.2,8.3,219,727,1.1,2.4,0,2.2,,,21,47
3324,MADHYA PRADESH,20,27,6.9,7.9,7.1,8.8,262,625,1.2,1.7,0,2,,,23,48
3325,MADHYA PRADESH,21,28,6.8,7.9,7.2,8.3,128,793,1.1,2.2,0,3.3,,,21,280
1240,MADHYA PRADESH,19,26,7.3,8,7.2,8.4,216,634,1.2,1.8,0,1.5,,,23,43
1234,MADHYA PRADESH,,,7.2,8.3,8,8.5,256,291,1,1.7,0,0.5,,,34,47
2123,MADHYA PRADESH,,,7.5,8.2,7.8,8.6,196,292,1.1,1.8,0,0.9,,,30,40
44,MADHYA PRADESH,22,28,6.2,7.2,6.7,8.1,265,960,0.5,0.8,0.3,2.4,,,400,1400
1235,MADHYA PRADESH,,,1.3,8.2,8.1,12,213,310,1.1,8,0,0.7,,,34,40
2106,MADHYA PRADESH,21,27,6.8,7.6,7.3,8.2,300,463,1.6,2,0.6,2.1,2,20,30,140
2113,MADHYA PRADESH,21,29,6.8,8,7.5,8.5,217,380,0.6,1.4,0.4,1.1,,,30,40
1430,MADHYA PRADESH,22,29,6.8,7.9,7.3,8.5,263,364,1.1,1.7,0.6,4.9,,,40,50
2112,MADHYA PRADESH,21,29,6.8,8.2,7.6,8.4,260,310,1,1.7,0.5,2.4,,,33,50
45,MADHYA PRADESH,22,26,4.2,4.6,7.5,8,960,1418,,,2.7,4.6,,,400,400
1431,MADHYA PRADESH,19,31,7.1,8.4,7.9,8.5,256,378,0.9,1.4,0,2.5,,,40,50
1239,MADHYA PRADESH,18,30,6.9,8.1,7.6,8.5,256,328,1,1.6,0.6,2.8,,,34,50
7,GUJARAT,26,30,7.1,7.95,7.7,8.4,271,364,0.3,1,0.2,0.3,7.8,22,21,130
1245,GUJARAT,25,30,5.8,8.5,7.1,8.5,218,338,0.4,2.1,0,0.5,11,14,33,49
1244,GUJARAT,26,32,7,8.2,7,8.4,260,720,0.3,1,0.2,0.34,11,33,23,170
1981,GUJARAT,23,30,6.7,7.7,7.5,8.3,253,730,0.7,0.9,0.2,0.5,33,79,70,2100
1243,GUJARAT,26,30,6.5,7.5,7.5,8.4,291,4320,0.9,1.3,0.2,0.3,70,1400,330,28000
3305,MADHYA PRADESH,20,30,7.3,7.9,7.2,8.4,248,618,1.2,2.2,0,1.5,4,6,21,63
1236,MADHYA PRADESH,22,29,6.9,7.9,7.9,8.5,264,468,0.9,1.2,0,2,,,40,90
2100,MADHYA PRADESH,20,25,7.1,7.8,7.1,8.4,223,844,1,2.2,0,2.2,1.4,10,12,210
2101,MADHYA PRADESH,17,28,6.3,7.9,7.1,8.3,256,810,0.6,3.5,0,2,2.0,29,4,84
2114,MADHYA PRADESH,23,28,5.7,6.9,7.2,8.4,310,700,1.5,4,0,4.2,,,70,1403
9,MADHYA PRADESH,18,29,6.6,7.9,7.8,8.0,288,890,1.1,1.4,0.3,2.2,,,40,110
10,MADHYA PRADESH,19,29,6.2,7.6,7.5,8.7,302,1104,1.2,2.9,0.9,5.6,,,110,900
1250,MADHYA PRADESH,19,30,6.4,7.4,7.8,8.7,308,964,1.3,2.8,0.7,4.9,,,140,900
1313,MAHARASHTRA,22,26,5.4,7.2,7.2,8.2,223,1285,2,8,0,1.5,2,4,80,170
1251,MAHARASHTRA,21,25,5.4,7.2,7.1,8,244,1260,2,8,0,1.7,2,4,80,210
1314,MAHARASHTRA,21,22,5.9,7,7.2,8.2,273,951,3,5,0,0.5,2,6,50,500
46,GUJARAT,26,32,7.9,8,7.5,8.6,1153,2776,2,2,0.2,0.09,2,2,18,18
1247,GUJARAT,24,31,2.4,8.8,7.7,8.5,244,431,0.9,1.2,0,0.1,2,542,8,542
47,GUJARAT,22,38,3.9,6.2,7.5,8.5,312,556,3.2,15,0.3,2.9,8,20,35,550
1248,GUJARAT,23,31,5.2,7.8,7.2,8.3,366,580,0.7,1.6,0,0.2,2,5420,2,5420
1982,GUJARAT,24,31,4.8,7.6,7.5,8.3,411,544,0.9,1.6,0,0.4,26,426,212,426
1983,GUJARAT,25,31,5.6,8,7.6,8.4,192,403,0.5,1.2,0,0.1,2,278,9,348
2071,GUJARAT,24,30,2.6,4.3,7.2,7.8,756,40650,1.6,8,0,0.9,5,426,26,542
1252,MAHARASHTRA,20,22,4.4,6.7,7.2,8,282,548,3.6,9,0,0,2,2,110,220
1253,MAHARASHTRA,20,26,4.2,7,7,8.1,260,511,2.4,6.6,0,0,2,2,110,220
1907,MAHARASHTRA,20,21,6.8,7,7.2,7.9,340,579,2.6,5,0,0,4,4,210,240
2070,GUJARAT,27,31,4,8,7.5,8.1,502,8400,0.8,2.9,0,1,2,542,6,542
2115,MADHYA PRADESH,19,30,6.5,7.5,7.7,8.7,272,682,1.2,1.8,0.6,3.4,,,50,300
2127,MADHYA PRADESH,,,6.4,7.9,8,8.5,208,590,1.3,2.2,0,1.1,4,7,90,150
2155,MAHARASHTRA,25,28,5.5,7.4,7,8.9,202,1659,4.5,10,0.1,8.6,49,1600,130,1600
2652,MAHARASHTRA,22,22,7,7,7.4,7.4,560,560,4,4,0,0,4,4,280,280
2658,MAHARASHTRA,23,24,2.9,6.9,7.1,7.6,360,651,2.6,9.2,0,0,2,4,170,280
2659,MAHARASHTRA,23,23,7.1,7.1,7.4,7.4,552,552,3,3,0,0,,,220,220
2666,MAHARASHTRA,22,22,6.8,6.8,7.2,7.2,514,514,4,4,0,0,2,2,280,280
2667,MAHARASHTRA,21,24,3.6,7,7.3,7.8,270,550,3,8.6,0,0,2,2,170,280
2674,MAHARASHTRA,22,23,5.2,6.8,7.4,7.8,260,580,4,8.2,0,0,2,2,130,170
2675,MAHARASHTRA,22,28,2.2,7.6,6.9,8.9,208,3002,3.4,18,0.1,11,23,1600,46,1600
2684,MAHARASHTRA,20,20,5.3,6.9,7,7.8,323,644,3,6,0,0.1,2,4,170,350
2695,MAHARASHTRA,20,41,2.6,7,7.3,8.8,178,1707,3.5,15,0,11,94,900,220,1600
2710,MAHARASHTRA,22,24,5.4,6.7,7.6,7.8,255,710,4,5.6,0,0,2,4,170,240
2718,MAHARASHTRA,21,22,4.9,7,7.1,7.5,286,534,3,7.4,0,0,2,2,110,240
3203,GUJARAT,26,32,4.1,8.8,7.3,8.4,399,1010,0.9,6,0.2,0.5,33,260,110,3300
1851,CHHATTISGARH,24,28,6.2,6.8,7.5,7.7,248,411,2.2,2.6,1,1.2,,,110,350
1264,CHHATTISGARH,24,28,7.2,7.4,7.7,7.9,286,434,2.2,2.3,1.1,2.4,,,110,500
1099,CHHATTISGARH,24,32,6.1,7.7,5.6,7.6,268,512,1.8,2.8,1.1,2.1,,,110,350
1852,CHHATTISGARH,25,28,7.2,7.7,7.4,7.9,322,516,1.9,2.8,1.2,2.4,,,110,300
1100,CHHATTISGARH,21,36,5.5,7.9,7.4,8.5,196,516,1.1,1.3,1.2,2.8,,,540,540
1282,CHHATTISGARH,29,36,6,7,7.5,9,218,380,,,1.3,2.5,,,920,920
1467,CHHATTISGARH,21,36,6,7.6,7.3,10,204,344,1.2,1.4,1.2,2.1,,,350,540
1101,CHHATTISGARH,19,28,6.8,7.4,7.2,7.5,180,212,0.3,2.6,0.1,1.2,,,21,460
3165,CHHATTISGARH,25,26,4.6,5.8,7.1,7.2,,,2.4,7,0.7,0.9,,,,
3168,CHHATTISGARH,25,26,4.2,5.2,7.2,7.2,,,3,8,0.9,1.1,,,,
1281,ODISHA,18,35,5.3,8,7.4,8.3,167,1941,0.5,1.3,0.2,2.1,130,3500,220,9200
1270,ODISHA,17,36,5.6,9.3,7.5,8.3,159,250,0.5,1.7,0.3,1.4,110,160000,490,160000
1271,ODISHA,20,38,4.4,8.7,7.4,8.4,176,1236,1.6,3.6,0.4,3.2,4900,160000,11000,160000
2405,ODISHA,22,39,6.3,9.7,7.4,8.4,164,219.7,0.4,1.6,0.1,1.6,490,54000,1300,54000
1272,ODISHA,23,41,6.6,9.1,7.5,8.5,176,219,0.3,1.3,0,2.5,78,2200,230,5400
1274,ODISHA,23,42,6.2,10.3,7.5,8.4,173,282.6,0.7,2,0.5,5.2,130,4900,700,11000
1275,ODISHA,17,44,6,10.3,7.5,8.4,181,238.1,0.4,1.6,0.1,3.5,13,7900,23,11000
1276,ODISHA,23,42,6.6,8.7,7.3,8.4,131,489,0.4,1.4,0.2,1.8,490,3500,1300,4900
1277,ODISHA,23,40,6.3,9.1,7.2,8.5,157,203,0.5,1.9,0.1,2.3,170,1700,490,5400
1278,ODISHA,22,41,6,8.9,7.4,8.5,140,254.5,1.4,2.5,0.4,2.7,1300,160000,2300,160000
2406,ODISHA,22,38,6.1,8.9,7.5,8.4,136,284,0.5,1.5,0.1,1.4,170,11000,790,17000
2404,ODISHA,17,34,4.9,7.7,7.6,8.3,156,231.1,0.5,1.8,0.4,1.4,490,5400,1100,9200
2407,ODISHA,23,35,6,8.1,7.3,8.3,146,29050,0.4,1.9,0.1,2.3,170,24000,460,35000
1639,ODISHA,24,34,5.6,7.1,7.4,8.2,187,42170,0.8,2.1,0.4,3,20,22000,20,35000
1640,ODISHA,23,33,3.8,9.6,7,8.4,176,255,0.5,1.8,0.1,1.8,330,24000,790,35000
2411,ODISHA,25,40,3.2,7.7,6.6,8.4,216,389,2,5.5,0.7,9.4,22000,160000,35000,160000
1105,CHHATTISGARH,25,27,5.4,7.2,7.1,7.2,,,0.6,3.8,0.3,0.6,,,,
1106,CHHATTISGARH,21,37,6.2,8.2,7.5,8.5,133,288,1.2,1.2,0.7,1.7,,,350,540
3169,CHHATTISGARH,26,26,5.2,6.6,7.1,7.2,,,1.4,3.6,0.5,0.7,,,,
3170,CHHATTISGARH,26,26,6.4,6.8,7.2,7.2,,,0.4,0.8,0.2,0.5,,,,
1267,ODISHA,20,44,6.1,9.3,7.5,8.3,82,171,0.3,1.8,0.2,5.5,130,3500,460,5400
1268,ODISHA,20,43,6.5,9.4,7.4,8.4,99,181,0.3,1.5,0.2,5.4,330,7900,1700,13000
1269,ODISHA,20,42,6.2,9.3,7.2,8.4,103,181,0.7,1.8,0.1,3,330,7000,790,11000
1300,ODISHA,20,43,6.4,9.7,7.2,8.3,100,188,0.1,1.6,0.2,2.8,130,3300,330,4900
2403,ODISHA,18,42,6.3,9,7.5,8.4,127,338,0.1,1.8,0.1,1.8,460,5400,790,9200
1301,ODISHA,22,37,4.5,8.9,6.7,8.4,162,361,1.7,5.8,0.2,11,4900,160000,7000,160000
1265,CHHATTISGARH,26,28,7.4,7.6,7.5,7.8,242,556,2,2.4,0.6,2.2,,,170,300
1846,CHHATTISGARH,,,7,7.8,7.3,7.6,,,1.6,2,0.3,0.6,,,210,2400
1847,CHHATTISGARH,,,6.2,7.8,7.2,7.6,,,1.6,7.2,0.1,0.6,,,210,2400
1853,CHHATTISGARH,24,27,6.2,7.4,7.2,7.8,286,616,2.3,2.6,1.1,2.2,,,220,300
1279,ODISHA,24,41,5.7,9,6.4,8.4,152,251,0.7,1.8,0.2,1.3,4900,54000,7000,54000
1280,ODISHA,25,40,3.1,7.8,6.6,8.1,199,409,2.4,6.7,1.6,12,22000,160000,54000,160000
2410,ODISHA,24,41,7.2,9.8,7,8.4,139,220,0.4,1.5,0.1,0.8,790,9200,1300,17000
1848,CHHATTISGARH,27,27,7.3,7.3,8,8,260,260,,,3.1,3.1,,,,
1849,CHHATTISGARH,19,28,6.7,7.3,7.2,7.5,187,213,0.5,3,0.8,1.2,,,43,460
1850,CHHATTISGARH,19,28,6.5,7.3,7.3,7.7,190,221,1.1,3.8,0.8,1.2,,,75,460
1107,CHHATTISGARH,32,32,6.8,7.6,7.4,7.6,,,1.4,2,0.3,0.5,,,150,2400
1266,CHHATTISGARH,26,29,7.4,7.8,7.5,7.8,294,511,2.2,2.8,1.2,2.4,,,110,300
1845,CHHATTISGARH,,,6.4,7.4,7.4,7.6,,,1.2,2,0.3,0.8,,,110,2400
3166,CHHATTISGARH,,,4.2,8,7.3,7.9,,,1.8,8.4,0.4,0.35,,,210,2400
3167,CHHATTISGARH,23,32,6.7,7.6,7.3,7.6,,,1.4,2.2,0.3,0.6,,,150,2400
2409,ODISHA,22,36,4.9,9,6.9,8.4,152,395,1.4,4.8,0.6,9,2300,160000,4900,160000
2408,ODISHA,22,42,6.4,9.7,7.6,8.4,121,227,0.3,2.4,0,3.9,45,5400,130,5400
1037,ODISHA,13,37,5.8,9,7.1,8.3,94.1,271,0.6,8,0.2,2.8,35,54000,790,92000
1038,ODISHA,17,38,4.2,8.2,6.5,7.9,151,363,2.3,5.8,0.1,29,11000,160000,22000,160000
1302,ODISHA,18,39,4.4,8.3,6.7,7.9,133,286,2,5.4,0.2,14,7900,160000,13000,160000
2414,ODISHA,18,44,6.3,9.7,7.1,8.3,112,319,0.5,2.5,0.2,4.3,68,13000,170,17000
1039,ODISHA,20,44,6.2,9.9,7.1,8.1,93.2,281.7,0.5,1.8,0.2,3.8,230,13000,20,17000
1040,ODISHA,22,42,6.3,8.7,7.2,8.2,88,169.3,0.3,1.8,0.2,1.3,45,5400,170,9200
1041,ODISHA,22,41,5.8,9.7,7.2,9,103,205,0.4,1.4,0.3,10,78,3500,230,9200
1303,ODISHA,22,42,6.3,9.1,7.7,8.3,115,163,0.5,1.8,0.2,3.1,130,7900,490,17000
2415,ODISHA,22,42,6.2,9.7,7.6,8.3,117,198,0.3,1.7,0.2,3,78,4900,170,7900
2416,ODISHA,21,40,4,8.2,7.3,8.4,151,240,0.6,1.7,0.2,5.5,330,7900,1300,13000
1042,ODISHA,21,42,5.6,8.6,7.6,8.4,133,358,0.7,2.5,0.3,3.6,330,17000,2400,22000
2417,ODISHA,19,43,6.3,9.5,7.7,8.4,141,285,0.8,2.3,0.2,3.8,1300,54000,2300,92000
1043,ODISHA,20,40,5.8,9.8,6.7,8.4,111,267,0.5,1.6,0.1,3.6,130,17000,330,22000
2418,ODISHA,20,41,6.2,9.2,6.9,8.5,138,3170,0.6,1.8,0.1,4.7,130,13000,330,22000
1044,ODISHA,24,37,6.2,9.7,7.6,8.5,130,237.3,0.6,1.7,0.2,1.5,78,7000,230,9400
1045,ODISHA,26,41,6,10.3,7.6,8.4,147,264,0.2,2.9,0.2,2.7,490,24000,790,35000
1035,JHARKHAND,18,35,8.1,8.5,7.2,7.4,,,2.3,2.5,0,0,200,230,1200,1500
2419,ODISHA,25,37,5.7,8.4,7.1,8.4,129,193.5,0.4,1.6,0.1,2.3,330,3300,490,7900
2420,ODISHA,23,41,5.9,9.7,7.1,8.3,133,337,0.4,1.3,0.3,2.8,790,92000,2200,92000
1033,JHARKHAND,18,32,8,8.6,6.8,7.5,,,2.3,2.6,0,0,150,230,930,1200
1036,JHARKHAND,25,40,6.8,8.4,7.4,7.9,254,392,0.2,0.8,0,3.6,,,,
2376,JHARKHAND,18,38,7.4,8.6,7.3,7.5,,,2.5,2.8,0,0,150,200,930,1200
2377,JHARKHAND,19,37,7.1,8.6,7.2,7.5,,,2.6,2.9,0,0,230,230,1200,1500
2413,ODISHA,12,39,5.8,8.3,7.2,8.2,122,267,0.5,2.9,0.1,4.6,330,24000,790,35000
1034,JHARKHAND,19,36,8.3,8.6,7.2,7.5,,,2.1,2.4,0,0,110,200,750,1200
1081,ODISHA,18,38,5.6,8.5,7.1,8.3,103,183,0.3,2,0.1,5,330,5400,790,16000
1082,ODISHA,13,38,6.2,8.6,7.5,8.4,127,300,0.3,1.5,0.2,5.6,490,24000,1300,35000
1083,ODISHA,23,37,5.4,8.8,7.4,8.3,126,230,0.8,2.5,0.1,1.9,1400,17000,2100,24000
1084,ODISHA,23,40,5,7.8,7.2,8.3,155,39160,0.5,1.7,0.5,3.4,3300,24000,1600,35000
1085,ODISHA,23,33,5,6.5,7.1,8.2,1698,50910,0.8,2.7,0.3,3.3,45,16000,230,160000
2421,ODISHA,13,34,6.1,9.5,7.8,8.4,161,326,0.3,1.4,0.1,1.5,490,24000,1300,35000
1641,ODISHA,21,34,5.6,8.8,7.8,8.5,123,363,0.6,1.9,0.1,1.1,330,4900,490,7900
2399,JHARKHAND,19,30,6.8,8.8,7.2,7.7,170,232,0.2,0.4,0,2.4,,,,
48,JHARKHAND,24,35,6.7,8.2,7.4,8.4,174,248,2,2.6,0,0.4,,,,
24,JHARKHAND,22,38,5.4,7.2,6.5,7.8,262,411,1.8,3.8,0,6.8,,,,
49,JHARKHAND,26,32,3.7,6.5,7.4,8.2,270,394,0.8,1.4,0.9,1.8,,,,
2387,JHARKHAND,20,36,7,8.2,7.2,7.7,202,319,0.2,0.4,0.9,2.8,,,,
23,JHARKHAND,15,33,4.9,7.8,6.6,7.5,,,1.3,3.4,0,0,200,230,1200,1500
2385,JHARKHAND,17,33,5.3,6.9,6.4,7.5,,,3.1,3.4,0,0,150,230,930,1200
2386,JHARKHAND,15,35,7.2,8.3,7.4,7.7,,,2.4,2.8,0,0,200,230,1200,1500
2395,JHARKHAND,17,32,8.2,8.5,7.3,7.9,,,2.1,3,0,0,150,230,930,1500
2397,JHARKHAND,15,30,8.1,8.6,7.3,7.5,,,2.5,2.9,0,0,200,230,1200,1500
2396,JHARKHAND,17,32,5.9,7.2,6.5,7.6,,,2.9,3.3,0,0,200,230,1200,1500
1312,MAHARASHTRA,20,24,6.1,7.8,7.2,9,274,980,2,6,0,0.6,2,6,130,240
2177,MAHARASHTRA,20,34,5.4,7,7.2,8.2,238,988,2,12,0,1.4,2,4,90,240
2182,MAHARASHTRA,20,35,5.1,7.1,7.2,8.1,150,522,2,5.6,0,3.1,2,10,80,280
2179,MAHARASHTRA,20,32,4.7,7.5,7.2,8.1,262,709,2,16,0,1.8,2,8.2,40,280
2183,MAHARASHTRA,20,34,5.8,7.6,7.1,8.2,139,587,2.4,5,0,3.9,2,4,60,220
2181,MAHARASHTRA,20,34,4.2,6.8,7.3,8.2,251,749,3,8,0,2,2,10,80,350
2180,MAHARASHTRA,20,34,5.2,7,7.3,8.4,259,739,3,7,0,1.5,2,9.2,40,280
1096,MAHARASHTRA,20,33,5.2,7.1,7.1,8.2,149,1045,2,10,0,1.6,2,12,70,350
1211,MAHARASHTRA,20,33,4,7,7.4,8,278,806,2.6,12,0,1.1,2,17,40,500
1095,MAHARASHTRA,20,34,5.4,7.1,7.1,7.9,147,841,2,8,0,2.7,2,9.3,40,170
2160,MAHARASHTRA,20,23,6.8,7.4,7.6,8.7,299,1084,2,5,0.1,0.3,2,6,110,240
2158,MAHARASHTRA,20,24,6.6,7.6,7.7,8.8,301,1709,3,5,0,0.8,2,4,110,170
2159,MAHARASHTRA,20,23,6.7,7.4,7.7,9,294,2404,2,6,0,0.4,2,6,110,240
2161,MAHARASHTRA,23,33,5.8,7.2,7.5,8.4,141,1196,3,8,0,0.8,2,6,130,240
12,,16,25,6.9,7.2,7.4,8.3,263,1532,2,4,0,0.4,2,4,110,220
1210,MAHARASHTRA,20,28,6.2,7.6,7.3,8.6,289,1186,2,7,0,1.5,2,6,110,240
1209,MAHARASHTRA,22,30,5.8,7.5,7.6,8.5,282,1194,2,7,0,1.2,2,6,130,240
2157,MAHARASHTRA,20,26,6.2,7.8,7.9,8.3,309,446,3,7,0,0.6,2,6,130,240
2360,TELANGANA,20,26,6.1,8.2,7.2,8.5,340,601,2,3,1.2,6.1,5,32,90,198
2361,TELANGANA,22,27,4.5,6,7,8.6,275,488,2,5,0,2.6,50,90,300,600
2362,TELANGANA,18,29,4,5.9,7.6,8.7,288,589,3,7,0,3.5,90,120,395,450
2366,TELANGANA,19,27,5.2,6.2,7.1,8.6,230,695,2,3,0,1,81,130,180,340
2363,TELANGANA,26,29,4.1,5.8,7.1,8.8,410,788,4,6,0,6,110,158,620,800
2364,TELANGANA,25,27,4.3,7.2,7.5,8.8,289,466,2.8,6,0,2.8,88,110,389,470
2356,TELANGANA,26,28,4.5,5.8,7.5,8.7,357,656,3,21.4,0,3.7,78,150,352,800
2365,TELANGANA,18,26,5.5,6.8,6.8,8.5,210,487,1,4,0,0.9,78,125,150,370
13,TELANGANA,25,28,4.8,6,7.3,8.6,290,465,2,4,0,6.1,60,120,350,450
2367,TELANGANA,18,27,4.9,6.5,7.3,8.5,217,420,2,7,0,12,30,80,180,320
2368,TELANGANA,18,28,4,6.9,7.2,8.1,224,636,2,8,0,2.2,32,75,288,340
2369,TELANGANA,17,27,3.7,6.9,7.3,8.1,277,824,3,9,0,15,41,85,289,370
3080,TELANGANA,18,28,4.9,6.6,7.1,8.5,200,615,2,3,0,16,10,46,30,470
3081,TELANGANA,18,26,4.6,6.4,7.2,8.6,431,660,2,18,0,15,15,40,45,185
14,ANDHRA PRADESH,25,28,5.6,6.4,6.6,7.8,150,375,1.2,2.8,0.4,1.1,3,45,9,2400
1218,ANDHRA PRADESH,25,28,5.6,6.6,6.7,7.9,179,398,1.2,3.1,0.5,1.9,3,49,7,3200
2371,ANDHRA PRADESH,25,32,5.8,6.4,5.7,7.5,217,363,1.5,3,0.6,2.5,9,28,28,1100
1219,ANDHRA PRADESH,25,31,5.9,7,5.9,7.6,217,302,1.2,2.8,0.3,1.8,9,23,93,460
2370,ANDHRA PRADESH,24,31,5.2,6.5,5.8,7.7,223,381,1,3.4,0.8,2.8,4,23,39,460
1854,CHHATTISGARH,18,27,7.6,7.8,7.6,7.9,,,1,1.6,0,0,,,,
1856,CHHATTISGARH,18,27,7.3,7.9,7.5,7.8,,,1,2.4,0,0,,,,
2373,TELANGANA,19,30,5.4,7,7.2,8.1,82,203,0,1,0,0.7,8,30,25,70
2374,TELANGANA,26,29,5.2,8.6,7.4,8.3,522,1823,2,26,1,59,21,31,50,125
2375,TELANGANA,26,29,5.5,8.3,7.4,7.9,1120,2031,2.6,10,1.8,11,25,50,25,260
1781,TELANGANA,25,29,6.2,8.6,7.5,8.4,466,624,2,3,1,6,8,30,78,100
1157,TELANGANA,26,29,6.5,8,7.8,8.5,283,356,2.4,3,0.6,8,2,5,20,200
2657,MAHARASHTRA,25,32,6.9,7.1,8.2,8.4,333,549,3,5,0.3,0.4,2,4,130,220
1215,TELANGANA,18,26,5.5,6.2,7.1,8.2,235,422,2,6,0,8.3,48,90,187,250
1158,TELANGANA,26,26,5.5,6,7.9,8.7,340,520,2,20,2,4,,,40,50
2719,MAHARASHTRA,18,41,6,7,7,8.7,212,1009,5.4,9.2,0,10,,,,
2720,MAHARASHTRA,18,41,6.2,7.8,7,8.7,211,850,3,6.4,0.1,11,,,,
2721,MAHARASHTRA,16,41,6,7.8,6.6,8.7,247,832,4.4,6.8,0.2,10,,,,
2174,MAHARASHTRA,20,41,6,7.7,6.8,8.7,248,1264,5.6,10,0,11,,,,
2156,MAHARASHTRA,18,40,5.6,7.6,7,8.6,245,944,4,11,0,10,,,,
1212,MAHARASHTRA,20,41,4.5,7.4,7.2,8.8,311,1832,3.4,12,1.8,12,,,,
1213,MADHYA PRADESH,19,24,7,7.8,7.2,8.8,346,1149,1.6,2.6,0,2.3,,,23,240
1214,MADHYA PRADESH,15,30,6.9,7.2,7.5,8,628,916,2.1,2.8,1.3,1.9,,,0,43
1910,MAHARASHTRA,17,40,5.2,7.4,6.7,8,364,1345,3.8,10,0.3,12,13,240,48,1600
2173,MAHARASHTRA,12,45,5.6,8.5,6.8,8.8,221,606,2.5,6.4,0,3.6,17,170,33,500
2172,MAHARASHTRA,12,45,4.6,7,6.8,8,234,668,5,13,0,5.7,22,350,70,900
2175,MAHARASHTRA,20,41,6.1,7.8,7,8.7,252,1262,3.6,6.6,0,11,,,,
2176,MAHARASHTRA,20,41,5.4,7.3,7,8.7,250,1150,4.6,9.8,0,11,,,,
11,MAHARASHTRA,20,41,6.4,7.7,7,8.7,328,1021,2,6.8,0,10,,,,
3330,MADHYA PRADESH,19,24,7,7.7,7.4,8.3,262,834,1,3.2,0,1.8,0,6,15,70
3331,MADHYA PRADESH,19,24,6.3,7.5,7.4,8.4,282,910,1.2,3.2,0,2.1,10,10,15,84
1908,MAHARASHTRA,25,41,5.6,8.2,7,8.1,274,792,3,9,0.3,3.4,23,500,43,900
1909,MAHARASHTRA,19,42,4.8,8.4,6.5,8,244,1352,4.9,9.8,0.5,6.5,49,280,110,900
2170,MAHARASHTRA,25,41,5.5,8.1,7,8,255,680,3,9.8,0.4,5.7,11,300,17,900
2171,MAHARASHTRA,25,41,5.1,8.1,6.7,8,257,644,3.4,16,0.3,6,13,500,26,900
3312,MADHYA PRADESH,16,30,6.9,7.2,7.4,8.2,400,840,2.1,3.2,0,1.4,0,0,15,64
1913,MAHARASHTRA,23,39,5.5,8.5,7,8.2,239,1422,3.2,7.8,0.1,8.6,33,280,110,500
1315,MAHARASHTRA,22,43,3.1,7.6,6.9,8.1,220,1325,3.5,14,0,6,33,500,120,930
2372,TELANGANA,16,26,4,6.5,7.1,8.6,274,498,2,6,0,1.9,15,40,35,130
2673,MAHARASHTRA,19,22,6.9,7.2,7.5,8.3,309,972,3,4,0,0.4,2,4,110,220
2660,MAHARASHTRA,20,33,6.2,7.1,7.1,7.7,147,974,2,5,0,0.1,2,6,80,170
2661,MAHARASHTRA,20,33,6.2,7.5,7,8,177,711,2,5,0,0.1,2,6.1,50,240
2662,MAHARASHTRA,20,33,6.4,7.5,7.2,7.9,166,666,2,6,0,0.2,2,6.8,70,210
2663,MAHARASHTRA,20,33,4.2,7.1,7.3,7.8,129,563,2,6,0,1.2,2,11,50,280
2664,MAHARASHTRA,20,36,5.4,7.5,7.2,8.1,286,508,2,7,0,1.1,2,4,70,220
2697,MAHARASHTRA,19,41,6,7.8,7,8.8,249,946,3,8.6,0.1,11,,,,
2698,MAHARASHTRA,19,41,6,7.7,7,8.7,246,1045,3,9,0,10,,,,
2699,MAHARASHTRA,20,41,2.5,6.9,7,7.9,290,2438,3,13,0,9.5,10.8,240,46,540
2722,MAHARASHTRA,19,42,5.7,7.8,6.9,8,239,1345,3,8.2,0.1,6.3,17,170,33,500
2723,MAHARASHTRA,20,44,4.3,7,6.7,8.2,280,1310,5,14,0.5,6,21,220,63,900
1194,MAHARASHTRA,20,29,4.1,7.2,7.1,8.4,72.2,146,2.1,5.8,0,1.8,2,20,10,50
1153,MAHARASHTRA,21,26,4.8,7.4,7.1,8,134,588,2,3.2,0.3,2.9,,,,
36,MAHARASHTRA,23,29,2.5,6.82,6.9,8.3,76.3,326,2,8.8,0.1,1.2,8,40,70,1600
1906,MAHARASHTRA,20,30,5.2,7.3,7.1,8,127,775,2,3,0.2,2.2,,,,
37,MAHARASHTRA,20,28,5.8,7.1,6.8,7.6,198,780,2,2.6,0.2,2.1,,,,
1310,MAHARASHTRA,21,26,4.2,7,6.8,8,147,719,2,3.4,0.1,2.7,,,,
2187,MAHARASHTRA,21,26,2.6,7.2,7.5,8.4,194,707,2.1,14,0.2,3.2,12,250,50,550
2188,MAHARASHTRA,22,28,3.4,6.9,7.4,8.5,194,499,2.8,12,0.2,3.3,11,17,95,350
2190,MAHARASHTRA,23,29,3.7,6.9,7.1,8.2,129,468,2,10,0.2,2.3,11,35,70,1800
1182,KARNATAKA,23,30,6.5,8.4,7.2,8.1,66,1700,0.4,5.6,0.4,13,130,900,170,9000
1889,KARNATAKA,23,29,5.9,9.2,7.1,8.1,0.2,1620,0.7,5.6,0.5,5.6,50,1100,170,1600
1181,KARNATAKA,24,41,4.8,9.9,7.5,8.4,380,950,0.5,3.3,0.4,3,16,900,31,1800
1028,KARNATAKA,26,29,7,7.2,7.9,8.7,342,925,2,3,0,0.3,140,600,500,3200
1170,KARNATAKA,27,32,6.8,8.4,7,8.6,418,1572,2,3.5,0,0.3,240,900,900,1600
2781,KARNATAKA,24,41,5.1,9.9,7.5,8.4,440,1720,0.4,3,0.4,2.5,16,900,22,1800
1784,TELANGANA,18,28,4,6.6,7.3,8.3,304,804,2,4,0,0.8,9,25,58,200
39,TELANGANA,24,27,4.0,6.8,7.5,8.2,306,1270,2,6,0.1,0.8,8,35,68,200
1175,ANDHRA PRADESH,22,25,4.9,6.6,7.8,8.2,391,901,1,3,0.9,1.6,10,100,400,1600
1465,TELANGANA,21,27,5.7,8.8,7.4,8.6,420,1821,1.8,4,1.2,30,2,175,30,940
1786,ANDHRA PRADESH,24,29,5.8,7.1,6.5,8.6,322,2260,0.5,0.8,0.2,3.7,,,400,1100
1787,ANDHRA PRADESH,18,22,5.8,7.1,6.2,8.3,361,720,0.5,1,0,1.7,4,4,400,1600
25,ANDHRA PRADESH,22,28,6.2,7.2,6.7,8.1,265,960,0.5,0.8,0.3,2.4,,,400,1400
1782,ANDHRA PRADESH,22,28,4.2,5.9,7.1,7.9,9730,34700,0.5,1.8,0.2,3.2,,,800,1700
3083,ANDHRA PRADESH,24,29,5.1,6.5,7.7,8.2,393,936,1,3.2,1.1,1.7,10,100,400,1700
1311,MAHARASHTRA,20,26,4,7.1,7.2,7.9,150,406,2,5.8,0.1,5,,,,
2163,MAHARASHTRA,21,26,4.8,7.2,6.8,8,144,784,2,5.2,0.1,3,,,,
1904,MAHARASHTRA,18,26,4.5,7,6.9,8.1,106,485,2,3.2,0.1,2.8,,,,
1905,MAHARASHTRA,19,26,4.7,6.9,6.8,8.1,126,398,2,5.2,0.1,3,,,,
1189,MAHARASHTRA,23,29,2.7,6.3,6.9,8.1,246,626,2.9,30,0.2,2.7,25,1600,275,1800
2655,MAHARASHTRA,21,37,2.9,7.1,7.2,8.5,175,733,3.1,9.2,0.2,4.5,2.0,20,6,400
2656,MAHARASHTRA,23,30,2.9,6.2,7.2,8.4,182,1497,3.2,8.6,0,6.4,2,2,9,50
1190,MAHARASHTRA,25,30,0.8,6,6.8,8.1,173,743,3.6,44,0,3.2,14,1800,175,1800
1191,MAHARASHTRA,21,30,2.2,6.3,7.1,8.3,179,1890,2.8,18,0,7.9,35,80,225,500
1192,MAHARASHTRA,22,30,1.3,6.4,7.1,8.8,143,1875,4.1,22,0,6.7,40,45,500,550
1188,MAHARASHTRA,22,30,5.1,6.1,7.7,8.7,563,1700,3,8,0.2,2,11,70,35,550
28,MAHARASHTRA,22,38,3.9,6.2,7.5,8.5,559,1880,3.2,15,0.3,2.9,8,20,35,550
1183,KARNATAKA,28,29,5.9,6.9,8.3,8.6,381,715,2.8,3.3,0,0,34,300,130,350
1184,KARNATAKA,28,29,6,6.9,7.9,8.5,417,738,3.8,4.6,0,0,33,200,40,200
1888,KARNATAKA,29,29,5.9,6.8,7.9,8.6,419,729,2.4,4.4,0,0,80,900,170,1600
1167,KARNATAKA,27,33,6.5,7.8,7.8,8.4,268,1817,2,3,0,0.3,240,1500,900,8000
1185,KARNATAKA,23,36,5.2,7.9,7.5,8.3,280,1300,0.6,35,0.3,3.6,240,1400,300,1700
1163,KARNATAKA,24,29,4.4,9,6.8,7.6,250,1420,0.2,260,0.5,2,170,900,220,1600
1187,KARNATAKA,22,31,6.4,8.9,7.1,8.1,130,600,0.3,17,0.2,1.1,30,1000,50,1800
1164,KARNATAKA,26,36,6.7,10.7,7.4,8.5,200,580,0.2,2.9,0,2,80,1700,130,2200
1186,KARNATAKA,23,33,5.9,8.9,7.4,8.1,400,1300,1.1,7.9,0,2.8,140,900,280,1600
2764,KARNATAKA,24,30,6.3,8.9,7.3,7.9,370,1800,0.8,7.3,0.1,2.4,500,900,900,1600
38,KARNATAKA,24,31,6,7.6,7.3,7.8,110,400,2,4,0.1,0.3,140,900,350,2400
1029,KARNATAKA,6.3,31,6.3,8.2,7.4,8,128,580,2.3,5,0.1,0.5,100,1300,300,2800
29,KARNATAKA,24,35,6.7,8.2,7.4,8.4,396,1406,2,2.6,0,0.4,240,1600,900,1600
1785,ANDHRA PRADESH,23,28,5.6,6.4,7.8,8.3,562,1369,1.2,3,1.1,1.9,20,100,400,650
1174,ANDHRA PRADESH,23,28,5.4,6.2,7.8,8.2,569,1583,1.3,3.2,1.1,1.7,16,100,460,700
2766,KARNATAKA,24,31,6.2,8.4,7.2,7.8,143,490,2,2.7,0.1,0.3,80,900,240,1600
2767,KARNATAKA,24,31,6.1,8.3,7.2,7.9,132,430,2,3,0.1,0.3,80,1300,230,2200
2768,KARNATAKA,25,33,4.6,7.5,6.8,8,248,1670,4,19,0.3,1.1,900,1700,2200,3500
2769,KARNATAKA,25,33,4.8,7,7.1,7.9,182,760,2.8,9,0.2,0.8,540,2800,1600,9000
2770,KARNATAKA,25,32,5.5,8.9,7.1,8.2,150,850,3,8,0.3,0.7,800,10000,1700,32000
1168,KARNATAKA,24,33,6.1,7.4,7.1,8.2,130,430,3,4.3,0.1,0.4,1300,90000,2800,160000
1895,KARNATAKA,25,29,5.9,7,7.8,8.4,336,600,1.7,4.6,0,0,8,900,27,1600
1896,KARNATAKA,23,32,6.2,8,7.3,8.2,167,262,2.2,4,0.1,0.3,700,3000,1400,35000
1091,KARNATAKA,17,29,5.2,6.11,7,8.2,140,720,1,2,0,0.6,220,630,1100,2200
1387,KARNATAKA,24,33,4.9,7.6,7,7.8,148,315,2.7,7.8,0.1,0.3,800,6000,2200,18000
1169,KARNATAKA,22,35,5.2,8,6.7,8.2,162,310,2.5,5.5,0.1,0.3,700,5500,1400,12500
2765,KARNATAKA,24,30,6,7.9,7,8.2,118,280,2,3,0,0.3,110,300,280,900
2771,KARNATAKA,16,28,5.3,6.2,7,8.1,120,570,1,2,0,0.3,140,460,920,1700
1172,TELANGANA,24,29,3.5,5.6,7.4,8.3,344,622,2,4,0,4.1,22,135,70,950
1173,TELANGANA,24,29,1,4.2,7,7.9,1056,1602,6.2,34,0,4,95,125,50,1380
2339,TELANGANA,24,29,1,2,7.1,7.9,1068,1566,6.2,54,0,4.1,45,235,870,2100
3082,TELANGANA,21,27,3.5,8,7.2,9.3,185,2535,2,4,0.9,35,10,40,20,870
1178,ANDHRA PRADESH,24,27,6.4,7.1,6.5,8.1,467,1440,0.6,2.1,0.3,2.5,,,400,1100
1177,TELANGANA,23,26,6.2,6.8,6.5,7.8,345,731,0.5,0.8,0.3,2.4,,,400,800
2777,KARNATAKA,26,29,5.9,7,7.9,8.4,332,610,1.9,4.5,0,0,27,1600,35,1600
2349,TELANGANA,24,28,2.5,6.5,7.1,8.4,922,2305,2,24,1,59,5,50,42,1000
2350,ANDHRA PRADESH,22,29,1.7,2.3,7.7,8.1,2110,3060,0.5,1,2.1,5.3,,,16,20
2763,KARNATAKA,25,37,6,8.1,7.3,8.3,280,2100,0.6,34,0,1.6,110,900,140,1600
2195,MAHARASHTRA,24,30,1.1,6,7.1,8.7,142,1645,3,35,0,2.7,40,50,350,425
2682,MAHARASHTRA,24,30,3.5,6.9,7.3,9,119,1012,2.1,25,0.3,1.8,30,95,350,1600
1463,MAHARASHTRA,22,30,1.9,7,7.2,9,87.5,916,2,13,0.2,1.4,20,35,225,350
2681,MAHARASHTRA,23,30,1.8,5.9,7.6,8.8,293,3630,3.2,20,0.2,2.9,20,35,70,425
2683,MAHARASHTRA,21,29,2.7,7.1,6.9,8.2,65.5,475,2,24,0.2,2.6,11,25,50,300
2186,MAHARASHTRA,22,28,3.9,7,7.5,8.4,131,970,2.1,6.5,0.2,3.9,7,35,40,175
2716,MAHARASHTRA,18,24,4.6,7.1,6.8,8,27.5,603,2,4.8,0.2,0.8,5,25,25,900
2717,MAHARASHTRA,20,25,4,6.9,7.4,8.4,192,495,2,13,0.2,3.6,5,900,50,1600
2189,MAHARASHTRA,23,29,2.4,7,7,8.1,74.1,186,2,8.6,0,1.6,12,45,130,1800
2194,MAHARASHTRA,20,30,0.6,5.7,6.8,8.1,176,782,3.8,35,0.2,3.4,17,900,130,1800
2193,MAHARASHTRA,20,30,1.4,6.2,7,8.3,175,1030,3.6,33,0.2,2.7,12,50,170,1600
2192,MAHARASHTRA,23,30,0.3,6.3,6.9,8.1,179,699,2.8,22,0.1,3.1,14,425,110,1800
2677,MAHARASHTRA,21,37,2.4,5.8,7.1,8.3,147,807,3.4,14,0.2,11,7,20,40,95
2191,MAHARASHTRA,25,30,2,5.9,7,8,179,592,3.6,46,0.1,3.8,17,350,130,1800
2678,MAHARASHTRA,25,30,0.5,6,7,8,220,590,3.8,43,0.1,8,20,1800,140,1800
2679,MAHARASHTRA,25,37,2.6,5.4,7,8,218,563,6.2,42,0.2,3.4,110,350,1800,1800
2680,MAHARASHTRA,22,38,5.5,7.3,7,8.2,78.1,165,2.2,4.2,0,0.6,,,4,30
2196,MAHARASHTRA,20,32,0.9,5.9,6.9,8.2,285,754,3.4,24,0.2,2.2,50,350,160,1600
2690,MAHARASHTRA,22,30,0.5,6.1,7.1,8.3,286,752,3,22,0.2,2.9,65,275,900,1800
2691,MAHARASHTRA,22,30,0.8,5.9,7,8.4,281,736,4.4,22,0.2,3.8,80,550,1600,1800
2692,MAHARASHTRA,20,32,1.2,6.2,6.7,8.6,133,684,2,16,0.2,2.1,,,9,20
2693,MAHARASHTRA,21,32,1.1,5.9,6.8,8.3,144,699,3.6,20,0.4,2.6,24,110,900,900
2694,MAHARASHTRA,20,32,0.5,6,7,8.2,273,761,3,22,0.1,3.2,120,120,900,900
2197,MAHARASHTRA,21,37,0.9,6,7,8.4,128,619,2.8,41,0.1,3.3,35,40,550,900
2668,MAHARASHTRA,21,28,1.3,6.2,7.2,8.4,196,590,3.2,19,0,3.6,30,35,550,550
2669,MAHARASHTRA,21,35,2.6,6.3,7,8.4,189,644,2.8,13,0.2,2.5,20,25,170,550
1911,MAHARASHTRA,22,38,4.2,6.9,7.7,8.5,560,3270,2.6,7.5,0.2,1.5,7,225,35,1600
1912,MAHARASHTRA,22,38,1.2,6.2,7.5,8.5,563,1704,3.4,9.5,0.2,1.7,11,275,70,1800
2665,MAHARASHTRA,22,25,3.8,5.5,7.4,8.6,162,953,4,8.6,0.4,5.4,,,,
2705,MAHARASHTRA,22,22,5.7,6.1,7.6,8.1,335,992,3.2,4,0.2,2.8,11,40,35,900
2711,MAHARASHTRA,23,27,2.5,6.4,7.1,8.3,162,499,2.5,9.5,0.2,1.7,5,45,30,175
2715,MAHARASHTRA,20,28,0.8,5.2,7.3,8.4,174,1940,4.5,30,0.4,8.3,30,30,350,350
2776,KARNATAKA,24,35,6.6,7.4,7.5,8.4,291,1045,2,2.8,0,0.3,240,1200,900,6400
1255,ANDHRA PRADESH,22,27,3.9,4.8,7.9,8.1,804,1312,0.5,1,1.1,1.7,,,16,22
1256,ANDHRA PRADESH,27,32,3.6,6.6,7.6,8.3,643,1620,0.8,1.5,1,1.8,20,100,16,600
1257,ANDHRA PRADESH,26,28,5.9,7.1,6.4,8.4,542,1668,0.5,0.8,0,3.8,,,400,1100
30,ANDHRA PRADESH,26,32,3.7,6.5,7.4,8.2,637,1380,0.8,1.4,0.9,1.8,22,100,16,500
2351,ANDHRA PRADESH,22,29,3.7,5.9,7.8,8.2,529,1291,1.5,3.5,0.7,1.9,20,100,500,800
1198,KARNATAKA,20,32,5.7,8,6.9,8.5,58,190,0.9,1.8,0,0.4,78,430,91,580
1195,KARNATAKA,21,32,6.3,8.4,6.8,8.5,72,396,1,2.4,0.1,0.4,110,700,940,1700
33,KARNATAKA,23,28,5.2,7.8,8,8.5,126,312,1.3,2.6,0.1,0.4,120,630,630,1700
34,KARNATAKA,25,31,5.5,8,7.8,8.5,194,486,1.2,3,0.2,0.9,130,1300,840,3500
1171,KARNATAKA,24,28,4.2,7,7.6,8.5,166,366,2.4,3.6,0.1,0.4,700,2400,3100,6300
1386,KARNATAKA,23,28,5.2,8.4,7.9,8.5,136,328,1,2.7,0.1,0.4,170,940,200,1700
2773,KARNATAKA,20,32,4.8,7.9,7.3,8.5,192,454,1.1,3.3,0.2,1.6,140,2500,680,3100
2774,KARNATAKA,22,27,5.5,8.4,7.8,8.5,140,410,1.1,3,0.1,0.4,92,2400,490,2800
50,TAMIL NADU,29,32,5.7,8.4,7.5,8.8,475,1000,0.8,3,0,0.8,170,2100,390,3200
1322,TAMIL NADU,27,33,1.8,7,7.1,8.3,308,684,1.1,5.4,0,0.6,170,2100,400,4600
51,TAMIL NADU,25,33,5.4,7.5,7.3,8.7,330,855,2.0,6.2,0.2,0.4,210,2200,430,4900
1320,TAMIL NADU,26,34,0.6,7.2,7.1,8.6,290,1140,1.2,6,0,0.5,330,3500,480,9200
1323,TAMIL NADU,25,32,5.7,7.7,7.1,9,350,930,1,2.6,0,0.5,210,1400,400,2200
3015,TAMIL NADU,26,28,5.1,7.4,7.3,9.3,320,992,1,2.5,0,0.3,93,940,190,2200
1324,TAMIL NADU,25,32,4.5,6.9,7,8.8,415,999,0.6,4.2,0,0.6,170,1700,390,2800
1451,TAMIL NADU,27,30,5.5,7.7,7.8,9.4,330,998,1,2.4,0,0.5,78,940,170,2200
31,TAMIL NADU,29,32,5.7,8.4,7.5,8.8,475,1000,0.8,3,0,0.8,170,2100,390,3200
3016,TAMIL NADU,27,30,6.5,8.3,7.8,8.6,540,880,0.4,2.9,0,1.1,170,1400,390,3500
1202,TAMIL NADU,27,29,6,8.2,7.8,8.7,345,700,0.5,3.5,0,1,110,3100,260,4600
1325,TAMIL NADU,26,28,2.2,7.9,7.3,8.8,420,1500,0.7,9.6,0,1.5,260,49000,380,79000
1203,TAMIL NADU,25,27,3.6,8,7.4,8.8,540,1190,1,6.8,0,1.3,170,9400,340,14000
1206,TAMIL NADU,25,30,5.4,7.2,7.1,8.9,382,800,0.6,3.6,0,0.8,210,1300,14,1700
3018,TAMIL NADU,24,24,8.2,8.2,8.9,8.9,540,540,1.9,1.9,0.3,0.3,1100,1100,1700,1700
3012,TAMIL NADU,26,33,4,7.5,7.1,8.7,369,625,1.1,5.8,0,1.1,220,4600,400,7000
3013,TAMIL NADU,26,36,4.7,8.3,7.2,9,298,535,1.3,4.4,0,0.9,210,1100,430,1700
3014,TAMIL NADU,26,33,4.1,8.4,7.1,8.6,299,620,0.9,3.1,0,0.5,170,2100,390,3900
3017,TAMIL NADU,25,32,5.4,7.4,7.5,8.7,420,715,1.1,2.8,0,0.8,170,1100,390,1700
1326,TAMIL NADU,28,30,4,7.6,7.2,9.2,29440,47600,1,17,0,0.3,78,790,340,1400
1327,TAMIL NADU,28,30,4.1,8.2,7.2,8.6,857,45400,1.4,16,0,0.2,68,700,210,1200
1892,KARNATAKA,27,33,6.2,6.7,6.7,7.8,78,136,1,1,0,2.3,13,130,32,350
1893,KARNATAKA,26,31,4.1,8.2,7.3,8.7,310,900,1,4,0,0.3,210,2100,1100,5400
1199,KARNATAKA,25,32,5.1,10.8,7.3,8.2,110,370,1,2,0,0.2,210,940,1100,2800
1200,KARNATAKA,29,33,5.6,9.2,6.6,8.7,186,481,2,4,0.5,1.7,460,109000,1090,345000
1166,KARNATAKA,23,28,2,6.5,8.2,8.5,512,992,2,6.8,0.1,1.1,330,1700,2200,7000
1165,KARNATAKA,25,36,1.2,4,7,8.2,1162,1540,6,14,0.7,20,17500,17200000,34500,34800000
2778,KARNATAKA,19,31,3.4,7.3,7.4,8.1,986,1414,4,9,1,14,9400,760000,17500,1770000
1196,KARNATAKA,20,32,1.5,5.7,7.3,8.4,112,1272,3,9,0.3,2.3,320,2600,1700,8400
2772,KARNATAKA,22,32,4,8,7.8,8.5,104,868,1,5.1,0.1,1.1,110,3500,630,4300
1207,KERALA,26,30,6,7.6,6.8,7.5,47,129,0.3,0.8,0,1.3,32,122,60,140
1197,KARNATAKA,20,30,4.6,7.9,7,8.5,96,536,1,3.9,0.1,0.6,120,460,840,1700
41,KARNATAKA,27,27,,,6.7,7.5,118,122,1,1,0,0.5,28,34,52,60
1445,KARNATAKA,20,31,4.6,8,7.9,8.5,110,236,1.1,2.9,0.1,0.4,270,1500,380,2100
2775,KARNATAKA,21,31,3,8.4,7.1,8.5,120,290,2,5.7,0.1,0.5,260,6300,1700,7900
1208,KERALA,25,32,6.2,9.2,6.2,8.6,47,460,0.4,1.9,0.2,1.7,0,100,0,170
1201,TAMIL NADU,25,27,5,7.6,6.4,7.8,69,490,0.8,2.4,0,1.6,130,790,210,1300
1204,TAMIL NADU,25,27,6,8,6.7,8,96,270,0.5,2,0,1.3,78,1100,170,1700
1321,TAMIL NADU,23,34,5.5,7.8,6.9,8.4,140,280,1.2,2.7,0,0.8,68,580,170,1200
1205,TAMIL NADU,26,34,4.8,7.6,7,8.5,310,770,0.4,2.4,0,1.6,130,1200,260,2200
3019,TAMIL NADU,24,33,4.8,7.7,6.8,8.1,145,285,0.7,6.6,0,1.3,120,1100,240,1700
1319,TAMIL NADU,24,27,6.1,8,6.9,8.1,140,630,1,2.2,0,0.7,170,700,400,1100
3020,TAMIL NADU,27,33,4.5,6.7,7.2,8.2,285,540,1,2.4,0,1,460,700,630,1100
3021,TAMIL NADU,27,33,5.9,7.6,7.6,8.5,290,530,0.6,1.7,0,1.1,490,790,840,1400
3024,TAMIL NADU,25,31,3.5,5.4,6.6,8.4,1900,3890,7.8,78,0,2.2,4900,5400000,9400,9400000
3022,TAMIL NADU,25,30,,,6.2,8.1,2130,2690,11,190,0,2,17000,54000000,26000,92000000
3023,TAMIL NADU,27,34,2.1,2.1,6.4,8.1,1520,3500,22,675,0,2.7,210000,54000000,320000,92000000
